"Count","Tradelist Count","Name","Edition","Condition","Language","Foil","Tags","Last Modified","Collector Number","Alter","Proxy","Purchase Price"
"1","1","Abrade","2xm","Near Mint","English","","","2026-08-02 17:59:49.867000","114","False","False",""
"1","1","Abrade","soc","Near Mint","English","","","2026-05-03 23:10:23.627000","234","False","False",""
"1","1","Abstract Performance","soc","Near Mint","English","","","2026-05-03 23:10:23.627000","17","False","False",""
"1","1","Abundant Countryside","ecc","Near Mint","English","","","2026-08-02 17:58:36.490000","22","False","False",""
"1","1","Abundant Growth","ecc","Near Mint","English","","","2026-08-02 17:58:36.490000","97","False","False",""
"1","1","Academy Manufactor","blc","Near Mint","English","","","2026-05-03 23:10:57.657000","264","False","False",""
"1","1","Action News Crew","tmt","Near Mint","English","","","2026-05-14 23:46:10.743000","1","False","False","0.03"
"2","2","Action News Crew","tmt","Near Mint","English","","","2026-07-13 23:12:52.803000","1","False","False","0.02"
"1","1","Adamant Will","fdn","Near Mint","English","","","2026-05-03 23:09:59.423000","488","False","False",""
"1","1","Adarkar Wastes","eoc","Near Mint","English","","","2026-05-03 23:09:49.723000","147","False","False",""
"1","1","Additive Evolution","sos","Near Mint","English","","","2026-07-22 22:57:50.160000","139","False","False","0.07"
"1","1","Aether Gale","soc","Near Mint","English","","","2026-05-03 23:10:23.627000","186","False","False",""
"1","1","Aether Syphon","dft","Near Mint","English","","","2026-05-03 23:08:48.333000","38","False","False","0.12"
"1","1","Afflicted Deserter // Werewolf Ransacker","dka","Near Mint","English","","","2026-08-02 17:59:49.867000","81","False","False",""
"1","1","Aggressive Mammoth","fdn","Near Mint","English","","","2026-05-03 23:09:59.423000","551","False","False",""
"1","1","Aisha of Sparks and Smoke","slx","Near Mint","English","","","2026-05-27 15:24:38.060000","12","False","False","0.44"
"1","1","Ajani, Outland Chaperone","ecl","Near Mint","English","","","2026-05-30 18:24:46.773000","4","False","False","1.95"
"1","1","Ajani's Pridemate","fdn","Near Mint","English","","","2026-05-03 23:09:59.423000","135","False","False",""
"1","1","Alania, Divergent Storm","blb","Near Mint","English","","","2026-05-03 23:10:15.600000","204","False","False",""
"3","3","Alania's Pathmaker","blb","Near Mint","English","","","2026-05-03 23:10:15.600000","123","False","False",""
"1","1","Alania's Pathmaker","blb","Near Mint","English","","","2026-08-02 17:45:48.183000","123","False","False","0.07"
"1","1","Alibou, Ancient Witness","eoc","Near Mint","English","","","2026-05-03 23:09:49.723000","113","False","False",""
"1","1","All-Fates Scroll","eoe","Near Mint","English","","","2026-06-30 23:34:55.230000","234","False","False","0.20"
"1","1","Alpharael, Dreaming Acolyte","eoe","Near Mint","English","","","2026-06-05 12:15:46.160000","212","False","False","0.06"
"1","1","Amy Rose","sld","Near Mint","English","","","2026-05-03 23:10:41.487000","2083","False","False",""
"1","1","Ancestor Dragon","fdn","Near Mint","English","","","2026-05-03 23:09:59.423000","489","False","False",""
"1","1","Anchovy & Banana Pizza","tmt","Near Mint","English","","","2026-07-13 23:12:52.803000","57","False","False","0.08"
"1","1","Ancient Den","eoc","Near Mint","English","","","2026-05-03 23:09:49.723000","148","False","False",""
"1","1","Ancient Grudge","plst","Near Mint","English","","","2026-08-02 17:59:49.867000","MM3-88","False","False",""
"1","1","Ancient Ziggurat","ecc","Near Mint","English","","","2026-08-02 17:58:36.490000","144","False","False",""
"1","1","Angel of the Ruins","eoc","Near Mint","English","","","2026-05-03 23:09:49.723000","63","False","False",""
"1","1","Angelic Edict","fdn","Near Mint","English","","","2026-05-03 23:09:59.423000","490","False","False",""
"1","1","Anticipate","iko","Near Mint","English","foil","","2026-05-30 18:24:46.773000","40","False","False","0.12"
"1","1","Apostle of Invasion","one","Near Mint","English","","","2026-05-27 15:24:38.060000","3","False","False","0.09"
"1","1","April O'Neil, Kunoichi Trainee","tmt","Near Mint","English","foil","","2026-07-13 23:07:19.073000","3","False","False","0.10"
"1","1","April O'Neil, Kunoichi Trainee","tmt","Near Mint","English","","","2026-07-13 23:12:52.803000","3","False","False","0.04"
"1","1","April, Reporter of the Weird","tmt","Near Mint","English","","","2026-07-13 23:07:19.073000","30","False","False","0.11"
"1","1","Arasta of the Endless Web","blc","Near Mint","English","","","2026-05-03 23:10:57.657000","205","False","False",""
"1","1","Arcane Denial","soc","Near Mint","English","","","2026-05-03 23:10:23.627000","187","False","False",""
"1","1","Arcane Epiphany","fdn","Near Mint","English","","","2026-05-03 23:09:59.423000","29","False","False",""
"1","1","Arcane Signet","soc","Near Mint","English","","","2026-05-03 23:10:23.627000","127","False","False",""
"1","1","Arcane Signet","ecc","Near Mint","English","","","2026-08-02 17:58:36.490000","55","False","False",""
"1","1","Arcane Signet","eoc","Near Mint","English","","","2026-05-03 23:09:49.723000","53","False","False",""
"1","1","Arcane Signet","blc","Near Mint","English","","","2026-05-03 23:10:57.657000","127","False","False",""
"1","1","Archaic's Agony","sos","Near Mint","English","","","2026-07-22 22:57:50.160000","107","False","False","0.09"
"1","1","Archmage Emeritus","soc","Near Mint","English","","","2026-05-03 23:10:23.627000","188","False","False",""
"1","1","Arlinn Kord // Arlinn, Embraced by the Moon","plst","Near Mint","English","","","2026-08-02 17:59:49.867000","SOI-243","False","False",""
"1","1","Arlinn, the Pack's Hope // Arlinn, the Moon's Fury","mid","Near Mint","English","","","2026-08-02 17:59:49.867000","279","False","False",""
"1","1","Arlinn, Voice of the Pack","war","Near Mint","English","","","2026-08-02 17:59:49.867000","150","False","False",""
"1","1","Arnyn, Deathbloom Botanist","sos","Near Mint","English","","","2026-07-22 22:57:50.160000","74","False","False","0.25"
"1","1","Ascendant Dustspeaker","sos","Near Mint","English","","","2026-07-22 22:57:50.160000","8","False","False","0.06"
"1","1","Ascendant Packleader","vow","Near Mint","English","","","2026-08-02 17:59:49.867000","186","False","False",""
"1","1","Ashe, Princess of Dalmasca","fin","Near Mint","English","","","2026-07-13 23:07:19.073000","7","False","False","0.14"
"1","1","Ashling, the Limitless","ecc","Near Mint","English","foil","","2026-08-02 17:58:36.490000","1","False","False",""
"1","1","Astral Cornucopia","eoc","Near Mint","English","","","2026-05-03 23:09:49.723000","131","False","False",""
"2","2","Attercop","hob","Near Mint","English","","","2026-08-09 20:07:25.990000","116","False","False","0.18"
"1","1","Attercop","hob","Near Mint","English","foil","","2026-08-09 20:07:25.990000","116","False","False","0.19"
"1","1","Auntie's Sentence","ecl","Near Mint","English","","","2026-05-30 18:24:46.773000","85","False","False","0.08"
"1","1","Auntie's Sentence","ecl","Near Mint","English","","","2026-05-23 19:17:58.147000","85","False","False","0.11"
"1","1","Auspicious Starrix","iko","Near Mint","English","","","2026-05-23 19:17:58.147000","294","False","False","0.29"
"1","1","Autarch Mammoth","dft","Near Mint","English","","","2026-05-03 23:08:48.333000","153","False","False","0.10"
"1","1","Auxiliary Boosters","eoe","Near Mint","English","","","2026-06-30 23:34:55.230000","5","False","False","0.05"
"1","1","Avenger of Zendikar","ecc","Near Mint","English","","","2026-08-02 17:58:36.490000","98","False","False",""
"1","1","Avishkar Raceway","dft","Near Mint","English","","","2026-05-03 23:08:48.333000","249","False","False","0.09"
"1","1","Azog, Moria's Ruin","hob","Near Mint","English","","","2026-08-09 20:07:34.537000","61","False","False","0.63"
"2","2","Bakersbane Duo","blb","Near Mint","English","","","2026-07-22 22:57:50.160000","163","False","False","0.09"
"1","1","Bakersbane Duo","blb","Near Mint","English","","","2026-08-02 17:45:48.183000","163","False","False","0.10"
"1","1","Bane of Progress","ecc","Near Mint","English","","","2026-08-02 17:58:36.490000","99","False","False",""
"1","1","Baneblade Scoundrel // Baneclaw Marauder","mid","Near Mint","English","","","2026-08-02 17:45:48.183000","85","False","False","0.05"
"1","1","Banishing Light","blb","Near Mint","English","","","2026-07-22 22:57:50.160000","1","False","False","0.10"
"1","1","Banishing Light","eoe","Near Mint","English","foil","","2026-06-05 12:15:46.160000","6","False","False","0.02"
"1","1","Banishing Light","eoe","Near Mint","English","","","2026-06-30 23:34:55.230000","6","False","False","0.06"
"1","1","Bard the Bowman","hob","Near Mint","English","","","2026-08-09 20:07:25.990000","145","False","False","0.16"
"1","1","Bard's Company","hob","Near Mint","English","","","2026-08-09 20:07:25.990000","146","False","False","0.02"
"1","1","Barkform Harvester","blb","Near Mint","English","","","2026-07-22 22:57:50.160000","243","False","False","0.15"
"1","1","Barkform Harvester","blb","Near Mint","English","","","2026-05-14 23:46:10.743000","243","False","False","0.13"
"1","1","Barkform Harvester","blb","Near Mint","English","","","2026-08-02 17:45:48.183000","243","False","False","0.16"
"1","1","Barren Moor","blc","Near Mint","English","","","2026-05-03 23:10:57.657000","292","False","False",""
"1","1","Bastion of Remembrance","blc","Near Mint","English","","","2026-05-03 23:10:57.657000","179","False","False",""
"1","1","Battlefield Forge","eoc","Near Mint","English","","","2026-05-03 23:09:49.723000","58","False","False",""
"1","1","Battle-Rattle Shaman","fdn","Near Mint","English","","","2026-05-03 23:09:59.423000","533","False","False",""
"1","1","Bear","thob","Near Mint","English","","","2026-08-09 20:07:25.990000","7","False","False",""
"1","1","Bear Cub","fdn","Near Mint","English","","","2026-05-03 23:09:59.423000","552","False","False",""
"1","1","Beast-Kin Ranger","fdn","Near Mint","English","","","2026-05-03 23:09:59.423000","100","False","False",""
"1","1","Beastmaster Ascension","blc","Near Mint","English","","","2026-05-03 23:10:57.657000","118","False","False",""
"1","1","Bebop, Warthog Warrior","tmt","Near Mint","English","foil","","2026-07-13 23:07:19.073000","59","False","False","0.16"
"2","2","Bebop, Warthog Warrior","tmt","Near Mint","English","","","2026-07-13 23:07:19.073000","59","False","False","0.07"
"1","1","Beledros Witherbloom","blc","Near Mint","English","","","2026-05-03 23:10:57.657000","247","False","False",""
"1","1","Belladonna Took","hob","Near Mint","English","foil","","2026-08-19 19:31:09.600000","4","False","False",""
"2","2","Belladonna Took","hob","Near Mint","English","","","2026-08-09 20:07:25.990000","4","False","False","2.02"
"3","3","Bellowing Crier","blb","Near Mint","English","","","2026-05-03 23:10:15.600000","42","False","False",""
"1","1","Belonging","ecc","Near Mint","English","","","2026-08-02 17:58:36.490000","5","False","False",""
"1","1","Beorn the Fierce","hob","Near Mint","English","","","2026-08-09 20:07:25.990000","119","False","False","7.77"
"2","2","Beorn, Reluctant Host // Till and Tend","hob","Near Mint","English","","","2026-08-09 20:07:25.990000","118","False","False","0.07"
"1","1","Berta, Wise Extrapolator","sos","Near Mint","English","","","2026-07-22 22:57:50.160000","175","False","False","0.22"
"1","1","Big Score","soc","Near Mint","English","","","2026-05-03 23:10:23.627000","237","False","False",""
"1","1","Bigfin Bouncer","fdn","Near Mint","English","","","2026-05-03 23:09:59.423000","31","False","False",""
"2","2","Bilbo Baggins, Burglar // Take a Glance","hob","Near Mint","English","","","2026-08-09 20:07:25.990000","34","False","False","0.15"
"3","3","Bilbo's Deadly Slice","hob","Near Mint","English","","","2026-08-09 20:07:34.537000","62","False","False","0.16"
"1","1","Bilious Skulldweller","one","Near Mint","English","","","2026-05-27 15:24:38.060000","83","False","False","0.14"
"1","1","Binding the Old Gods","blc","Near Mint","English","","","2026-05-03 23:10:57.657000","248","False","False",""
"1","1","Biogenic Upgrade","fdn","Near Mint","English","","","2026-05-03 23:09:59.423000","553","False","False",""
"1","1","Bishop's Soldier","fdn","Near Mint","English","","","2026-05-03 23:09:59.423000","491","False","False",""
"1","1","Bite Down","dmu","Near Mint","English","","","2026-08-02 17:59:49.867000","155","False","False",""
"1","1","Bite Down","fdn","Near Mint","English","","","2026-05-03 23:09:59.423000","212","False","False",""
"1","1","Blasphemous Act","soc","Near Mint","English","","","2026-05-03 23:10:23.627000","238","False","False",""
"1","1","Blasphemous Act","ecc","Near Mint","English","","","2026-08-02 17:58:36.490000","89","False","False",""
"1","1","Blightbelly Rat","one","Near Mint","English","","","2026-05-27 15:24:38.060000","289","False","False","0.07"
"1","1","Blood Curdle","plst","Near Mint","English","","","2026-08-20 10:56:00.677000","IKO-75","False","False",""
"1","1","Bloodtithe Collector","fdn","Near Mint","English","","","2026-05-03 23:09:59.423000","516","False","False",""
"1","1","Blooming Blast","blb","Near Mint","English","","","2026-07-22 22:57:50.160000","126","False","False","0.11"
"1","1","Blossoming Sands","iko","Near Mint","English","","","2026-05-23 19:17:58.147000","244","False","False","0.07"
"4","4","Blossoming Sands","blb","Near Mint","English","","","2026-05-03 23:10:07.997000","396","False","False",""
"1","1","Bofur, Reliable Guardian // Concerted Care","hob","Near Mint","English","","","2026-08-09 20:07:25.990000","6","False","False","0.18"
"1","1","Bogslither's Embrace","ecl","Near Mint","English","","","2026-05-03 23:08:48.333000","94","False","False","0.08"
"1","1","Bogwater Lumaret","sos","Near Mint","English","","","2026-07-22 22:57:50.160000","177","False","False","0.10"
"1","1","Bojuka Bog","blc","Near Mint","English","","","2026-05-03 23:10:57.657000","294","False","False",""
"1","1","Bolg's Company","hob","Near Mint","English","","","2026-08-09 20:07:25.990000","149","False","False","0.15"
"1","1","Bombard","eoe","Near Mint","English","","","2026-06-05 12:15:46.160000","129","False","False","0.04"
"2","2","Bonebind Orator","blb","Near Mint","English","","","2026-08-02 17:45:48.183000","84","False","False","0.08"
"1","1","Bonebind Orator","blb","Near Mint","English","","","2026-05-14 23:46:10.743000","84","False","False","0.07"
"1","1","Bonepicker Skirge","one","Near Mint","English","","","2026-05-27 15:24:38.060000","86","False","False","0.07"
"1","1","Boneyard Lurker","iko","Near Mint","English","","","2026-05-30 18:24:46.773000","298","False","False","0.26"
"1","1","Boon of the Wish-Giver","iko","Near Mint","English","foil","","2026-05-30 18:24:46.773000","43","False","False","0.53"
"1","1","Bothersome Noisemaker","hob","Near Mint","English","","","2026-08-09 20:07:25.990000","89","False","False","0.13"
"3","3","Boughside Wanderers","hob","Near Mint","English","","","2026-08-09 20:07:25.990000","121","False","False","0.48"
"1","1","Brambleback Brute","ecl","Near Mint","English","","","2026-05-23 19:17:58.147000","128","False","False","0.04"
"1","1","Brambleback Brute","ecl","Near Mint","English","","","2026-05-30 18:24:46.773000","128","False","False","0.09"
"1","1","Brave-Kin Duo","blb","Near Mint","English","foil","","2026-08-02 17:45:48.183000","3","False","False","0.11"
"2","2","Brave-Kin Duo","blb","Near Mint","English","","","2026-08-02 17:45:48.183000","3","False","False","0.06"
"1","1","Brazen Borrower // Petty Theft","soc","Near Mint","English","","","2026-05-03 23:10:23.627000","190","False","False",""
"1","1","Breakneck Rider // Neck Breaker","soi","Near Mint","English","","","2026-08-02 17:59:49.867000","147","False","False",""
"1","1","Bria, Riptide Rogue","blb","Near Mint","English","foil","","2026-05-03 23:10:15.600000","379","False","False",""
"1","1","Brilliance Unleashed","tmt","Near Mint","English","","","2026-07-13 23:07:19.073000","141","False","False","0.02"
"1","1","Brineborn Cutthroat","fdn","Near Mint","English","","","2026-05-03 23:09:59.423000","152","False","False",""
"1","1","Bristling Backwoods","otj","Near Mint","English","","","2026-08-03 09:37:46.710000","253","False","False",""
"1","1","Broken Wings","fdn","Near Mint","English","","","2026-05-03 23:09:59.423000","214","False","False",""
"1","1","Brudiclad, Telchor Engineer","soc","Near Mint","English","","","2026-05-03 23:10:23.627000","299","False","False",""
"1","1","Builder's Talent","blb","Near Mint","English","","","2026-08-02 17:45:48.183000","5","False","False","0.06"
"1","1","Bulwark Ox","dft","Near Mint","English","","","2026-05-03 23:08:48.333000","7","False","False","0.26"
"1","1","Bumbleflower's Sharepot","blb","Near Mint","English","","","2026-05-14 23:46:10.743000","244","False","False","0.13"
"1","1","Buried Ruin","eoc","Near Mint","English","","","2026-05-03 23:09:49.723000","150","False","False",""
"1","1","Burly Breaker // Dire-Strain Demolisher","mid","Near Mint","English","","","2026-08-02 17:45:48.183000","299","False","False","0.07"
"1","1","Burn, Burn, Tree and Fern","hob","Near Mint","English","foil","","2026-08-09 20:07:25.990000","90","False","False","0.23"
"2","2","Burn, Burn, Tree and Fern","hob","Near Mint","English","","","2026-08-09 20:07:34.537000","90","False","False","0.17"
"1","1","Burrog Befuddler","fdn","Near Mint","English","","","2026-05-03 23:09:59.423000","504","False","False",""
"2","2","Burrowguard Mentor","blb","Near Mint","English","","","2026-05-03 23:10:07.997000","206","False","False",""
"1","1","Buzz Bots","tmt","Near Mint","English","","","2026-07-13 23:07:19.073000","32","False","False","0.06"
"1","1","Buzz Bots","tmt","Near Mint","English","","","2026-05-14 23:46:10.743000","32","False","False","0.11"
"1","1","Byrke, Long Ear of the Law","blb","Near Mint","English","foil","","2026-05-03 23:10:07.997000","380","False","False",""
"1","1","Cache Grab","blb","Near Mint","English","","","2026-05-03 23:10:57.657000","167","False","False",""
"1","1","Caelorna, Coral Tyrant","dft","Near Mint","English","","","2026-05-03 23:08:48.333000","40","False","False","0.19"
"1","1","Caldaia Strongarm","snc","Near Mint","English","","","2026-05-23 19:17:58.147000","138","False","False","0.07"
"1","1","Cancel","fdn","Near Mint","English","","","2026-05-03 23:09:59.423000","505","False","False",""
"1","1","Candlegrove Witch","mid","Near Mint","English","","","2026-08-02 17:45:48.183000","287","False","False","0.07"
"1","1","Candlelit Cavalry","mid","Near Mint","English","foil","","2026-08-02 17:45:48.183000","175","False","False","0.06"
"1","1","Cankerbloom","one","Near Mint","English","","","2026-05-27 15:24:38.060000","294","False","False","0.26"
"1","1","Canyon Vaulter","dft","Near Mint","English","","","2026-05-03 23:08:48.333000","8","False","False","0.11"
"1","1","Carnelian Orb of Dragonkind","fdn","Near Mint","English","","","2026-05-03 23:09:59.423000","534","False","False",""
"2","2","Carrot Cake","blb","Near Mint","English","","","2026-05-03 23:10:07.997000","7","False","False",""
"1","1","Cascade Bluffs","soc","Near Mint","English","","","2026-05-03 23:10:23.627000","364","False","False",""
"1","1","Cascade Bluffs","eoc","Near Mint","English","","","2026-05-03 23:09:49.723000","153","False","False",""
"1","1","Casualties of War","blc","Near Mint","English","","","2026-05-03 23:10:57.657000","125","False","False",""
"1","1","Cavalier of Thorns","ecc","Near Mint","English","","","2026-08-02 17:58:36.490000","100","False","False",""
"1","1","Cavern Whisperer","iko","Near Mint","English","","","2026-05-23 19:17:58.147000","287","False","False","0.08"
"1","1","Cemetery Recruitment","fdn","Near Mint","English","","","2026-05-03 23:09:59.423000","517","False","False",""
"1","1","Chain Reaction","eoc","Near Mint","English","","","2026-05-03 23:09:49.723000","87","False","False",""
"1","1","Chain Reaction","soc","Near Mint","English","","","2026-05-03 23:10:23.627000","121","False","False",""
"1","1","Chaos Spewer","ecl","Near Mint","English","","","2026-05-03 23:08:48.333000","210","False","False","0.06"
"1","1","Chaos Warp","soc","Near Mint","English","","","2026-05-03 23:10:23.627000","239","False","False",""
"1","1","Chaos Warp","plst","Near Mint","English","","","2026-08-02 17:59:49.867000","C17-131","False","False",""
"1","1","Chaos Warp","eoc","Near Mint","English","","","2026-05-03 23:09:49.723000","49","False","False",""
"2","2","Charmed Sleep","blb","Near Mint","English","","","2026-05-03 23:10:15.600000","388","False","False",""
"1","1","Chatterfang, Squirrel General","blc","Near Mint","English","","","2026-05-03 23:10:57.657000","209","False","False",""
"1","1","Chatterstorm","blc","Near Mint","English","","","2026-05-03 23:10:57.657000","210","False","False",""
"1","1","Child of the Pack // Savage Packmate","vow","Near Mint","English","","","2026-08-02 17:59:49.867000","234","False","False",""
"1","1","Chitin Gravestalker","dft","Near Mint","English","","","2026-05-03 23:08:48.333000","79","False","False","0.14"
"1","1","Chitinous Graspling","ecl","Near Mint","English","","","2026-05-23 19:17:58.147000","211","False","False","0.23"
"1","1","Chittering Skitterling","one","Near Mint","English","","","2026-05-27 15:24:38.060000","87","False","False","0.07"
"1","1","Chittering Witch","blc","Near Mint","English","","","2026-05-03 23:10:57.657000","180","False","False",""
"1","1","Chitterspitter","blc","Near Mint","English","","","2026-05-03 23:10:57.657000","211","False","False",""
"1","1","Chromatic Lantern","ecc","Near Mint","English","","","2026-08-02 17:58:36.490000","138","False","False",""
"1","1","Chrome Host Seedshark","eoc","Near Mint","English","","","2026-05-03 23:09:49.723000","68","False","False",""
"1","1","Cindering Cutthroat","blb","Near Mint","English","","","2026-07-22 22:57:50.160000","208","False","False","0.06"
"1","1","Cindering Cutthroat","blb","Near Mint","English","","","2026-05-23 19:17:58.147000","208","False","False","0.04"
"2","2","Clifftop Lookout","blb","Near Mint","English","","","2026-05-03 23:10:07.997000","168","False","False",""
"1","1","Clifftop Retreat","eoc","Near Mint","English","","","2026-05-03 23:09:49.723000","155","False","False",""
"1","1","Clinquant Skymage","fdn","Near Mint","English","","","2026-05-03 23:09:59.423000","33","False","False",""
"1","1","Cloud Key","eoc","Near Mint","English","","","2026-05-03 23:09:49.723000","54","False","False",""
"1","1","Coastal Peak","soc","Near Mint","English","","","2026-05-03 23:10:23.627000","52","False","False",""
"1","1","Colossification","blb","Near Mint","English","","","2026-05-03 23:10:07.997000","392","False","False",""
"1","1","Command Tower","eoc","Near Mint","English","","","2026-05-03 23:09:49.723000","59","False","False",""
"1","1","Command Tower","scd","Near Mint","English","","","2026-08-02 17:59:49.867000","297","False","False",""
"1","1","Command Tower","blc","Near Mint","English","","","2026-05-03 23:10:57.657000","130","False","False",""
"1","1","Command Tower","ecc","Near Mint","English","","","2026-08-02 17:58:36.490000","59","False","False",""
"1","1","Command Tower","soc","Near Mint","English","","","2026-05-03 23:10:23.627000","129","False","False",""
"2","2","Conduct Electricity","blb","Near Mint","English","","","2026-08-02 17:45:48.183000","130","False","False","0.05"
"1","1","Conduit of Worlds","one","Near Mint","English","","","2026-05-27 15:24:38.060000","163","False","False","3.35"
"1","1","Copper Longlegs","one","Near Mint","English","","","2026-05-27 15:24:38.060000","165","False","False","0.09"
"1","1","Coretapper","eoc","Near Mint","English","","","2026-05-03 23:09:49.723000","132","False","False",""
"1","1","Corsair Captain","fdn","Near Mint","English","","","2026-05-03 23:09:59.423000","506","False","False",""
"2","2","Coruscation Mage","blb","Near Mint","English","","","2026-05-03 23:10:15.600000","131","False","False",""
"1","1","Count on Luck","dft","Near Mint","English","","","2026-05-03 23:08:48.333000","118","False","False","0.27"
"1","1","Courier of Comestibles","pw26","Near Mint","English","","","2026-05-14 23:46:10.743000","6","False","False","0.11"
"1","1","Coveted Jewel","blc","Near Mint","English","","","2026-05-23 19:17:58.147000","268","False","False","0.28"
"1","1","Cream of the Crop","ecc","Near Mint","English","","","2026-08-02 17:58:36.490000","102","False","False",""
"1","1","Creative Technique","soc","Near Mint","English","","","2026-05-03 23:10:23.627000","241","False","False",""
"1","1","Crib Swap","ecl","Near Mint","English","","","2026-08-02 17:58:36.490000","11","False","False",""
"1","1","Crossway Troublemakers","fdn","Near Mint","English","","","2026-05-03 23:09:59.423000","518","False","False",""
"1","1","Crow of Dark Tidings","fdn","Near Mint","English","","","2026-05-03 23:09:59.423000","519","False","False",""
"2","2","Crude Bent Blade","hob","Near Mint","English","","","2026-08-09 20:07:34.537000","63","False","False","0.13"
"1","1","Crumb and Get It","blb","Near Mint","English","","","2026-05-14 23:46:10.743000","8","False","False","0.09"
"1","1","Crumb and Get It","blb","Near Mint","English","","","2026-08-02 17:45:48.183000","8","False","False","0.07"
"2","2","Crustacean Commando","tmt","Near Mint","English","","","2026-07-13 23:07:19.073000","33","False","False","0.02"
"1","1","Cryogen Relic","eoe","Near Mint","English","","","2026-06-05 12:15:46.160000","52","False","False","0.47"
"1","1","Cryoshatter","eoe","Near Mint","English","","","2026-06-30 23:34:55.230000","53","False","False","0.08"
"1","1","Crystalline Crawler","eoc","Near Mint","English","","","2026-05-03 23:09:49.723000","133","False","False",""
"1","1","Cubwarden","iko","Near Mint","English","","","2026-05-23 19:17:58.147000","279","False","False","0.45"
"1","1","Cult of the Waxing Moon","soi","Near Mint","English","","","2026-08-02 17:59:49.867000","201","False","False",""
"1","1","Cultivate","ecc","Near Mint","English","","","2026-08-02 17:58:36.490000","103","False","False",""
"1","1","Curiosity Crafter","soc","Near Mint","English","","","2026-05-03 23:10:23.627000","191","False","False",""
"1","1","Cursed Mirror","soc","Near Mint","English","","","2026-05-03 23:10:23.627000","242","False","False",""
"1","1","Cyberdrive Awakener","eoc","Near Mint","English","","","2026-05-03 23:09:49.723000","69","False","False",""
"1","1","Dáin Ironfoot","hob","Near Mint","English","","","2026-08-09 20:07:25.990000","91","False","False","0.13"
"2","2","Dáin, Lord of the Iron Hills","hob","Near Mint","English","","","2026-08-09 20:07:25.990000","8","False","False","0.31"
"1","1","Dance with Calamity","soc","Near Mint","English","","","2026-05-03 23:10:23.627000","243","False","False",""
"1","1","Daring Waverider","blb","Near Mint","English","","","2026-07-22 22:57:50.160000","44","False","False","0.16"
"1","1","Darksteel Reactor","eoc","Near Mint","English","","","2026-05-03 23:09:49.723000","134","False","False",""
"1","1","Dawnhand Dissident","ecl","Near Mint","English","","","2026-05-23 19:17:58.147000","98","False","False","0.63"
"1","1","Dawnhand Eulogist","ecl","Near Mint","English","","","2026-05-30 18:24:46.773000","99","False","False","0.05"
"1","1","Dawnhart Rejuvenator","mid","Near Mint","English","","","2026-08-02 17:45:48.183000","301","False","False","0.08"
"1","1","Dawn's Light Archer","ecl","Near Mint","English","","","2026-05-30 18:24:46.773000","174","False","False","0.04"
"1","1","Day // Night","tmid","Near Mint","English","","","2026-08-02 17:45:48.183000","19","False","False","0.10"
"1","1","Daybreak Ranger // Nightfall Predator","isd","Near Mint","English","","","2026-08-02 17:59:49.867000","176","False","False",""
"1","1","Dazzling Angel","fdn","Near Mint","English","","","2026-05-03 23:09:59.423000","9","False","False",""
"1","1","Deadly Dispute","sld","Near Mint","English","","","2026-05-03 23:10:32.010000","2091","False","False",""
"1","1","Deadly Dispute","blc","Near Mint","English","","","2026-05-03 23:10:57.657000","181","False","False",""
"1","1","Deadly Plot","fdn","Near Mint","English","","","2026-05-03 23:09:59.423000","520","False","False",""
"1","1","Deadly Riposte","fdn","Near Mint","English","","","2026-05-03 23:09:59.423000","492","False","False",""
"1","1","Death Baron","fdn","Near Mint","English","","","2026-05-03 23:09:59.423000","521","False","False",""
"2","2","Death in the Family","tmt","Near Mint","English","","","2026-07-13 23:12:52.803000","61","False","False","0.11"
"1","1","Decimate","c16","Near Mint","English","","","2026-08-02 17:59:49.867000","193","False","False",""
"1","1","Decree of Pain","blc","Near Mint","English","","","2026-05-03 23:10:57.657000","182","False","False",""
"1","1","Deep Analysis","soc","Near Mint","English","","","2026-05-03 23:10:23.627000","194","False","False",""
"1","1","Deep Forest Hermit","blc","Near Mint","English","","","2026-05-03 23:10:57.657000","213","False","False",""
"1","1","Deepglow Skate","eoc","Near Mint","English","","","2026-05-03 23:09:49.723000","70","False","False",""
"1","1","Defenestrate","mid","Near Mint","English","","","2026-08-02 17:45:48.183000","95","False","False","0.02"
"1","1","Depressurize","eoe","Near Mint","English","foil","","2026-06-30 23:34:55.230000","95","False","False","0.08"
"1","1","Depressurize","eoe","Near Mint","English","","","2026-06-05 12:15:46.160000","95","False","False","0.06"
"1","1","Depthshaker Titan","eoc","Near Mint","English","","","2026-05-03 23:09:49.723000","9","False","False",""
"1","1","Descendants' Fury","ecc","Near Mint","English","","","2026-08-02 17:58:36.490000","93","False","False",""
"1","1","Desolation Prowler","hob","Near Mint","English","","","2026-08-09 20:07:25.990000","64","False","False","0.14"
"1","1","Determined Iteration","soc","Near Mint","English","","","2026-05-03 23:10:23.627000","122","False","False",""
"1","1","Dewdrop Cure","blb","Near Mint","English","","","2026-05-03 23:08:48.333000","10","False","False","0.09"
"1","1","Dig Through Time","soc","Near Mint","English","","","2026-05-03 23:10:23.627000","195","False","False",""
"2","2","Dimension X","tmt","Near Mint","English","","","2026-07-13 23:07:19.073000","183","False","False","0.10"
"1","1","Dina's Guidance","sos","Near Mint","English","","","2026-07-22 22:57:50.160000","184","False","False","0.75"
"1","1","Dinosaur Beast","tiko","Near Mint","English","foil","","2026-05-30 18:24:46.773000","11","False","False",""
"1","1","Diplomatic Relations","eoe","Near Mint","English","foil","","2026-07-09 18:29:55.097000","177","False","False","0.10"
"2","2","Dire Downdraft","blb","Near Mint","English","","","2026-07-22 22:57:50.160000","46","False","False","0.04"
"1","1","Dire Downdraft","blb","Near Mint","English","","","2026-08-02 17:45:48.183000","46","False","False","0.03"
"1","1","Dire Downdraft","blb","Near Mint","English","","","2026-05-14 23:46:10.743000","46","False","False","0.02"
"1","1","Dire Downdraft","blb","Near Mint","English","","","2026-05-23 19:17:58.147000","46","False","False","0.05"
"1","1","Diregraf Ghoul","fdn","Near Mint","English","","","2026-05-03 23:09:59.423000","171","False","False",""
"1","1","Diresight","blb","Near Mint","English","","","2026-05-23 19:17:58.147000","91","False","False","0.09"
"1","1","Dirgur Focusmage // Braingeyser","soc","Near Mint","English","","","2026-05-03 23:10:23.627000","18","False","False",""
"1","1","Disciplined Duelist","snc","Near Mint","English","","","2026-05-23 19:17:58.147000","182","False","False","0.05"
"1","1","Dispatch","eoc","Near Mint","English","","","2026-05-03 23:09:49.723000","64","False","False",""
"1","1","Distant Melody","ecc","Near Mint","English","","","2026-08-02 17:58:36.490000","45","False","False",""
"1","1","Don & Raph, Hard Science","tmt","Near Mint","English","","","2026-07-13 23:07:19.073000","144","False","False","0.26"
"3","3","Donatello, Turtle Techie","tmt","Near Mint","English","","","2026-07-13 23:07:19.073000","37","False","False","0.06"
"4","4","Dori, Bearer of Friends","hob","Near Mint","English","","","2026-08-09 20:07:25.990000","94","False","False","0.13"
"1","1","Down, Down to Goblin-town","hob","Near Mint","English","","","2026-08-09 20:07:34.537000","65","False","False","0.13"
"1","1","Dr. Eggman","sld","Near Mint","English","","","2026-05-03 23:10:41.487000","2084","False","False",""
"1","1","Dragon","thob","Near Mint","English","","","2026-08-09 20:07:25.990000","5","False","False",""
"1","1","Dragon Fodder","fdn","Near Mint","English","","","2026-05-03 23:09:59.423000","535","False","False",""
"1","1","Dragonlord's Servant","pl24","Near Mint","English","foil","","2026-05-14 23:46:10.743000","1","False","False","0.59"
"1","1","Dragonlord's Servant","fdn","Near Mint","English","","","2026-05-03 23:09:59.423000","536","False","False",""
"1","1","Dreaded Bat-Cloud","hob","Near Mint","English","","","2026-08-09 20:07:25.990000","206","False","False","0.41"
"1","1","Dream Beavers","tmt","Near Mint","English","","","2026-07-13 23:12:52.803000","62","False","False","0.18"
"1","1","Dream Beavers","tmt","Near Mint","English","","","2026-05-14 23:46:10.743000","62","False","False","0.22"
"1","1","Dream Harvest","ecl","Near Mint","English","","","2026-05-30 18:24:46.773000","216","False","False","0.25"
"1","1","Drone","teoe","Near Mint","English","foil","","2026-07-09 18:29:55.097000","3","False","False",""
"1","1","Dropkick Bomber","fdn","Near Mint","English","","","2026-05-03 23:09:59.423000","537","False","False",""
"1","1","Druid of the Cowl","fdn","Near Mint","English","","","2026-05-03 23:09:59.423000","554","False","False",""
"1","1","Druid of the Spade","blb","Near Mint","English","","","2026-05-23 19:17:58.147000","170","False","False","0.04"
"3","3","Druid of the Spade","blb","Near Mint","English","","","2026-05-03 23:10:07.997000","170","False","False",""
"1","1","Dubious Delicacy","eoe","Near Mint","English","","","2026-06-30 23:34:55.230000","96","False","False","0.10"
"1","1","Dúnedain Rangers","ltr","Near Mint","English","","","2026-05-14 23:46:10.743000","159","False","False","0.08"
"1","1","Duress","mid","Near Mint","English","","","2026-08-02 17:45:48.183000","98","False","False","0.07"
"2","2","Duskwatch Hunter","hob","Near Mint","English","","","2026-08-09 20:07:25.990000","153","False","False","0.12"
"1","1","Duskwatch Recruiter // Krallenhorde Howler","soi","Near Mint","English","","","2026-08-02 17:59:49.867000","203","False","False",""
"2","2","Dwarf","thob","Near Mint","English","","","2026-08-09 20:07:25.990000","6","False","False",""
"1","1","Dwarven Mattock","hob","Near Mint","English","","","2026-08-09 20:07:25.990000","172","False","False","0.11"
"2","2","Dwarven Provisioner","hob","Near Mint","English","","","2026-08-09 20:07:25.990000","9","False","False","0.12"
"1","1","Dwynen's Elite","fdn","Near Mint","English","","","2026-05-03 23:09:59.423000","218","False","False",""
"1","1","Eagle's Rescue","hob","Near Mint","English","","","2026-08-09 20:07:25.990000","155","False","False","0.16"
"2","2","East Wind Avatar","tmt","Near Mint","English","","","2026-07-13 23:12:52.803000","5","False","False","0.04"
"1","1","Easterling Vanguard","ltr","Near Mint","English","","","2026-05-14 23:46:10.743000","83","False","False","0.05"
"1","1","Easy Prey","iko","Near Mint","English","","","2026-05-23 19:17:58.147000","87","False","False","0.08"
"1","1","Eaten Alive","fdn","Near Mint","English","","","2026-05-03 23:09:59.423000","172","False","False",""
"1","1","Eaten by Piranhas","fdn","Near Mint","English","","","2026-05-03 23:09:59.423000","507","False","False",""
"1","1","Eclipsed Boggart","ecl","Near Mint","English","","","2026-05-03 23:08:48.333000","217","False","False","0.11"
"1","1","Eclipsed Flamekin","ecl","Near Mint","English","","","2026-08-02 17:58:36.490000","219","False","False",""
"1","1","Eclipsed Merrow","ecl","Near Mint","English","foil","","2026-05-30 18:24:46.773000","339","False","False","0.27"
"1","1","Eclipsed Merrow","ecl","Near Mint","English","","","2026-05-30 18:24:46.773000","339","False","False","0.12"
"1","1","Edge Rover","eoe","Near Mint","English","foil","","2026-07-09 18:29:55.097000","179","False","False","0.24"
"1","1","Efflorescence","sos","Near Mint","English","","","2026-07-22 22:57:50.160000","144","False","False","0.03"
"1","1","Elder Auntie","ecl","Near Mint","English","","","2026-05-03 23:08:48.333000","133","False","False","0.08"
"1","1","Elemental","tsos","Near Mint","English","","","2026-07-22 22:57:50.160000","3","False","False",""
"1","1","Elemental Spectacle","ecc","Near Mint","English","","","2026-08-02 17:58:36.490000","15","False","False",""
"1","1","Elf","thob","Near Mint","English","","","2026-08-09 20:07:25.990000","8","False","False",""
"1","1","Elspeth's Smite","fdn","Near Mint","English","","","2026-05-03 23:09:59.423000","493","False","False",""
"1","1","Elven Raft-Steerer","hob","Near Mint","English","","","2026-08-09 20:07:25.990000","37","False","False","0.18"
"3","3","Elvenking's Halls","hob","Near Mint","English","","","2026-08-09 20:07:25.990000","182","False","False","0.25"
"2","2","Elvenking's Harper","hob","Near Mint","English","","","2026-08-09 20:07:25.990000","38","False","False","0.24"
"1","1","Elvish Archdruid","fdn","Near Mint","English","","","2026-05-03 23:09:59.423000","219","False","False",""
"1","1","Elvish Regrower","fdn","Near Mint","English","","","2026-05-03 23:09:59.423000","104","False","False",""
"1","1","Embrace the Paradox","sos","Near Mint","English","","","2026-07-22 22:57:50.160000","186","False","False","0.17"
"1","1","Empowered Autogenerator","eoc","Near Mint","English","","","2026-05-03 23:09:49.723000","135","False","False",""
"1","1","Emry, Lurker of the Loch","eoc","Near Mint","English","","","2026-05-03 23:09:49.723000","71","False","False",""
"3","3","Enchanted River's Grasp","hob","Near Mint","English","","","2026-08-09 20:07:25.990000","39","False","False","0.19"
"1","1","End-Raze Forerunners","blc","Near Mint","English","","","2026-05-03 23:10:57.657000","214","False","False",""
"1","1","Endrider Catalyzer","dft","Near Mint","English","","","2026-05-03 23:08:48.333000","124","False","False","0.07"
"1","1","Endurance","ecc","Near Mint","English","","","2026-08-02 17:58:36.490000","51","False","False",""
"1","1","Enduring Angel // Angelic Enforcer","mid","Near Mint","English","","","2026-08-02 17:45:48.183000","17","False","False","1.57"
"1","1","Enduring Story","thob","Near Mint","English","","","2026-08-09 20:07:25.990000","14","False","False",""
"1","1","Enthusiastic Mechanaut","eoc","Near Mint","English","","","2026-05-03 23:09:49.723000","114","False","False",""
"1","1","Entropic Battlecruiser","eoe","Near Mint","English","foil","","2026-07-09 18:29:55.097000","99","False","False","0.51"
"1","1","EPF Point Squad","tmt","Near Mint","English","","","2026-07-13 23:12:52.803000","145","False","False","0.05"
"1","1","Erudite Wizard","fdn","Near Mint","English","","","2026-05-03 23:09:59.423000","37","False","False",""
"2","2","Escape Tunnel","tmt","Near Mint","English","","","2026-07-13 23:12:52.803000","184","False","False","0.10"
"1","1","Escape Tunnel","tmt","Near Mint","English","","","2026-05-14 23:46:10.743000","184","False","False","0.13"
"3","3","Esgaroth Garrison","hob","Near Mint","English","","","2026-08-09 20:07:25.990000","13","False","False","0.13"
"1","1","Essence Symbiote","iko","Near Mint","English","foil","","2026-05-30 18:24:46.773000","149","False","False","0.29"
"1","1","Etched Oracle","eoc","Near Mint","English","","","2026-05-03 23:09:49.723000","136","False","False",""
"1","1","Etherium Sculptor","eoc","Near Mint","English","","","2026-05-03 23:09:49.723000","72","False","False",""
"1","1","Eusocial Engineering","eoe","Near Mint","English","","","2026-06-30 23:34:55.230000","181","False","False","0.17"
"1","1","Evendo Brushrazer","eoc","Near Mint","English","","","2026-07-09 18:29:55.097000","30","False","False","0.47"
"1","1","Everflowing Chalice","eoc","Near Mint","English","","","2026-05-03 23:09:49.723000","137","False","False",""
"1","1","Evershrike's Gift","ecl","Near Mint","English","","","2026-05-23 19:17:58.147000","15","False","False","0.09"
"2","2","Everything Pizza","tmt","Near Mint","English","","","2026-07-13 23:07:19.073000","173","False","False","0.06"
"1","1","Evolving Wilds","eoc","Near Mint","English","","","2026-05-03 23:09:49.723000","158","False","False",""
"1","1","Evolving Wilds","blc","Near Mint","English","","","2026-05-03 23:10:57.657000","302","False","False",""
"1","1","Exclusion Mage","fdn","Near Mint","English","","","2026-05-03 23:09:59.423000","508","False","False",""
"1","1","Exotic Orchard","soc","Near Mint","English","","","2026-05-03 23:10:23.627000","369","False","False",""
"1","1","Exotic Orchard","eoc","Near Mint","English","","","2026-05-03 23:09:49.723000","159","False","False",""
"1","1","Exotic Orchard","ecc","Near Mint","English","","","2026-08-02 17:58:36.490000","148","False","False",""
"1","1","Exotic Orchard","blc","Near Mint","English","","","2026-05-03 23:10:57.657000","131","False","False",""
"1","1","Expand the Sphere","one","Near Mint","English","","","2026-05-27 15:24:38.060000","168","False","False","0.12"
"1","1","Experimental Augury","eoc","Near Mint","English","","","2026-05-03 23:09:49.723000","73","False","False",""
"1","1","Explosive Getaway","dft","Near Mint","English","","","2026-05-03 23:08:48.333000","202","False","False","0.13"
"1","1","Explosive Prodigy","ecl","Near Mint","English","","","2026-05-30 18:24:46.773000","136","False","False","0.10"
"1","1","Expressive Firedancer","sos","Near Mint","English","","","2026-07-22 22:57:50.160000","114","False","False","0.02"
"1","1","Expressive Iteration","soc","Near Mint","English","","","2026-05-03 23:10:23.627000","309","False","False",""
"1","1","Fabled Passage","soc","Near Mint","English","","","2026-05-03 23:10:23.627000","130","False","False",""
"1","1","Fabricate","sld","Near Mint","English","","","2026-05-03 23:10:32.010000","2090","False","False",""
"1","1","Faeburrow Elder","ecc","Near Mint","English","","","2026-08-02 17:58:36.490000","53","False","False",""
"1","1","Faerie","tecl","Near Mint","English","","","2026-05-23 19:17:58.147000","5","False","False",""
"1","1","Faerie Mastermind","soc","Near Mint","English","","","2026-05-03 23:10:23.627000","114","False","False",""
"1","1","Fall of Gil-galad","ltr","Near Mint","English","","","2026-05-14 23:46:10.743000","165","False","False","0.22"
"1","1","Fangblade Brigand // Fangblade Eviscerator","mid","Near Mint","English","","","2026-08-02 17:59:49.867000","139","False","False",""
"1","1","Faramir, Field Commander","ltr","Near Mint","English","","","2026-05-14 23:46:10.743000","14","False","False","0.07"
"1","1","Fateful Discovery","hob","Near Mint","English","","","2026-08-09 20:07:25.990000","40","False","False","8.49"
"2","2","Fearsome Goblin Pair","hob","Near Mint","English","","","2026-08-09 20:07:25.990000","156","False","False","0.15"
"1","1","Fearsome Goblin Pair","hob","Near Mint","English","foil","","2026-08-09 20:07:34.537000","156","False","False","0.30"
"1","1","Feather of Flight","blb","Near Mint","English","","","2026-07-22 22:57:50.160000","13","False","False","0.20"
"1","1","Fecund Greenshell","blb","Near Mint","English","","","2026-05-03 23:10:07.997000","171","False","False",""
"1","1","Feed the Flames","ecl","Near Mint","English","","","2026-05-30 18:24:46.773000","137","False","False","0.05"
"1","1","Feisty Spikeling","ecl","Near Mint","English","","","2026-05-30 18:24:46.773000","223","False","False","0.06"
"1","1","Feisty Spikeling","ecl","Near Mint","English","","","2026-05-03 23:08:48.333000","223","False","False","0.04"
"1","1","Felidar Savior","fdn","Near Mint","English","","","2026-05-03 23:09:59.423000","12","False","False",""
"1","1","Fell","blb","Near Mint","English","","","2026-07-22 22:57:50.160000","95","False","False","0.49"
"1","1","Felling Blow","fdn","Near Mint","English","","","2026-05-03 23:09:59.423000","105","False","False",""
"1","1","Fellwar Stone","ecc","Near Mint","English","","","2026-08-02 17:58:36.490000","141","False","False",""
"1","1","Fellwar Stone","soc","Near Mint","English","","","2026-05-03 23:10:23.627000","347","False","False",""
"1","1","Ferocious Tigorilla","iko","Near Mint","English","","","2026-05-23 19:17:58.147000","115","False","False","0.10"
"1","1","Ferrous Lake","soc","Near Mint","English","","","2026-05-03 23:10:23.627000","370","False","False",""
"1","1","Fertile Ground","ecc","Near Mint","English","","","2026-08-02 17:58:36.490000","106","False","False",""
"1","1","Fiery Annihilation","fdn","Near Mint","English","","","2026-05-03 23:09:59.423000","86","False","False",""
"1","1","Fíli the Pathfinder","hob","Near Mint","English","","","2026-08-09 20:07:25.990000","14","False","False","0.02"
"1","1","Finneas, Ace Archer","blb","Near Mint","English","","","2026-05-03 23:10:07.997000","212","False","False",""
"1","1","Firdoch Core","ecl","Near Mint","English","","","2026-05-30 18:24:46.773000","255","False","False","0.16"
"1","1","Fire Elemental","fdn","Near Mint","English","","","2026-05-03 23:09:59.423000","538","False","False",""
"1","1","Firespitter Whelp","fdn","Near Mint","English","","","2026-05-03 23:09:59.423000","197","False","False",""
"1","1","Fish","tblb","Near Mint","English","","","2026-08-02 17:45:48.183000","7","False","False","0.21"
"3","3","Flame Lash","blb","Near Mint","English","","","2026-05-03 23:10:15.600000","391","False","False",""
"1","1","Flamebraider","ecl","Near Mint","English","","","2026-05-30 18:24:46.773000","139","False","False","0.12"
"1","1","Flamebraider","ecl","Near Mint","English","","","2026-08-02 17:58:36.490000","139","False","False",""
"1","1","Flamekin Village","ecc","Near Mint","English","","","2026-08-02 17:58:36.490000","149","False","False",""
"1","1","Fleeting Distraction","fdn","Near Mint","English","","","2026-05-03 23:09:59.423000","155","False","False",""
"2","2","Flensing Raptor","one","Near Mint","English","","","2026-05-27 15:24:38.060000","12","False","False","0.09"
"1","1","Fleshless Gladiator","one","Near Mint","English","","","2026-05-27 15:24:38.060000","94","False","False","0.06"
"1","1","Follow the Lumarets","sos","Near Mint","English","","","2026-07-22 22:57:50.160000","148","False","False","0.04"
"1","1","Foot Elite","tmt","Near Mint","English","","","2026-07-13 23:12:52.803000","146","False","False","0.06"
"2","2","Foot Headquarters","tmt","Near Mint","English","","","2026-07-13 23:12:52.803000","185","False","False","0.07"
"1","1","Foot Mystic","tmt","Near Mint","English","","","2026-07-13 23:12:52.803000","63","False","False","0.06"
"2","2","Foot Ninjas","tmt","Near Mint","English","","","2026-07-13 23:12:52.803000","147","False","False","0.07"
"1","1","For the Common Good","pblb","Near Mint","English","foil","","2026-07-22 22:57:50.160000","172s","False","False","1.44"
"12","12","Forest","j25","Near Mint","English","","","2026-08-02 17:59:49.867000","95","False","False",""
"15","15","Forest","fdn","Near Mint","English","","","2026-05-03 23:09:59.423000","280","False","False",""
"1","1","Forest","dft","Near Mint","English","","","2026-05-03 23:08:48.333000","290","False","False","0.08"
"1","1","Forest","eoe","Near Mint","English","","","2026-06-30 23:34:55.230000","275","False","False","0.12"
"11","11","Forest","blb","Near Mint","English","","","2026-05-03 23:10:57.657000","377","False","False",""
"1","1","Forest","blb","Near Mint","English","","","2026-05-03 23:08:48.333000","378","False","False","0.18"
"9","9","Forest","blb","Near Mint","English","","","2026-05-03 23:10:57.657000","378","False","False",""
"1","1","Forest","blb","Near Mint","English","","","2026-07-22 22:57:50.160000","279","False","False","0.19"
"1","1","Forest","blb","Near Mint","English","","","2026-08-02 17:45:48.183000","280","False","False","0.28"
"2","2","Forest","hob","Near Mint","English","foil","","2026-08-09 20:07:25.990000","193","False","False","0.23"
"1","1","Forest","ltr","Near Mint","English","","","2026-05-14 23:46:10.743000","270","False","False","0.08"
"1","1","Forest","hob","Near Mint","English","","","2026-08-09 20:07:25.990000","198","False","False","0.47"
"3","3","Forest","hob","Near Mint","English","","","2026-08-09 20:07:25.990000","193","False","False","0.23"
"8","8","Forest","ecl","Near Mint","English","","","2026-08-02 17:58:36.490000","273","False","False",""
"1","1","Forest","one","Near Mint","English","","","2026-05-27 15:24:38.060000","271","False","False","0.49"
"1","1","Forest","hob","Near Mint","English","foil","","2026-08-09 20:07:25.990000","198","False","False","0.77"
"1","1","Foul Play","mid","Near Mint","English","","","2026-08-02 17:45:48.183000","101","False","False","0.08"
"1","1","Foundation Breaker","ecc","Near Mint","English","","","2026-08-02 17:58:36.490000","108","False","False",""
"1","1","Fountainport Bell","blb","Near Mint","English","","","2026-08-02 17:45:48.183000","245","False","False","0.08"
"1","1","Fountainport Bell","blb","Near Mint","English","","","2026-07-22 22:57:50.160000","245","False","False","0.09"
"1","1","Fractal","tsos","Near Mint","English","","","2026-07-22 22:57:50.160000","5","False","False",""
"2","2","Fractal","tsos","Near Mint","English","","","2026-07-22 22:57:50.160000","4","False","False",""
"1","1","Fractal Tender","sos","Near Mint","English","","","2026-07-22 22:57:50.160000","190","False","False","0.10"
"1","1","Frenzied Goblin","fdn","Near Mint","English","","","2026-05-03 23:09:59.423000","199","False","False",""
"1","1","Friendly Rivalry","ltr","Near Mint","English","","","2026-08-02 17:59:49.867000","204","False","False",""
"1","1","Frog Butler","tmt","Near Mint","English","","","2026-05-14 23:46:10.743000","114","False","False","0.10"
"1","1","Frog Butler","tmt","Near Mint","English","foil","","2026-07-13 23:07:19.073000","114","False","False","0.21"
"3","3","Front Porch Sentries","hob","Near Mint","English","","","2026-08-09 20:07:25.990000","67","False","False","0.10"
"1","1","Frontier Bivouac","ecc","Near Mint","English","","","2026-08-02 17:58:36.490000","150","False","False",""
"1","1","Frontier Warmonger","mkc","Near Mint","English","","","2026-05-23 19:17:58.147000","154","False","False","0.22"
"1","1","Frontline War-Rager","eoe","Near Mint","English","foil","","2026-07-09 18:29:55.097000","134","False","False","0.09"
"1","1","Frostboil Snarl","soc","Near Mint","English","","","2026-05-03 23:10:23.627000","374","False","False",""
"1","1","Fuel the Flames","dft","Near Mint","English","","","2026-05-03 23:08:48.333000","126","False","False","0.18"
"1","1","Fugitive Droid","tmt","Near Mint","English","","","2026-07-13 23:07:19.073000","40","False","False","0.09"
"1","1","Full Moon's Rise","isd","Near Mint","English","","","2026-08-02 17:59:49.867000","180","False","False",""
"1","1","Fumigate","eoc","Near Mint","English","","","2026-05-03 23:09:49.723000","65","False","False",""
"1","1","Fungal Colossus","eoe","Near Mint","English","","","2026-06-30 23:34:55.230000","184","False","False","0.09"
"1","1","Fury","ecc","Near Mint","English","","","2026-08-02 17:58:36.490000","50","False","False",""
"1","1","Furygale Flocking","soc","Near Mint","English","","","2026-05-03 23:10:23.627000","32","False","False",""
"1","1","Galazeth Prismari","soc","Near Mint","English","","","2026-05-03 23:10:23.627000","311","False","False",""
"1","1","Galion, Elvenking's Butler","hob","Near Mint","English","","","2026-08-09 20:07:25.990000","125","False","False","0.05"
"1","1","Gallant Fowlknight","ecl","Near Mint","English","","","2026-05-23 19:17:58.147000","17","False","False","0.05"
"1","1","Galvanizing Sawship","eoe","Near Mint","English","","","2026-06-05 12:15:46.160000","136","False","False","0.11"
"1","1","Gandalf, Goblins' Bane // Flameshape","hob","Near Mint","English","","","2026-08-20 10:56:15.293000","242","False","False",""
"1","1","Gandalf, Spark Starter","hob","Near Mint","English","","","2026-08-09 20:07:25.990000","203","False","False","0.46"
"2","2","Gandalf, Wandering Wizard","hob","Near Mint","English","","","2026-08-09 20:07:25.990000","41","False","False","0.14"
"1","1","Garruk, Cursed Huntsman","blc","Near Mint","English","foil","","2026-05-03 23:10:57.657000","99","False","False",""
"1","1","Garruk's Uprising","ecc","Near Mint","English","","","2026-08-02 17:58:36.490000","109","False","False",""
"1","1","Gathering of Darkness","hob","Near Mint","English","","","2026-08-09 20:07:25.990000","68","False","False","0.14"
"1","1","Gavel of the Righteous","eoc","Near Mint","English","","","2026-05-03 23:09:49.723000","55","False","False",""
"1","1","Gavony Trapper","mid","Near Mint","English","","","2026-08-02 17:45:48.183000","22","False","False","0.02"
"1","1","Geier Reach Bandit // Vildin-Pack Alpha","inr","Near Mint","English","","","2026-08-02 17:59:49.867000","464","False","False",""
"1","1","Gemrazer","iko","Near Mint","English","","","2026-05-23 19:17:58.147000","376","False","False","1.92"
"1","1","Gene Pollinator","eoe","Near Mint","English","","","2026-06-05 12:15:46.160000","186","False","False","0.14"
"1","1","Genemorph Imago","eoe","Near Mint","English","foil","","2026-07-09 18:29:55.097000","299","False","False","0.77"
"1","1","General Traag, Heart of Stone","tmt","Near Mint","English","","","2026-07-13 23:07:19.073000","90","False","False","0.05"
"1","1","Generous Gift","sld","Near Mint","English","","","2026-05-03 23:10:32.010000","2088","False","False",""
"1","1","Genghis Frog","tmt","Near Mint","English","","","2026-05-14 23:46:10.743000","148","False","False","0.08"
"1","1","Genghis Frog","tmt","Near Mint","English","","","2026-07-13 23:07:19.073000","148","False","False","0.04"
"1","1","Genghis Frog","tmt","Near Mint","English","foil","","2026-07-13 23:07:19.073000","148","False","False","0.15"
"1","1","Getaway Barrel","hob","Near Mint","English","","","2026-08-09 20:07:25.990000","98","False","False","0.19"
"2","2","Giant Growth","blb","Near Mint","English","","","2026-05-03 23:10:07.997000","393","False","False",""
"1","1","Giant Growth","soa","Near Mint","English","","","2026-07-22 22:57:50.160000","52","False","False","0.10"
"1","1","Giant Growth","fdn","Near Mint","English","","","2026-05-03 23:09:59.423000","223","False","False",""
"1","1","Giant's Boulder","hob","Near Mint","English","","","2026-08-09 20:07:25.990000","173","False","False","0.33"
"1","1","Gigantic Big Bear","hob","Near Mint","English","","","2026-08-09 20:07:25.990000","126","False","False","0.89"
"1","1","Gigastorm Titan","eoe","Near Mint","English","","","2026-06-30 23:34:55.230000","57","False","False","0.05"
"1","1","Gilded Goose","blc","Near Mint","English","","","2026-05-03 23:10:57.657000","221","False","False",""
"1","1","Gilt-Leaf's Embrace","ecl","Near Mint","English","","","2026-05-30 18:24:46.773000","177","False","False","0.11"
"1","1","Gitaxian Raptor","one","Near Mint","English","","","2026-05-27 15:24:38.060000","53","False","False","0.03"
"1","1","Glacial Fortress","eoc","Near Mint","English","","","2026-05-03 23:09:49.723000","160","False","False",""
"1","1","Glamermite","ecl","Near Mint","English","","","2026-05-30 18:24:46.773000","50","False","False","0.08"
"1","1","Gleaming Splendor","hob","Near Mint","English","","","2026-08-19 19:27:46.343000","239","False","False",""
"1","1","Glistener Seer","one","Near Mint","English","","","2026-05-27 15:24:38.060000","54","False","False","0.03"
"1","1","Glittering Massif","eoc","Near Mint","English","","","2026-05-03 23:09:49.723000","22","False","False",""
"2","2","Glóin the Mighty // Easy Pickings","hob","Near Mint","English","","","2026-08-09 20:07:34.537000","99","False","False","0.20"
"1","1","Gnarlbark Elm","ecl","Near Mint","English","","","2026-05-30 18:24:46.773000","103","False","False","0.08"
"1","1","Gnarlbark Elm","ecl","Near Mint","English","","","2026-05-23 19:17:58.147000","103","False","False","0.06"
"2","2","Gnashing of Teeth","hob","Near Mint","English","","","2026-08-09 20:07:34.537000","69","False","False","0.13"
"1","1","Go Ninja Go","tmt","Near Mint","English","","","2026-07-13 23:07:19.073000","149","False","False","0.13"
"1","1","Goblin","tecl","Near Mint","English","","","2026-05-23 19:17:58.147000","6","False","False",""
"4","4","Goblin Army","thob","Near Mint","English","","","2026-08-09 20:07:25.990000","4","False","False",""
"2","2","Goblin Army","thob","Near Mint","English","","","2026-08-09 20:07:25.990000","3","False","False",""
"1","1","Goblin Firebomb","fdn","Near Mint","English","","","2026-05-03 23:09:59.423000","562","False","False",""
"1","1","Goblin Glasswright // Craft with Pride","sos","Near Mint","English","","","2026-07-22 22:57:50.160000","117","False","False","0.09"
"1","1","Goblin Oriflamme","fdn","Near Mint","English","","","2026-05-03 23:09:59.423000","539","False","False",""
"1","1","Goblin Smuggler","fdn","Near Mint","English","","","2026-05-03 23:09:59.423000","540","False","False",""
"1","1","Goblin Surveyor","dft","Near Mint","English","","","2026-05-03 23:08:48.333000","131","False","False","0.04"
"2","2","Goblin-town Flunkies","hob","Near Mint","English","","","2026-08-09 20:07:25.990000","100","False","False","0.18"
"1","1","Goldmeadow Nomad","ecl","Near Mint","English","","","2026-05-30 18:24:46.773000","18","False","False","0.15"
"1","1","Goldspan Dragon","soc","Near Mint","English","","","2026-05-03 23:10:23.627000","245","False","False",""
"1","1","Golem Foundry","eoc","Near Mint","English","","","2026-05-03 23:09:49.723000","138","False","False",""
"1","1","Golgari Rot Farm","blc","Near Mint","English","","","2026-05-03 23:10:57.657000","308","False","False",""
"1","1","Golgari Signet","blc","Near Mint","English","","","2026-05-03 23:10:57.657000","272","False","False",""
"1","1","Goliath Daydreamer","ecl","Near Mint","English","","","2026-05-03 23:08:48.333000","143","False","False","0.23"
"1","1","Gollum the Abandoned","hob","Near Mint","English","","","2026-08-09 20:07:25.990000","72","False","False","0.15"
"2","2","Gollum, Silent Slinker // Meager Meal","hob","Near Mint","English","","","2026-08-09 20:07:34.537000","71","False","False","0.08"
"1","1","Gongaga, Reactor Town","fin","Near Mint","English","","","2026-08-03 09:38:05.197000","280","False","False",""
"1","1","Gourmand's Talent","blc","Near Mint","English","","","2026-05-03 23:10:57.657000","31","False","False",""
"1","1","Gravblade Heavy","eoe","Near Mint","English","","","2026-06-30 23:34:55.230000","102","False","False","0.05"
"1","1","Great Fierce Bee","hob","Near Mint","English","foil","","2026-08-19 19:35:28.020000","73","False","False",""
"1","1","Great Fierce Bee","hob","Near Mint","English","","","2026-08-09 20:07:25.990000","73","False","False","0.16"
"1","1","Great Furnace","eoc","Near Mint","English","","","2026-05-03 23:09:49.723000","161","False","False",""
"1","1","Great Gilded Boat","hob","Near Mint","English","","","2026-08-09 20:07:25.990000","42","False","False","0.10"
"2","2","Great Ugly-Looking Goblin // Clap! Snap!","hob","Near Mint","English","","","2026-08-09 20:07:34.537000","74","False","False","0.15"
"1","1","Greenwarden of Murasa","ecc","Near Mint","English","","","2026-08-02 17:58:36.490000","110","False","False",""
"1","1","Grim Backwoods","blc","Near Mint","English","","","2026-05-03 23:10:57.657000","309","False","False",""
"2","2","Grounded for Life","tmt","Near Mint","English","","","2026-07-13 23:12:52.803000","7","False","False","0.07"
"1","1","Group Project","sos","Near Mint","English","","","2026-07-22 22:57:50.160000","17","False","False","0.07"
"1","1","Guac & Marshmallow Pizza","tmt","Near Mint","English","","","2026-07-13 23:07:19.073000","116","False","False","0.08"
"2","2","Guardian of the Halls","hob","Near Mint","English","","","2026-08-09 20:07:25.990000","127","False","False","0.44"
"1","1","Guidelight Matrix","dft","Near Mint","English","","","2026-05-03 23:08:48.333000","233","False","False","0.07"
"1","1","Guidelight Optimizer","dft","Near Mint","English","","","2026-05-03 23:08:48.333000","45","False","False","0.06"
"1","1","Guidelight Synergist","dft","Near Mint","English","","","2026-05-03 23:08:48.333000","16","False","False","0.09"
"3","3","Gundabad Opportunist","hob","Near Mint","English","","","2026-08-09 20:07:25.990000","101","False","False","0.11"
"1","1","Hall of Oracles","soc","Near Mint","English","","","2026-05-03 23:10:23.627000","378","False","False",""
"1","1","Hamato Guardian Stance","tmt","Near Mint","English","","","2026-07-13 23:12:52.803000","8","False","False","0.03"
"1","1","Hammer of Nazahn","sld","Near Mint","English","","","2026-05-07 23:05:28.650000","2098","False","False",""
"1","1","Hangarback Walker","eoc","Near Mint","English","","","2026-05-03 23:09:49.723000","139","False","False",""
"1","1","Haradrim Spearmaster","ltr","Near Mint","English","","","2026-05-14 23:46:10.743000","135","False","False","0.05"
"1","1","Harmonic Prodigy","soc","Near Mint","English","","","2026-05-03 23:10:23.627000","123","False","False",""
"1","1","Harmonized Crescendo","ecl","Near Mint","English","foil","","2026-05-14 23:46:10.743000","408","False","False","0.34"
"1","1","Harmonized Trio // Brainstorm","sos","Near Mint","English","","","2026-07-22 22:57:50.160000","52","False","False","0.43"
"1","1","Haunted Mire","blc","Near Mint","English","","","2026-05-03 23:10:57.657000","311","False","False",""
"1","1","Haunting Voyage","ecc","Near Mint","English","","","2026-08-02 17:58:36.490000","75","False","False",""
"1","1","Haywire Mite","blc","Near Mint","English","","","2026-05-03 23:10:57.657000","274","False","False",""
"1","1","Hazel of the Rootbloom","blc","Near Mint","English","foil","","2026-05-03 23:10:57.657000","2","False","False",""
"1","1","Hazel's Brewmaster","blc","Near Mint","English","","","2026-05-03 23:10:57.657000","17","False","False",""
"1","1","Hazel's Nocturne","blb","Near Mint","English","","","2026-08-02 17:45:48.183000","97","False","False","0.18"
"1","1","Hazel's Nocturne","blb","Near Mint","English","foil","","2026-07-22 22:57:50.160000","97","False","False","0.26"
"1","1","Head of the Hunt","hob","Near Mint","English","foil","","2026-08-20 10:56:43.000000","260","False","False",""
"1","1","Heated Argument","sos","Near Mint","English","","","2026-07-22 22:57:50.160000","118","False","False","0.06"
"1","1","Heirloom Blade","c20","Near Mint","English","","","2026-08-02 17:59:49.867000","242","False","False",""
"1","1","Hellkite Overlord","ala","Near Mint","English","","","2026-08-02 17:45:48.183000","172","False","False","0.73"
"1","1","Helpful Hunter","fdn","Near Mint","English","","","2026-05-03 23:09:59.423000","16","False","False",""
"1","1","Herald of Faith","fdn","Near Mint","English","","","2026-05-03 23:09:59.423000","494","False","False",""
"1","1","Hermit of the Natterknolls // Lone Wolf of the Natterknolls","soi","Near Mint","English","","","2026-08-02 17:59:49.867000","209","False","False",""
"1","1","Hero's Downfall","fdn","Near Mint","English","","","2026-05-03 23:09:59.423000","175","False","False",""
"1","1","Hidden Blade","acr","Near Mint","English","foil","","2026-05-14 23:46:10.743000","307","False","False","0.15"
"1","1","Highborn Vampire","fdn","Near Mint","English","","","2026-05-03 23:09:59.423000","522","False","False",""
"1","1","High-Flying Ace","tmt","Near Mint","English","","","2026-07-13 23:12:52.803000","9","False","False","0.04"
"1","1","Hinterland Sanctifier","fdn","Near Mint","English","","","2026-05-03 23:09:59.423000","730","False","False",""
"1","1","Hired Claw","blb","Near Mint","English","","","2026-07-22 22:57:50.160000","140","False","False","1.02"
"1","1","Hithlain Knots","ltr","Near Mint","English","","","2026-05-14 23:46:10.743000","54","False","False","0.07"
"1","1","Hobbit Hole","hob","Near Mint","English","foil","","2026-08-09 20:07:25.990000","184","False","False","0.34"
"3","3","Hobbit Hole","hob","Near Mint","English","","","2026-08-09 20:07:34.537000","184","False","False","0.16"
"1","1","Homesickness","sos","Near Mint","English","","","2026-07-22 22:57:50.160000","53","False","False","0.07"
"1","1","Homestead Courage","mid","Near Mint","English","","","2026-08-02 17:45:48.183000","24","False","False","0.15"
"1","1","Honored Dreyleader","blb","Near Mint","English","","","2026-07-22 22:57:50.160000","178","False","False","0.15"
"1","1","Honored Dreyleader","blb","Near Mint","English","","","2026-05-03 23:10:57.657000","178","False","False",""
"1","1","Honored Dreyleader","blb","Near Mint","English","","","2026-05-23 19:17:58.147000","178","False","False","0.16"
"1","1","Honored Knight-Captain","eoe","Near Mint","English","","","2026-06-05 12:15:46.160000","22","False","False","0.06"
"1","1","Hoofprints of the Stag","ecc","Near Mint","English","","","2026-08-02 17:58:36.490000","64","False","False",""
"2","2","Hop to It","blb","Near Mint","English","","","2026-05-03 23:10:07.997000","16","False","False",""
"1","1","Horde of Notions","ecc","Near Mint","English","","","2026-08-02 17:58:36.490000","124","False","False",""
"1","1","Horrid Vigor","dsk","Near Mint","English","","","2026-08-02 17:59:49.867000","184","False","False",""
"1","1","Hound Tamer // Untamed Pup","mid","Near Mint","English","","","2026-08-02 17:59:49.867000","187","False","False",""
"1","1","Howlpack Piper // Wildsong Howler","vow","Near Mint","English","","","2026-08-02 17:59:49.867000","205","False","False",""
"1","1","Howlpack Resurgence","soi","Near Mint","English","","","2026-08-02 17:59:49.867000","211","False","False",""
"8","8","Human Soldier","thob","Near Mint","English","","","2026-08-09 20:07:34.537000","2","False","False",""
"1","1","Human Soldier","tiko","Near Mint","English","","","2026-05-23 19:17:58.147000","3","False","False","0.16"
"2","2","Human Soldier","teoe","Near Mint","English","","","2026-06-30 23:34:55.230000","2","False","False",""
"1","1","Hungry Ghoul","fdn","Near Mint","English","","","2026-05-03 23:09:59.423000","62","False","False",""
"1","1","Hungry Graffalon","sos","Near Mint","English","","","2026-07-22 22:57:50.160000","151","False","False","0.03"
"1","1","Hunter's Talent","blb","Near Mint","English","","","2026-05-14 23:46:10.743000","179","False","False","0.43"
"1","1","Huntmaster of the Fells // Ravager of the Fells","inr","Near Mint","English","","","2026-08-02 17:59:49.867000","470","False","False",""
"1","1","Hylderblade","eoe","Near Mint","English","","","2026-06-05 12:15:46.160000","106","False","False","0.11"
"1","1","Hylderblade","eoe","Near Mint","English","foil","","2026-07-09 18:29:55.097000","106","False","False","0.17"
"2","2","Ice Cream Kitty","tmt","Near Mint","English","","","2026-07-13 23:07:19.073000","150","False","False","0.07"
"1","1","Icecave Crasher","eoe","Near Mint","English","","","2026-06-05 12:15:46.160000","191","False","False","0.05"
"1","1","Icewind Elemental","fdn","Near Mint","English","","","2026-05-03 23:09:59.423000","42","False","False",""
"1","1","Idol of Oblivion","blc","Near Mint","English","","","2026-05-03 23:10:57.657000","277","False","False",""
"1","1","Illegitimate Business","tmt","Near Mint","English","","","2026-07-13 23:07:19.073000","186","False","False","0.12"
"1","1","Ill-Tempered Loner // Howlpack Avenger","vow","Near Mint","English","","","2026-08-02 17:59:49.867000","162","False","False",""
"1","1","Illvoi Galeblade","eoe","Near Mint","English","","","2026-06-30 23:34:55.230000","58","False","False","0.15"
"1","1","Illvoi Galeblade","eoe","Near Mint","English","","","2026-06-05 12:15:46.160000","58","False","False","0.11"
"1","1","Immerwolf","dka","Near Mint","English","","","2026-08-02 17:59:49.867000","141","False","False",""
"1","1","Imperious Inkmage","sos","Near Mint","English","","","2026-07-22 22:57:50.160000","195","False","False","0.07"
"1","1","Impolite Entrance","ecl","Near Mint","English","","","2026-05-23 19:17:58.147000","146","False","False","0.25"
"1","1","Impulsivity","ecc","Near Mint","English","","","2026-08-02 17:58:36.490000","13","False","False",""
"1","1","Incandescent Soulstoke","ecc","Near Mint","English","","","2026-08-02 17:58:36.490000","94","False","False",""
"1","1","Incinerating Blast","fdn","Near Mint","English","","","2026-05-03 23:09:59.423000","90","False","False",""
"1","1","Infernal Grasp","mid","Near Mint","English","","","2026-08-02 17:45:48.183000","107","False","False","0.47"
"1","1","Ingenious Leonin","fdn","Near Mint","English","","","2026-05-03 23:09:59.423000","495","False","False",""
"1","1","Ingot Chewer","ecc","Near Mint","English","","","2026-08-02 17:58:36.490000","95","False","False",""
"1","1","Inkling Mascot","sos","Near Mint","English","foil","","2026-07-22 22:57:50.160000","196","False","False","0.03"
"1","1","Insatiable Frugivore","blc","Near Mint","English","","","2026-05-03 23:10:57.657000","18","False","False",""
"1","1","Insatiable Hemophage","iko","Near Mint","English","","","2026-05-23 19:17:58.147000","290","False","False","0.15"
"1","1","Insatiable Skittermaw","eoe","Near Mint","English","","","2026-06-30 23:34:55.230000","108","False","False","0.03"
"1","1","Insatiable Skittermaw","eoe","Near Mint","English","","","2026-06-05 12:15:46.160000","108","False","False","0.04"
"3","3","Insectoid Exterminator","tmt","Near Mint","English","","","2026-07-13 23:12:52.803000","64","False","False","0.03"
"1","1","Insight Engine","eoc","Near Mint","English","","","2026-05-03 23:09:49.723000","6","False","False",""
"1","1","Inspired Skypainter // Maestro's Gift","soc","Near Mint","English","","","2026-05-03 23:10:23.627000","48","False","False",""
"1","1","Inspiring Overseer","fdn","Near Mint","English","","","2026-05-03 23:09:59.423000","496","False","False",""
"1","1","Inspirit, Flagship Vessel","eoc","Near Mint","English","foil","","2026-05-03 23:09:49.723000","2","False","False",""
"1","1","Instigator Gang // Wildblood Pack","isd","Near Mint","English","","","2026-08-02 17:59:49.867000","149","False","False",""
"1","1","Interceptor Mechan","eoe","Near Mint","English","foil","","2026-07-09 18:29:55.097000","220","False","False","0.10"
"1","1","Interjection","sos","Near Mint","English","foil","","2026-07-22 22:57:50.160000","22","False","False","0.07"
"1","1","Into the Night","vow","Near Mint","English","","","2026-08-02 17:59:49.867000","163","False","False",""
"1","1","Into the Roil","fdn","Near Mint","English","","","2026-05-03 23:09:59.423000","509","False","False",""
"1","1","Intrepid Tenderfoot","eoe","Near Mint","English","","","2026-06-30 23:34:55.230000","193","False","False","0.04"
"3","3","Iron Hills","hob","Near Mint","English","","","2026-08-09 20:07:25.990000","185","False","False","0.14"
"4","4","Iron Hills Stalwart","hob","Near Mint","English","","","2026-08-09 20:07:25.990000","102","False","False","0.09"
"1","1","Irrigated Farmland","eoc","Near Mint","English","","","2026-05-03 23:09:49.723000","162","False","False",""
"1","1","Island","blb","Near Mint","English","","","2026-05-23 19:17:58.147000","266","False","False","0.19"
"1","1","Island","blb","Near Mint","English","","","2026-07-22 22:57:50.160000","267","False","False","0.23"
"1","1","Island","hob","Near Mint","English","foil","","2026-08-09 20:07:25.990000","195","False","False","0.75"
"1","1","Island","tmt","Near Mint","English","","","2026-07-13 23:07:19.073000","192","False","False","0.08"
"1","1","Island","eoe","Near Mint","English","","","2026-05-03 23:09:49.723000","270","False","False",""
"1","1","Island","ecl","Near Mint","English","","","2026-05-03 23:08:48.333000","270","False","False","0.10"
"2","2","Island","ecl","Near Mint","English","","","2026-08-02 17:58:36.490000","270","False","False",""
"14","14","Island","fdn","Near Mint","English","","","2026-05-03 23:09:59.423000","274","False","False",""
"2","2","Island","eoe","Near Mint","English","","","2026-05-03 23:09:49.723000","269","False","False",""
"1","1","Island","sos","Near Mint","English","","","2026-07-22 22:57:50.160000","275","False","False","0.12"
"1","1","Island","eoe","Near Mint","English","","","2026-06-05 12:15:46.160000","269","False","False","0.02"
"8","8","Island","sos","Near Mint","English","","","2026-05-03 23:10:23.627000","275","False","False",""
"1","1","Island","hob","Near Mint","English","","","2026-08-09 20:07:25.990000","195","False","False","0.45"
"2","2","Island","hob","Near Mint","English","foil","","2026-08-09 20:07:25.990000","190","False","False","0.24"
"2","2","Island","hob","Near Mint","English","","","2026-08-09 20:07:25.990000","190","False","False","0.20"
"5","5","Island","blb","Near Mint","English","","","2026-05-03 23:10:15.600000","372","False","False",""
"6","6","Island","blb","Near Mint","English","","","2026-05-03 23:10:15.600000","371","False","False",""
"1","1","Jazal Goldmane","fdn","Near Mint","English","","","2026-05-03 23:09:59.423000","497","False","False",""
"1","1","Jegantha, the Wellspring","ecc","Near Mint","English","","","2026-08-02 17:58:36.490000","125","False","False",""
"1","1","Jegantha, the Wellspring","iko","Near Mint","English","foil","","2026-05-30 18:24:46.773000","222","False","False","0.79"
"1","1","Jennika, Bad Apple Big Sister","tmt","Near Mint","English","foil","","2026-07-13 23:12:52.803000","10","False","False","0.22"
"1","1","Jennika, Bad Apple Big Sister","tmt","Near Mint","English","","","2026-07-13 23:07:19.073000","203","False","False","0.08"
"1","1","Jhoira, Weatherlight Captain","eoc","Near Mint","English","","","2026-05-03 23:09:49.723000","118","False","False",""
"1","1","Joraga Invocation","fdn","Near Mint","English","","","2026-05-03 23:09:59.423000","555","False","False",""
"1","1","Jubilation","ecc","Near Mint","English","","","2026-08-02 17:58:36.490000","17","False","False",""
"1","1","Jungle Hollow","blc","Near Mint","English","","","2026-05-03 23:10:57.657000","313","False","False",""
"1","1","Jungle Shrine","ecc","Near Mint","English","","","2026-08-02 17:58:36.490000","154","False","False",""
"1","1","Kalakscion, Hunger Tyrant","dft","Near Mint","English","","","2026-05-03 23:08:48.333000","93","False","False","0.17"
"1","1","Kappa Cannoneer","eoc","Near Mint","English","","","2026-05-03 23:09:49.723000","74","False","False",""
"1","1","Karai, Future of the Foot","tmt","Near Mint","English","","","2026-07-13 23:12:52.803000","151","False","False","0.10"
"1","1","Kargan Dragonrider","fdn","Near Mint","English","","","2026-05-03 23:09:59.423000","541","False","False",""
"1","1","Karn's Bastion","eoc","Near Mint","English","","","2026-05-03 23:09:49.723000","163","False","False",""
"1","1","Kav Landseeker","eoe","Near Mint","English","","","2026-06-30 23:34:55.230000","138","False","False","0.05"
"1","1","Keen Buccaneer","dft","Near Mint","English","","","2026-05-03 23:08:48.333000","48","False","False","0.04"
"1","1","Keruga, the Macrosage","iko","Near Mint","English","","","2026-05-30 18:24:46.773000","354","False","False","0.60"
"1","1","Kessig Forgemaster // Flameheart Werewolf","soi","Near Mint","English","","","2026-08-02 17:59:49.867000","169","False","False",""
"1","1","Kessig Naturalist // Lord of the Ulvenwald","mid","Near Mint","English","","","2026-08-02 17:59:49.867000","310","False","False",""
"1","1","Kessig Wolf Run","mkc","Near Mint","English","","","2026-08-02 17:59:49.867000","269","False","False",""
"1","1","Kilo, Apogee Mind","eoc","Near Mint","English","foil","","2026-05-03 23:09:49.723000","3","False","False",""
"1","1","Kindled Fury","fdn","Near Mint","English","","","2026-05-03 23:09:59.423000","542","False","False",""
"2","2","Kindlespark Duo","blb","Near Mint","English","","","2026-07-22 22:57:50.160000","142","False","False","0.12"
"1","1","Kindred Summons","ecc","Near Mint","English","","","2026-08-02 17:58:36.490000","112","False","False",""
"1","1","Kitesail Corsair","fdn","Near Mint","English","","","2026-05-03 23:09:59.423000","510","False","False",""
"2","2","Knightfisher","blb","Near Mint","English","","","2026-08-02 17:45:48.183000","55","False","False","0.13"
"1","1","Knockout Blow","snc","Near Mint","English","","","2026-05-23 19:17:58.147000","20","False","False","0.04"
"1","1","Knuckles the Echidna","sld","Near Mint","English","","","2026-05-03 23:10:41.487000","2082","False","False",""
"1","1","Kodama's Reach","ecc","Near Mint","English","","","2026-08-02 17:58:36.490000","113","False","False",""
"1","1","Koya, Death from Above","tmt","Near Mint","English","foil","","2026-07-13 23:07:19.073000","11","False","False","0.08"
"1","1","Kruin Outlaw // Terror of Kruin Pass","inr","Near Mint","English","","","2026-08-02 17:59:49.867000","161","False","False",""
"1","1","Kulrath Mystic","ecl","Near Mint","English","","","2026-05-23 19:17:58.147000","56","False","False","0.06"
"1","1","Kulrath Zealot","ecl","Near Mint","English","","","2026-05-23 19:17:58.147000","148","False","False","0.08"
"2","2","Lakeshore Apothecary","hob","Near Mint","English","","","2026-08-09 20:07:25.990000","43","False","False","0.14"
"2","2","Lake-town","hob","Near Mint","English","","","2026-08-09 20:07:25.990000","186","False","False","0.17"
"1","1","Lake-town Lookout","hob","Near Mint","English","","","2026-08-09 20:07:25.990000","18","False","False","0.14"
"1","1","Lake-town Mariners // Gone Fishing","hob","Near Mint","English","foil","","2026-08-09 20:07:25.990000","44","False","False","0.22"
"1","1","Lake-town Mariners // Gone Fishing","hob","Near Mint","English","","","2026-08-09 20:07:25.990000","44","False","False","0.19"
"1","1","Lamentation","ecc","Near Mint","English","","","2026-08-02 17:58:36.490000","10","False","False",""
"1","1","Lander","teoe","Near Mint","English","","","2026-06-30 23:34:55.230000","8","False","False",""
"2","2","Lander","teoe","Near Mint","English","","","2026-06-30 23:34:55.230000","4","False","False",""
"1","1","Lander","teoe","Near Mint","English","","","2026-06-05 12:15:46.160000","5","False","False",""
"1","1","Lasting Tarfire","ecl","Near Mint","English","","","2026-05-03 23:08:48.333000","149","False","False","0.10"
"1","1","Lattice-Blade Mantis","one","Near Mint","English","","","2026-05-27 15:24:38.060000","173","False","False","0.05"
"1","1","Lava Serpent","iko","Near Mint","English","","","2026-05-23 19:17:58.147000","124","False","False","0.03"
"1","1","Leader's Talent","tmt","Near Mint","English","","","2026-07-13 23:12:52.803000","13","False","False","0.45"
"1","1","Leech Collector // Bloodletting","sos","Near Mint","English","foil","","2026-07-22 22:57:50.160000","88","False","False","0.29"
"1","1","Leitmotif Composer","soc","Near Mint","English","","","2026-05-03 23:10:23.627000","20","False","False",""
"1","1","Leonardo, Big Brother","tmt","Near Mint","English","","","2026-07-13 23:12:52.803000","14","False","False","0.19"
"1","1","Leonardo, Big Brother","tmt","Near Mint","English","","","2026-05-14 23:46:10.743000","14","False","False","0.14"
"1","1","Leonardo, Leader in Blue","tmt","Near Mint","English","foil","","2026-07-13 23:07:19.073000","16","False","False","0.18"
"1","1","Leonardo's Technique","tmt","Near Mint","English","","","2026-07-13 23:12:52.803000","18","False","False","0.28"
"1","1","Leonin Skyhunter","fdn","Near Mint","English","","","2026-05-03 23:09:59.423000","498","False","False",""
"1","1","Leonin Vanguard","fdn","Near Mint","English","","","2026-05-03 23:09:59.423000","499","False","False",""
"2","2","Lessons from Life","tmt","Near Mint","English","","","2026-07-13 23:07:19.073000","155","False","False","0.21"
"1","1","Lightning Greaves","sld","Near Mint","English","","","2026-05-07 23:04:16.000000","2099","False","False",""
"1","1","Lightning Greaves","soc","Near Mint","English","","","2026-05-03 23:10:23.627000","350","False","False",""
"1","1","Lilysplash Mentor","blb","Near Mint","English","","","2026-08-02 17:45:48.183000","222","False","False","0.12"
"1","1","Little Bear","hob","Near Mint","English","","","2026-08-09 20:07:25.990000","128","False","False","0.13"
"1","1","Llanowar Elves","fdn","Near Mint","English","","","2026-05-03 23:09:59.423000","227","False","False",""
"1","1","Llanowar Wastes","blc","Near Mint","English","","","2026-05-03 23:10:57.657000","315","False","False",""
"1","1","Locked in the Cemetery","mid","Near Mint","English","","","2026-08-02 17:45:48.183000","60","False","False","0.04"
"1","1","Locust Spray","soa","Near Mint","English","","","2026-07-22 22:57:50.160000","31","False","False","0.05"
"1","1","Lonely Sandbar","eoc","Near Mint","English","","","2026-05-03 23:09:49.723000","166","False","False",""
"3","3","Long Lake Nuisance","hob","Near Mint","English","","","2026-08-09 20:07:25.990000","45","False","False","0.09"
"3","3","Long-Bodied Grey Dog","hob","Near Mint","English","","","2026-08-09 20:07:25.990000","1","False","False","0.14"
"1","1","Long-Range Sensor","eoc","Near Mint","English","","","2026-05-03 23:09:49.723000","11","False","False",""
"1","1","Longstalk Brawl","blb","Near Mint","English","","","2026-05-14 23:46:10.743000","182","False","False","0.07"
"1","1","Lord Dregg, Insect Invader","tmt","Near Mint","English","","","2026-07-13 23:07:19.073000","65","False","False","0.06"
"1","1","Lumaret's Favor","sos","Near Mint","English","","","2026-07-22 22:57:50.160000","153","False","False","0.08"
"1","1","Lunar Convocation","blb","Near Mint","English","","","2026-05-23 19:17:58.147000","223","False","False","0.69"
"1","1","Lunarch Veteran // Luminous Phantom","mid","Near Mint","English","","","2026-08-02 17:45:48.183000","27","False","False","0.26"
"1","1","Lupinflower Village","blb","Near Mint","English","","","2026-05-23 19:17:58.147000","256","False","False","0.15"
"1","1","Lux Artillery","eoc","Near Mint","English","","","2026-05-03 23:09:49.723000","140","False","False",""
"1","1","Lux Cannon","eoc","Near Mint","English","","","2026-05-03 23:09:49.723000","141","False","False",""
"1","1","Luxknight Breacher","eoe","Near Mint","English","","","2026-06-05 12:15:46.160000","26","False","False","0.07"
"1","1","Maalfeld Twins","fdn","Near Mint","English","","","2026-05-03 23:09:59.423000","523","False","False",""
"1","1","Mabel, Heir to Cragflame","blb","Near Mint","English","","","2026-05-03 23:08:48.333000","336","False","False","0.93"
"1","1","Mabel, Heir to Cragflame","blb","Near Mint","English","","","2026-05-14 23:46:10.743000","224","False","False","0.32"
"1","1","Madame Null, Power Broker","tmt","Near Mint","English","","","2026-07-13 23:12:52.803000","66","False","False","0.27"
"1","1","Maelstrom Pulse","blc","Near Mint","English","","","2026-05-03 23:10:57.657000","126","False","False",""
"1","1","Maelstrom Wanderer","ecc","Near Mint","English","","","2026-08-02 17:58:36.490000","127","False","False",""
"1","1","Mage's Attendant","clb","Near Mint","English","","","2026-05-23 19:17:58.147000","698","False","False","0.17"
"1","1","Magma Opus","soc","Near Mint","English","","","2026-05-03 23:10:23.627000","318","False","False",""
"2","2","Magnificent End","hob","Near Mint","English","","","2026-08-09 20:07:25.990000","20","False","False","0.17"
"1","1","Magnigoth Sentry","fdn","Near Mint","English","","","2026-05-03 23:09:59.423000","556","False","False",""
"1","1","Majestic Auricorn","iko","Near Mint","English","","","2026-05-30 18:24:46.773000","281","False","False","0.21"
"2","2","Make Your Move","tmt","Near Mint","English","","","2026-07-13 23:12:52.803000","20","False","False","0.04"
"1","1","Mana Geyser","soc","Near Mint","English","","","2026-05-03 23:10:23.627000","247","False","False",""
"1","1","Manaform Hellkite","soc","Near Mint","English","","","2026-05-03 23:10:23.627000","248","False","False",""
"1","1","Manhole Missile","tmt","Near Mint","English","","","2026-07-13 23:07:19.073000","94","False","False","0.05"
"1","1","Maskwood Nexus","blc","Near Mint","English","","","2026-05-03 23:10:57.657000","279","False","False",""
"1","1","Mass of Mysteries","ecc","Near Mint","English","foil","","2026-08-02 17:58:36.490000","3","False","False",""
"2","2","Master's Councillors","hob","Near Mint","English","","","2026-08-09 20:07:25.990000","47","False","False","0.08"
"1","1","Mayor of Avabruck // Howlpack Alpha","inr","Near Mint","English","","","2026-08-02 17:59:49.867000","207","False","False",""
"1","1","Mechan Navigator","eoe","Near Mint","English","","","2026-06-05 12:15:46.160000","64","False","False","0.13"
"1","1","Mechan Shieldmate","eoe","Near Mint","English","foil","","2026-07-09 18:29:55.097000","65","False","False","0.08"
"2","2","Mechanized Ninja Cavalry","tmt","Near Mint","English","","","2026-07-13 23:12:52.803000","156","False","False","0.09"
"1","1","Meldweb Strider","one","Near Mint","English","","","2026-05-27 15:24:38.060000","60","False","False","0.05"
"1","1","Meltstrider Eulogist","eoe","Near Mint","English","","","2026-06-05 12:15:46.160000","197","False","False","0.17"
"1","1","Meltstrider's Gear","eoe","Near Mint","English","","","2026-06-30 23:34:55.230000","198","False","False","0.06"
"2","2","Merfolk","tecl","Near Mint","English","","","2026-05-30 18:24:46.773000","8","False","False",""
"1","1","Merrow Skyswimmer","ecl","Near Mint","English","","","2026-05-23 19:17:58.147000","234","False","False","0.13"
"1","1","Metalhead","tmt","Near Mint","English","","","2026-07-13 23:07:19.073000","44","False","False","0.05"
"2","2","Michelangelo, Game Master","tmt","Near Mint","English","","","2026-07-13 23:07:19.073000","118","False","False","0.05"
"1","1","Migloz, Maze Crusher","one","Near Mint","English","","","2026-05-27 15:24:38.060000","210","False","False","0.19"
"1","1","Migrating Ketradon","dft","Near Mint","English","","","2026-05-03 23:08:48.333000","170","False","False","0.04"
"1","1","Mild-Mannered Librarian","fdn","Near Mint","English","","","2026-05-03 23:09:59.423000","228","False","False",""
"1","1","Miles ""Tails"" Prower","sld","Near Mint","English","","","2026-05-03 23:10:41.487000","2085","False","False",""
"1","1","Mind Drill Assailant","blb","Near Mint","English","","","2026-08-02 17:45:48.183000","225","False","False","0.06"
"1","1","Mind Roots","sos","Near Mint","English","","","2026-07-22 22:57:50.160000","203","False","False","0.13"
"1","1","Mind Spiral","blb","Near Mint","English","","","2026-08-02 17:45:48.183000","59","False","False","0.03"
"1","1","Mind Spring","blb","Near Mint","English","","","2026-05-03 23:10:15.600000","389","False","False",""
"1","1","Mind Stone","clb","Near Mint","English","","","2026-08-02 17:59:49.867000","325","False","False",""
"1","1","Mind Transfer Protocol","tmt","Near Mint","English","","","2026-07-13 23:07:19.073000","45","False","False","0.04"
"1","1","Mindless Automaton","eoc","Near Mint","English","","","2026-05-03 23:09:49.723000","142","False","False",""
"2","2","Mirkwood","hob","Near Mint","English","","","2026-08-09 20:07:25.990000","188","False","False","0.15"
"3","3","Mirkwood Meditator","hob","Near Mint","English","","","2026-08-09 20:07:25.990000","48","False","False","0.12"
"2","2","Mirkwood Pathmaker","hob","Near Mint","English","","","2026-08-09 20:07:25.990000","129","False","False","0.08"
"1","1","Mirkwood Pathmaker","hob","Near Mint","English","foil","","2026-08-09 20:07:25.990000","129","False","False","0.02"
"1","1","Mirrorwing Dragon","soc","Near Mint","English","","","2026-05-03 23:10:23.627000","249","False","False",""
"1","1","Mischievous Mystic","fdn","Near Mint","English","","","2026-05-03 23:09:59.423000","47","False","False",""
"2","2","Misty Mountains Raider","hob","Near Mint","English","","","2026-08-09 20:07:34.537000","105","False","False","0.12"
"1","1","Mm'menon, the Right Hand","eoe","Near Mint","English","","","2026-06-05 12:15:46.160000","290","False","False","1.11"
"1","1","Mockingbird","blb","Near Mint","English","","","2026-05-03 23:10:15.600000","61","False","False",""
"1","1","Moldervine Reclamation","blc","Near Mint","English","","","2026-05-03 23:10:57.657000","255","False","False",""
"1","1","Molten Note","sos","Near Mint","English","","","2026-07-22 22:57:50.160000","204","False","False","0.12"
"1","1","Molten Tributary","soc","Near Mint","English","","","2026-05-03 23:10:23.627000","387","False","False",""
"1","1","Moment of Craving","fdn","Near Mint","English","","","2026-05-03 23:09:59.423000","524","False","False",""
"3","3","Moment of Glory","hob","Near Mint","English","","","2026-08-09 20:07:25.990000","21","False","False","0.15"
"1","1","Moment of Reckoning","sos","Near Mint","English","","","2026-07-22 22:57:50.160000","205","False","False","0.28"
"1","1","Moment of Triumph","fdn","Near Mint","English","","","2026-05-03 23:09:59.423000","500","False","False",""
"1","1","Moonlight Hunt","soi","Near Mint","English","","","2026-08-02 17:59:49.867000","219","False","False",""
"1","1","Moonlit Meditation","eoe","Near Mint","English","","","2026-05-03 23:08:48.333000","69","False","False","0.35"
"1","1","Moonlit Meditation","eoe","Near Mint","English","","","2026-06-30 23:34:55.230000","69","False","False","0.39"
"1","1","Moonmist","isd","Near Mint","English","","","2026-08-02 17:59:49.867000","195","False","False",""
"1","1","Moonrager's Slash","mid","Near Mint","English","","","2026-08-02 17:45:48.183000","148","False","False","0.09"
"1","1","Moonstone Eulogist","blc","Near Mint","English","","","2026-05-03 23:10:57.657000","19","False","False",""
"1","1","Morbid Opportunist","blc","Near Mint","English","","","2026-05-03 23:10:57.657000","183","False","False",""
"1","1","Mountain","blb","Near Mint","English","foil","","2026-07-22 22:57:50.160000","274","False","False","0.46"
"1","1","Mountain","sos","Near Mint","English","foil","","2026-07-22 22:57:50.160000","270","False","False","0.72"
"2","2","Mountain","hob","Near Mint","English","","","2026-08-09 20:07:25.990000","197","False","False","0.46"
"1","1","Mountain","eoe","Near Mint","English","","","2026-07-09 18:29:55.097000","265","False","False","1.52"
"6","6","Mountain","blb","Near Mint","English","","","2026-05-03 23:10:15.600000","375","False","False",""
"6","6","Mountain","blb","Near Mint","English","","","2026-05-03 23:10:15.600000","376","False","False",""
"2","2","Mountain","hob","Near Mint","English","","","2026-08-09 20:07:25.990000","192","False","False","0.20"
"2","2","Mountain","ecl","Near Mint","English","","","2026-08-02 17:58:36.490000","272","False","False",""
"1","1","Mountain","one","Near Mint","English","","","2026-05-27 15:24:38.060000","270","False","False","0.50"
"1","1","Mountain","ecl","Near Mint","English","","","2026-05-30 18:24:46.773000","272","False","False","0.10"
"15","15","Mountain","fdn","Near Mint","English","","","2026-05-03 23:09:59.423000","278","False","False",""
"12","12","Mountain","j25","Near Mint","English","","","2026-08-02 17:59:49.867000","90","False","False",""
"1","1","Mountain","eoe","Near Mint","English","","","2026-05-03 23:09:49.723000","274","False","False",""
"3","3","Mountain","hob","Near Mint","English","foil","","2026-08-09 20:07:25.990000","192","False","False","0.23"
"2","2","Mountain","eoe","Near Mint","English","","","2026-05-03 23:09:49.723000","273","False","False",""
"7","7","Mountain","sos","Near Mint","English","","","2026-05-03 23:10:23.627000","279","False","False",""
"2","2","Mountain","mid","Near Mint","English","","","2026-08-02 17:45:48.183000","274","False","False","0.31"
"2","2","Mountain","hob","Near Mint","English","foil","","2026-08-09 20:07:34.537000","197","False","False","0.77"
"1","1","Mourning Patrol // Morning Apparition","mid","Near Mint","English","foil","","2026-08-02 17:45:48.183000","28","False","False","0.06"
"1","1","Mouser Attack!","tmt","Near Mint","English","","","2026-05-14 23:46:10.743000","95","False","False","0.05"
"2","2","Mouser Foundry","tmt","Near Mint","English","","","2026-07-13 23:07:19.073000","96","False","False","0.07"
"2","2","Mouser Mark III","tmt","Near Mint","English","","","2026-07-13 23:07:19.073000","159","False","False","0.02"
"1","1","Mouth of the Storm","eoe","Near Mint","English","","","2026-05-03 23:08:48.333000","70","False","False","0.05"
"1","1","Moxite Refinery","eoc","Near Mint","English","","","2026-05-03 23:09:49.723000","17","False","False",""
"1","1","Muddle, the Ever-Changing","soc","Near Mint","English","","","2026-05-03 23:10:23.627000","5","False","False",""
"1","1","Mudflat Village","blb","Near Mint","English","","","2026-07-22 22:57:50.160000","257","False","False","0.16"
"1","1","Muerra, Trash Tactician","blb","Near Mint","English","","","2026-07-22 22:57:50.160000","227","False","False","0.24"
"1","1","Muldrotha, the Gravetide","ecc","Near Mint","English","","","2026-08-02 17:58:36.490000","128","False","False",""
"1","1","Mulldrifter","ecc","Near Mint","English","","","2026-08-02 17:58:36.490000","67","False","False",""
"1","1","Mutant Chain Reaction","tmt","Near Mint","English","","","2026-07-13 23:07:19.073000","125","False","False","0.03"
"1","1","Mutant Surveyor","dft","Near Mint","English","","","2026-05-03 23:08:48.333000","98","False","False","0.07"
"1","1","Mutual Destruction","iko","Near Mint","English","","","2026-05-23 19:17:58.147000","96","False","False","0.02"
"1","1","Myr","sld","Near Mint","English","","","2026-05-07 23:04:55.173000","2101","False","False",""
"1","1","Myr Battlesphere","sld","Near Mint","English","","","2026-05-07 23:04:34.343000","2097","False","False",""
"1","1","Mystic Archaeologist","fdn","Near Mint","English","","","2026-05-03 23:09:59.423000","511","False","False",""
"1","1","Mystic Monastery","eoc","Near Mint","English","","","2026-05-03 23:09:49.723000","170","False","False",""
"1","1","Mystic Sanctuary","soc","Near Mint","English","","","2026-05-03 23:10:23.627000","388","False","False",""
"1","1","Nadier's Nightblade","blc","Near Mint","English","","","2026-05-03 23:10:57.657000","184","False","False",""
"1","1","Nasty Little Rabbit","hob","Near Mint","English","","","2026-08-09 20:07:25.990000","130","False","False","0.06"
"1","1","Necroblossom Snarl","blc","Near Mint","English","","","2026-05-03 23:10:57.657000","319","False","False",""
"1","1","Negate","tmt","Near Mint","English","","","2026-05-14 23:46:10.743000","47","False","False","0.07"
"1","1","Negate","tmt","Near Mint","English","","","2026-07-13 23:07:19.073000","47","False","False","0.09"
"1","1","Nested Shambler","blc","Near Mint","English","","","2026-05-03 23:10:57.657000","185","False","False",""
"1","1","Nettle Guard","blb","Near Mint","English","","","2026-08-02 17:45:48.183000","23","False","False","0.07"
"1","1","New Generation's Technique","tmt","Near Mint","English","","","2026-07-13 23:07:19.073000","126","False","False","0.14"
"1","1","New Horizons","fdn","Near Mint","English","","","2026-05-03 23:09:59.423000","557","False","False",""
"1","1","Nighthowl Pursuer","hob","Near Mint","English","","","2026-08-09 20:07:25.990000","78","False","False","0.11"
"1","1","Nightmare Sower","ecl","Near Mint","English","foil","","2026-05-30 18:24:46.773000","114","False","False","0.16"
"1","1","Nightmare Sower","ecl","Near Mint","English","","","2026-05-03 23:08:48.333000","114","False","False","0.10"
"1","1","Nightmare Sower","ecl","Near Mint","English","","","2026-05-30 18:24:46.773000","114","False","False","0.18"
"1","1","Nightpack Ambusher","m20","Near Mint","English","","","2026-08-02 17:59:49.867000","185","False","False",""
"1","1","Nimraiser Paladin","one","Near Mint","English","","","2026-05-27 15:24:38.060000","101","False","False","0.06"
"1","1","Ninja Teen","tmt","Near Mint","English","","","2026-05-14 23:46:10.743000","67","False","False","1.45"
"2","2","Nobody","tmt","Near Mint","English","","","2026-07-13 23:07:19.073000","161","False","False","0.03"
"1","1","Nocturnal Hunger","blb","Near Mint","English","","","2026-08-02 17:45:48.183000","102","False","False","0.07"
"3","3","Nori, Teller of Tales","hob","Near Mint","English","","","2026-08-09 20:07:25.990000","161","False","False","0.14"
"1","1","Noxious Assault","one","Near Mint","English","","","2026-05-27 15:24:38.060000","176","False","False","0.14"
"1","1","Noxious Newt","sos","Near Mint","English","foil","","2026-07-22 22:57:50.160000","155","False","False","0.20"
"1","1","Null Group Biological Assets","tmt","Near Mint","English","","","2026-07-13 23:07:19.073000","98","False","False","0.05"
"1","1","Oakhollow Village","blb","Near Mint","English","","","2026-07-22 22:57:50.160000","258","False","False","0.44"
"1","1","Offer Immortality","fdn","Near Mint","English","","","2026-05-03 23:09:59.423000","525","False","False",""
"1","1","Ogre Slumlord","blc","Near Mint","English","","","2026-05-03 23:10:57.657000","186","False","False",""
"1","1","Óin the Brave","hob","Near Mint","English","foil","","2026-08-09 20:07:25.990000","106","False","False","0.26"
"2","2","Óin the Brave","hob","Near Mint","English","","","2026-08-09 20:07:25.990000","106","False","False","0.17"
"3","3","Old Thrush","hob","Near Mint","English","","","2026-08-09 20:07:34.537000","2","False","False","0.16"
"1","1","Ominous Cemetery","who","Near Mint","English","","","2026-08-02 17:59:49.867000","189","False","False",""
"1","1","Omnath, Locus of Rage","ecc","Near Mint","English","","","2026-08-02 17:58:36.490000","129","False","False",""
"1","1","Omnath, Locus of the Roil","ecc","Near Mint","English","","","2026-08-02 17:58:36.490000","130","False","False",""
"2","2","Omni-Cheese Pizza","tmt","Near Mint","English","","","2026-07-13 23:12:52.803000","176","False","False","0.07"
"3","3","On an Adventure","thob","Near Mint","English","","","2026-08-09 20:07:34.537000","15","False","False",""
"1","1","Ooze Patrol","dft","Near Mint","English","","","2026-05-03 23:08:48.333000","172","False","False","0.14"
"1","1","Ooze Spill","tmt","Near Mint","English","","","2026-07-13 23:07:19.073000","48","False","False","0.07"
"1","1","Opal Palace","ecc","Near Mint","English","","","2026-08-02 17:58:36.490000","156","False","False",""
"1","1","Open the Armory","sld","Near Mint","English","","","2026-05-03 23:10:32.010000","2089","False","False",""
"1","1","Opt","fdn","Near Mint","English","","","2026-05-03 23:09:59.423000","512","False","False",""
"1","1","Opulent Palace","ecc","Near Mint","English","","","2026-08-02 17:58:36.490000","157","False","False",""
"1","1","Oracle's Restoration","sos","Near Mint","English","","","2026-07-22 22:57:50.160000","156","False","False","0.06"
"1","1","Oran-Rief, the Vastwood","blc","Near Mint","English","","","2026-05-03 23:10:57.657000","320","False","False",""
"1","1","Ordinary Bear","hob","Near Mint","English","foil","","2026-08-19 19:38:32.203000","133","False","False",""
"3","3","Ordinary Bear","hob","Near Mint","English","","","2026-08-09 20:07:25.990000","133","False","False","0.17"
"1","1","Oreplate Pangolin","eoe","Near Mint","English","","","2026-06-30 23:34:55.230000","150","False","False","0.02"
"1","1","Oreplate Pangolin","eoe","Near Mint","English","","","2026-06-05 12:15:46.160000","150","False","False","0.06"
"1","1","Organic Extinction","eoc","Near Mint","English","","","2026-05-03 23:09:49.723000","66","False","False",""
"2","2","Ori, Keeper of Songs","hob","Near Mint","English","","","2026-08-09 20:07:25.990000","23","False","False","0.14"
"3","3","Oroku Saki, Shredder Rising","tmt","Near Mint","English","","","2026-07-13 23:12:52.803000","68","False","False","0.07"
"1","1","Otterball Antics","blb","Near Mint","English","","","2026-07-22 22:57:50.160000","63","False","False","0.16"
"1","1","Outland Liberator // Frenzied Trapbreaker","mid","Near Mint","English","","","2026-08-02 17:59:49.867000","303","False","False",""
"1","1","Overprotect","blb","Near Mint","English","","","2026-07-22 22:57:50.160000","185","False","False","1.36"
"1","1","Owlin Historian","sos","Near Mint","English","","","2026-07-22 22:57:50.160000","24","False","False","0.06"
"1","1","Pacifism","fdn","Near Mint","English","","","2026-05-03 23:09:59.423000","501","False","False",""
"1","1","Packsong Pup","vow","Near Mint","English","","","2026-08-02 17:59:49.867000","213","False","False",""
"1","1","Pain 101","tmt","Near Mint","English","","","2026-07-13 23:12:52.803000","69","False","False","0.03"
"1","1","Pain 101","tmt","Near Mint","English","","","2026-05-14 23:46:10.743000","69","False","False","0.11"
"1","1","Paladin of Predation","one","Near Mint","English","","","2026-05-27 15:24:38.060000","178","False","False","0.09"
"1","1","Palladium Myr","cmm","Near Mint","English","","","2026-05-14 23:46:10.743000","967","False","False","0.65"
"1","1","Paradox Gardens","sos","Near Mint","English","foil","","2026-07-22 22:57:50.160000","258","False","False","0.11"
"1","1","Paradox Surveyor","sos","Near Mint","English","","","2026-07-22 22:57:50.160000","208","False","False","0.10"
"1","1","Parting Gust","blb","Near Mint","English","","","2026-07-22 22:57:50.160000","24","False","False","1.36"
"1","1","Patch Up","snc","Near Mint","English","","","2026-05-23 19:17:58.147000","23","False","False","0.11"
"1","1","Path of Ancestry","soc","Near Mint","English","","","2026-05-03 23:10:23.627000","393","False","False",""
"1","1","Path of Ancestry","blc","Near Mint","English","","","2026-05-03 23:10:57.657000","322","False","False",""
"1","1","Path of Ancestry","cmr","Near Mint","English","","","2026-08-02 17:59:49.867000","353","False","False",""
"1","1","Path of Ancestry","ecc","Near Mint","English","","","2026-08-02 17:58:36.490000","158","False","False",""
"1","1","Path to Exile","ecc","Near Mint","English","","","2026-08-02 17:58:36.490000","65","False","False",""
"3","3","Patient Instructor","hob","Near Mint","English","","","2026-08-09 20:07:25.990000","162","False","False","0.13"
"1","1","Patrolling Peacemaker","eoc","Near Mint","English","","","2026-05-03 23:09:49.723000","5","False","False",""
"3","3","Pearl of Wisdom","blb","Near Mint","English","","","2026-05-03 23:10:15.600000","64","False","False",""
"1","1","Pearl of Wisdom","blb","Near Mint","English","","","2026-07-22 22:57:50.160000","64","False","False","0.23"
"1","1","Pentad Prism","eoc","Near Mint","English","","","2026-05-03 23:09:49.723000","56","False","False",""
"1","1","Perimeter Sergeant","iko","Near Mint","English","foil","","2026-05-30 18:24:46.773000","27","False","False","0.09"
"2","2","Pest","tsos","Near Mint","English","","","2026-07-22 22:57:50.160000","8","False","False",""
"1","1","Phyrexian Goblin","tone","Near Mint","English","","","2026-05-27 15:24:38.060000","3","False","False","0.16"
"1","1","Phyrexian Metamorph","eoc","Near Mint","English","","","2026-05-03 23:09:49.723000","75","False","False",""
"1","1","Pigment Wrangler // Striking Palette","sos","Near Mint","English","foil","","2026-07-22 22:57:50.160000","126","False","False","0.07"
"3","3","Pileated Provisioner","blb","Near Mint","English","","","2026-05-03 23:10:07.997000","25","False","False",""
"3","3","Pileated Provisioner","blb","Near Mint","English","","","2026-07-22 22:57:50.160000","25","False","False","0.05"
"3","3","Pinecone Strike","hob","Near Mint","English","","","2026-08-09 20:07:34.537000","107","False","False","0.14"
"1","1","Pinnacle Kill-Ship","eoe","Near Mint","English","","","2026-06-05 12:15:46.160000","244","False","False","0.15"
"1","1","Pirate's Cutlass","fdn","Near Mint","English","","","2026-05-03 23:09:59.423000","563","False","False",""
"1","1","Plaguecrafter","blc","Near Mint","English","","","2026-05-03 23:10:57.657000","187","False","False",""
"6","6","Plains","fdn","Near Mint","English","","","2026-05-03 23:09:59.423000","273","False","False",""
"8","8","Plains","fdn","Near Mint","English","","","2026-05-03 23:09:59.423000","272","False","False",""
"6","6","Plains","blb","Near Mint","English","","","2026-05-03 23:10:07.997000","369","False","False",""
"6","6","Plains","blb","Near Mint","English","","","2026-05-03 23:10:07.997000","370","False","False",""
"1","1","Plains","eoe","Near Mint","English","","","2026-05-03 23:09:49.723000","268","False","False",""
"1","1","Plains","blb","Near Mint","English","","","2026-05-14 23:46:10.743000","262","False","False","0.16"
"2","2","Plains","eoe","Near Mint","English","","","2026-05-03 23:09:49.723000","267","False","False",""
"1","1","Plains","mh3","Near Mint","English","","","2026-07-13 23:12:52.803000","311","False","False","0.10"
"10","10","Plains","mh3","Near Mint","English","","","2026-07-13 23:12:52.803000","310","False","False","0.07"
"2","2","Plains","ecl","Near Mint","English","","","2026-08-02 17:58:36.490000","269","False","False",""
"1","1","Plains","hob","Near Mint","English","foil","","2026-08-09 20:07:25.990000","194","False","False","1.22"
"1","1","Plains","hob","Near Mint","English","","","2026-08-09 20:07:25.990000","194","False","False","0.53"
"3","3","Plains","hob","Near Mint","English","","","2026-08-09 20:07:25.990000","313","False","False","1.13"
"1","1","Plains","hob","Near Mint","English","","","2026-08-09 20:07:25.990000","316","False","False","1.10"
"3","3","Plains","hob","Near Mint","English","foil","","2026-08-09 20:07:25.990000","313","False","False","1.55"
"1","1","Plains","hob","Near Mint","English","foil","","2026-08-09 20:07:25.990000","316","False","False","1.28"
"2","2","Plains","hob","Near Mint","English","foil","","2026-08-09 20:07:25.990000","189","False","False","0.24"
"3","3","Plains","hob","Near Mint","English","","","2026-08-09 20:07:25.990000","189","False","False","0.22"
"1","1","Plains","iko","Near Mint","English","","","2026-05-23 19:17:58.147000","261","False","False","0.06"
"1","1","Plargg and Nassari","soc","Near Mint","English","","","2026-05-03 23:10:23.627000","250","False","False",""
"1","1","Playful Shove","blb","Near Mint","English","","","2026-07-22 22:57:50.160000","145","False","False","0.15"
"1","1","Plumb the Forbidden","blc","Near Mint","English","","","2026-05-03 23:10:57.657000","188","False","False",""
"3","3","Plunder the Trollshaws","hob","Near Mint","English","","","2026-08-09 20:07:25.990000","51","False","False","0.15"
"1","1","Poison-Tip Archer","blc","Near Mint","English","","","2026-05-03 23:10:57.657000","256","False","False",""
"2","2","Pond Prophet","blb","Near Mint","English","","","2026-07-22 22:57:50.160000","229","False","False","0.08"
"1","1","Potioner's Trove","sos","Near Mint","English","","","2026-07-22 22:57:50.160000","251","False","False","0.06"
"1","1","Practiced Offense","sos","Near Mint","English","","","2026-07-22 22:57:50.160000","25","False","False","0.54"
"1","1","Prayer of Binding","fdn","Near Mint","English","","","2026-05-03 23:09:59.423000","502","False","False",""
"1","1","Prideful Parent","fdn","Near Mint","English","","","2026-05-03 23:09:59.423000","21","False","False",""
"1","1","Primal Beyond","ecc","Near Mint","English","","","2026-08-02 17:58:36.490000","159","False","False",""
"2","2","Primordial Pachyderm","tmt","Near Mint","English","","","2026-07-13 23:07:19.073000","129","False","False","0.08"
"1","1","Prismari Campus","soc","Near Mint","English","","","2026-05-03 23:10:23.627000","394","False","False",""
"1","1","Prismari Charm","sos","Near Mint","English","","","2026-05-03 23:10:23.627000","211","False","False",""
"1","1","Prismari Command","soc","Near Mint","English","","","2026-05-03 23:10:23.627000","323","False","False",""
"1","1","Prismari Pianist","soc","Near Mint","English","","","2026-05-03 23:10:23.627000","34","False","False",""
"1","1","Prizefight","snc","Near Mint","English","","","2026-05-23 19:17:58.147000","154","False","False","0.17"
"1","1","Procrastinate","sos","Near Mint","English","","","2026-07-22 22:57:50.160000","64","False","False","0.08"
"1","1","Proctor's Gaze","sos","Near Mint","English","","","2026-07-22 22:57:50.160000","213","False","False","0.16"
"1","1","Prophetic Prism","one","Near Mint","English","","","2026-05-27 15:24:38.060000","238","False","False","0.07"
"1","1","Prosperous Innkeeper","blc","Near Mint","English","","","2026-05-03 23:10:57.657000","121","False","False",""
"1","1","Psychic Whorl","blb","Near Mint","English","","","2026-07-22 22:57:50.160000","105","False","False","0.05"
"2","2","Pterafractyl","sos","Near Mint","English","","","2026-07-22 22:57:50.160000","215","False","False","0.10"
"3","3","Pull from the Grave","sos","Near Mint","English","","","2026-07-22 22:57:50.160000","95","False","False","0.05"
"1","1","Pull from Tomorrow","eoc","Near Mint","English","","","2026-05-03 23:09:49.723000","76","False","False",""
"1","1","Pulsar Squadron Ace","eoe","Near Mint","English","","","2026-06-30 23:34:55.230000","28","False","False","0.05"
"1","1","Pummeler for Hire","ecl","Near Mint","English","","","2026-05-23 19:17:58.147000","190","False","False","0.03"
"1","1","Punk Frogs","tmt","Near Mint","English","","","2026-07-13 23:07:19.073000","164","False","False","0.04"
"1","1","Putrefy","blc","Near Mint","English","","","2026-05-03 23:10:57.657000","257","False","False",""
"2","2","Quaketusk Boar","blb","Near Mint","English","","","2026-05-03 23:10:15.600000","146","False","False",""
"3","3","Quarrel","hob","Near Mint","English","","","2026-08-09 20:07:25.990000","135","False","False","0.10"
"1","1","Queza, Augur of Agonies","snc","Near Mint","English","","","2026-05-23 19:17:58.147000","326","False","False","0.20"
"1","1","Quick Study","fdn","Near Mint","English","","","2026-05-03 23:09:59.423000","513","False","False",""
"1","1","Quick Study","sos","Near Mint","English","","","2026-07-22 22:57:50.160000","65","False","False","0.09"
"1","1","Quick-Draw Katana","fdn","Near Mint","English","","","2026-05-03 23:09:59.423000","130","False","False",""
"1","1","Quicksilver Fisher","one","Near Mint","English","","","2026-05-27 15:24:38.060000","66","False","False","0.03"
"1","1","Quintessential Katana","tmt","Near Mint","English","","","2026-07-13 23:07:19.073000","23","False","False","0.16"
"2","2","Rabbit Response","blb","Near Mint","English","","","2026-05-03 23:10:07.997000","26","False","False",""
"2","2","Rabid Bite","blb","Near Mint","English","","","2026-05-03 23:10:07.997000","394","False","False",""
"2","2","Rabid Gnaw","blb","Near Mint","English","","","2026-05-03 23:10:15.600000","147","False","False",""
"1","1","Raccoon Rallier","blb","Near Mint","English","foil","","2026-07-22 22:57:50.160000","148","False","False","0.15"
"1","1","Raccoon Rallier","blb","Near Mint","English","","","2026-05-23 19:17:58.147000","148","False","False","0.09"
"1","1","Radiant Summit","eoc","Near Mint","English","","","2026-05-03 23:09:49.723000","23","False","False",""
"1","1","Ragamuffin Raptor","tmt","Near Mint","English","","","2026-07-13 23:07:19.073000","130","False","False","0.07"
"2","2","Rage into the Valley","hob","Near Mint","English","","","2026-08-09 20:07:34.537000","79","False","False","0.18"
"1","1","Ragged Short Spear","hob","Near Mint","English","","","2026-08-09 20:07:25.990000","108","False","False","0.19"
"2","2","Raging Ravine","ecc","Near Mint","English","","","2026-08-03 09:38:20.503000","160","False","False",""
"1","1","Raging Redcap","fdn","Near Mint","English","","","2026-05-03 23:09:59.423000","543","False","False",""
"1","1","Rain-Slicked Copse","ecc","Near Mint","English","","","2026-08-02 17:58:36.490000","23","False","False",""
"1","1","Rally at the Hornburg","ltr","Near Mint","English","","","2026-05-14 23:46:10.743000","142","False","False","0.22"
"1","1","Rampant Growth","otc","Near Mint","English","","","2026-08-02 17:59:49.867000","201","False","False",""
"1","1","Ranger Class","afr","Near Mint","English","","","2026-08-02 17:59:49.867000","202","False","False",""
"1","1","Rapacious Dragon","fdn","Near Mint","English","","","2026-05-03 23:09:59.423000","544","False","False",""
"1","1","Raphael, Tough Turtle","tmt","Near Mint","English","","","2026-07-13 23:07:19.073000","104","False","False","0.14"
"1","1","Rapier Wit","sos","Near Mint","English","","","2026-07-22 22:57:50.160000","28","False","False","0.06"
"1","1","Rat King, Verminister","tmt","Near Mint","English","","","2026-07-13 23:07:19.073000","71","False","False","0.75"
"1","1","Raugrin Triome","iko","Near Mint","English","","","2026-05-30 18:24:46.773000","311","False","False","12.44"
"3","3","Ravening Warg","hob","Near Mint","English","","","2026-08-09 20:07:34.537000","80","False","False","0.12"
"1","1","Ravenous Squirrel","blc","Near Mint","English","","","2026-05-03 23:10:57.657000","258","False","False",""
"1","1","Ravine Raider","blb","Near Mint","English","","","2026-05-14 23:46:10.743000","106","False","False","0.08"
"1","1","Razortide Bridge","eoc","Near Mint","English","","","2026-05-03 23:09:49.723000","171","False","False",""
"1","1","Reality Shift","ecc","Near Mint","English","","","2026-08-02 17:58:36.490000","68","False","False",""
"1","1","Reality Shift","soc","Near Mint","English","","","2026-05-03 23:10:23.627000","199","False","False",""
"1","1","Realmwalker","ecc","Near Mint","English","","","2026-08-02 17:58:36.490000","114","False","False",""
"1","1","Reassembling Skeleton","fdn","Near Mint","English","","","2026-05-03 23:09:59.423000","182","False","False",""
"1","1","Reckless Stormseeker // Storm-Charged Slasher","mid","Near Mint","English","","","2026-08-02 17:59:49.867000","157","False","False",""
"1","1","Red Tiger Mechan","eoe","Near Mint","English","","","2026-06-30 23:34:55.230000","154","False","False","0.07"
"1","1","Redoubled Stormsinger","soc","Near Mint","English","","","2026-05-03 23:10:23.627000","251","False","False",""
"1","1","Rehearsed Debater","sos","Near Mint","English","","","2026-07-22 22:57:50.160000","29","False","False","0.04"
"1","1","Relentless Rohirrim","ltr","Near Mint","English","","","2026-05-14 23:46:10.743000","144","False","False","0.05"
"1","1","Reliquary Tower","soc","Near Mint","English","","","2026-05-03 23:10:23.627000","398","False","False",""
"1","1","Remnant Elemental","eoe","Near Mint","English","","","2026-06-30 23:34:55.230000","155","False","False","0.05"
"1","1","Renegade Bull","soc","Near Mint","English","","","2026-05-03 23:10:23.627000","36","False","False",""
"2","2","Repel Calamity","blb","Near Mint","English","","","2026-05-03 23:10:07.997000","27","False","False",""
"1","1","Replication Technique","soc","Near Mint","English","","","2026-05-03 23:10:23.627000","200","False","False",""
"1","1","Reprieve","ltr","Near Mint","English","","","2026-05-14 23:46:10.743000","26","False","False","0.66"
"1","1","Reptilian Recruiter","blb","Near Mint","English","","","2026-08-02 17:45:48.183000","149","False","False","0.06"
"1","1","Requiem Monolith","eoe","Near Mint","English","","","2026-07-09 18:29:55.097000","333","False","False","0.41"
"1","1","Resculpt","soc","Near Mint","English","","","2026-05-03 23:10:23.627000","201","False","False",""
"1","1","Resourceful Defense","eoc","Near Mint","English","","","2026-05-03 23:09:49.723000","67","False","False",""
"1","1","Restless Spire","soc","Near Mint","English","","","2026-05-03 23:10:23.627000","399","False","False",""
"1","1","Retro-Mutation","tmt","Near Mint","English","","","2026-07-13 23:07:19.073000","51","False","False","0.06"
"1","1","Return of the Wildspeaker","ecc","Near Mint","English","","","2026-08-02 17:58:36.490000","115","False","False",""
"1","1","Return to the Sewers","tmt","Near Mint","English","","","2026-07-13 23:07:19.073000","52","False","False","0.09"
"1","1","Reverent Howl","hob","Near Mint","English","foil","","2026-08-09 20:07:34.537000","81","False","False","0.24"
"3","3","Reverent Howl","hob","Near Mint","English","","","2026-08-09 20:07:25.990000","81","False","False","0.14"
"1","1","Ride's End","dft","Near Mint","English","","","2026-05-03 23:08:48.333000","25","False","False","0.10"
"1","1","Rigo, Streetwise Mentor","snc","Near Mint","English","","","2026-05-23 19:17:58.147000","215","False","False","0.19"
"1","1","Rimekin Recluse","ecl","Near Mint","English","","","2026-05-03 23:08:48.333000","66","False","False","0.07"
"1","1","Rionya, Fire Dancer","soc","Near Mint","English","","","2026-05-03 23:10:23.627000","252","False","False",""
"1","1","Ripples of Potential","eoc","Near Mint","English","","","2026-05-03 23:09:49.723000","77","False","False",""
"1","1","Risen Reef","ecc","Near Mint","English","","","2026-08-02 17:58:36.490000","132","False","False",""
"1","1","Rite of Replication","soc","Near Mint","English","","","2026-05-03 23:10:23.627000","202","False","False",""
"1","1","Riveteers Requisitioner","snc","Near Mint","English","","","2026-05-23 19:17:58.147000","121","False","False","0.09"
"2","2","Robot","teoe","Near Mint","English","","","2026-06-30 23:34:55.230000","10","False","False",""
"1","1","Robot","teoe","Near Mint","English","foil","","2026-07-09 18:29:55.097000","10","False","False",""
"1","1","Robot","ttmt","Near Mint","English","","","2026-05-14 23:46:10.743000","10","False","False",""
"1","1","Rock Soldiers","tmt","Near Mint","English","","","2026-05-14 23:46:10.743000","107","False","False","0.07"
"2","2","Rocksteady, Crash Courser","tmt","Near Mint","English","","","2026-07-13 23:07:19.073000","131","False","False","0.07"
"1","1","Rohirrim Lancer","ltr","Near Mint","English","","","2026-05-14 23:46:10.743000","146","False","False","0.05"
"1","1","Roll-Roll-Roll-Roll","hob","Near Mint","English","","","2026-08-09 20:07:25.990000","54","False","False","0.10"
"1","1","Rootcast Apprenticeship","blc","Near Mint","English","","","2026-05-03 23:10:57.657000","32","False","False",""
"1","1","Rootcoil Creeper","mid","Near Mint","English","","","2026-08-02 17:45:48.183000","238","False","False","0.12"
"1","1","Rootha, Mastering the Moment","soc","Near Mint","English","","","2026-05-03 23:10:23.627000","8","False","False",""
"1","1","Rootha, Mercurial Artist","soc","Near Mint","English","","","2026-05-03 23:10:23.627000","329","False","False",""
"1","1","Rousing Refrain","soc","Near Mint","English","","","2026-05-03 23:10:23.627000","253","False","False",""
"1","1","Roving Actuator","eoe","Near Mint","English","","","2026-06-05 12:15:46.160000","157","False","False","0.06"
"1","1","Rugged Highlands","dft","Near Mint","English","","","2026-05-03 23:08:48.333000","262","False","False","0.03"
"1","1","Rugged Highlands","m21","Near Mint","English","","","2026-08-02 17:59:49.867000","249","False","False",""
"1","1","Rugged Prairie","eoc","Near Mint","English","","","2026-05-03 23:09:49.723000","174","False","False",""
"1","1","Ruinous Intrusion","lcc","Near Mint","English","","","2026-08-02 17:59:49.867000","255","False","False",""
"1","1","Run Away Together","ecl","Near Mint","English","","","2026-05-03 23:08:48.333000","67","False","False","0.04"
"1","1","Run Behind","sos","Near Mint","English","","","2026-07-22 22:57:50.160000","66","False","False","0.05"
"1","1","Run Over","dft","Near Mint","English","","","2026-05-03 23:08:48.333000","179","False","False","0.08"
"1","1","Runebound Wolf","vow","Near Mint","English","","","2026-08-02 17:59:49.867000","176","False","False",""
"1","1","Rustvale Bridge","eoc","Near Mint","English","","","2026-05-03 23:09:49.723000","175","False","False",""
"1","1","Safewright Cavalry","ecl","Near Mint","English","","","2026-05-03 23:08:48.333000","191","False","False","0.03"
"1","1","Sage of Ancient Lore // Werewolf of Ancient Hunger","soi","Near Mint","English","","","2026-08-02 17:59:49.867000","225","False","False",""
"1","1","Sally Pride, Lioness Leader","tmt","Near Mint","English","","","2026-07-13 23:07:19.073000","24","False","False","0.26"
"1","1","Sami, Ship's Engineer","eoe","Near Mint","English","","","2026-06-05 12:15:46.160000","225","False","False","0.09"
"1","1","Sandsteppe Citadel","ecc","Near Mint","English","","","2026-08-02 17:58:36.490000","164","False","False",""
"1","1","Savage Lands","ecc","Near Mint","English","","","2026-08-02 17:58:36.490000","165","False","False",""
"1","1","Savage Mansion","spm","Near Mint","English","","","2026-08-02 17:59:49.867000","183","False","False",""
"1","1","Savannah Lions","fdn","Near Mint","English","","","2026-05-03 23:09:59.423000","146","False","False",""
"1","1","Saw in Half","blc","Near Mint","English","","","2026-05-03 23:10:57.657000","113","False","False",""
"1","1","Scorched Geyser","soc","Near Mint","English","","","2026-05-03 23:10:23.627000","54","False","False",""
"1","1","Scorching Dragonfire","fdn","Near Mint","English","","","2026-05-03 23:09:59.423000","545","False","False",""
"1","1","Scorned Villager // Moonscarred Werewolf","dka","Near Mint","English","","","2026-08-02 17:59:49.867000","125","False","False",""
"1","1","Scroll of Fate","dsc","Near Mint","English","","","2026-08-03 09:38:50.743000","251","False","False",""
"1","1","Scroll of Fate","c19","Near Mint","English","","","2026-08-02 17:59:49.867000","58","False","False",""
"1","1","Scrounge for Eternity","eoe","Near Mint","English","foil","","2026-07-09 18:29:55.097000","114","False","False","0.19"
"1","1","Scurry of Squirrels","blc","Near Mint","English","","","2026-05-03 23:10:57.657000","33","False","False",""
"1","1","Seachrome Coast","one","Near Mint","English","foil","","2026-05-27 15:24:38.060000","374","False","False","2.81"
"1","1","Seaside Citadel","ecc","Near Mint","English","","","2026-08-02 17:58:36.490000","166","False","False",""
"1","1","Season of the Bold","blb","Near Mint","English","","","2026-07-22 22:57:50.160000","152","False","False","1.06"
"1","1","Seasoned Warrenguard","blb","Near Mint","English","foil","","2026-07-22 22:57:50.160000","30","False","False","0.11"
"1","1","Seat of the Synod","eoc","Near Mint","English","","","2026-05-03 23:09:49.723000","176","False","False",""
"1","1","Secluded Courtyard","ecc","Near Mint","English","","","2026-08-02 17:58:36.490000","62","False","False",""
"1","1","Secluded Steppe","eoc","Near Mint","English","","","2026-05-03 23:09:49.723000","177","False","False",""
"1","1","Second Harvest","blc","Near Mint","English","","","2026-05-03 23:10:57.657000","123","False","False",""
"1","1","Seedpod Squire","blb","Near Mint","English","","","2026-07-22 22:57:50.160000","232","False","False","0.06"
"1","1","Seedship Impact","eoe","Near Mint","English","","","2026-06-30 23:34:55.230000","205","False","False","0.19"
"1","1","Seize the Spoils","fdn","Near Mint","English","","","2026-05-03 23:09:59.423000","546","False","False",""
"1","1","Selfcraft Mechan","eoe","Near Mint","English","foil","","2026-06-30 23:34:55.230000","74","False","False","0.11"
"1","1","Selvala, Heart of the Wilds","ecc","Near Mint","English","","","2026-08-02 17:58:36.490000","116","False","False",""
"1","1","Send in the Pest","sos","Near Mint","English","","","2026-07-22 22:57:50.160000","100","False","False","0.08"
"1","1","Serra Redeemer","blb","Near Mint","English","","","2026-05-03 23:10:07.997000","387","False","False",""
"3","3","Sewer-veillance Cam","tmt","Near Mint","English","","","2026-07-13 23:07:19.073000","53","False","False","0.25"
"1","1","Shadow the Hedgehog","sld","Near Mint","English","","","2026-05-03 23:10:41.487000","2086","False","False",""
"1","1","Shamanic Revelation","blc","Near Mint","English","","","2026-05-03 23:10:57.657000","237","False","False",""
"1","1","Shambling Vent","eos","Near Mint","English","","","2026-07-09 18:29:55.097000","38","False","False","0.48"
"1","1","Shapeshifter","tecl","Near Mint","English","","","2026-05-30 18:24:46.773000","1","False","False",""
"1","1","Shark","tdsc","Near Mint","English","","","2026-05-23 19:17:58.147000","4","False","False","0.40"
"1","1","Shatter the Sky","ecc","Near Mint","English","","","2026-08-02 17:58:36.490000","66","False","False",""
"1","1","Sheltered Thicket","cmm","Near Mint","English","","","2026-08-02 17:59:49.867000","1032","False","False",""
"1","1","Shimmercreep","ecl","Near Mint","English","","","2026-08-02 17:58:36.490000","120","False","False",""
"1","1","Shivan Reef","eoc","Near Mint","English","","","2026-05-03 23:09:49.723000","179","False","False",""
"1","1","Shivan Reef","soc","Near Mint","English","","","2026-05-03 23:10:23.627000","404","False","False",""
"1","1","Shore Lurker","ecl","Near Mint","English","","","2026-05-03 23:08:48.333000","34","False","False","0.06"
"1","1","Shore Up","blb","Near Mint","English","foil","","2026-07-22 22:57:50.160000","69","False","False","0.19"
"1","1","Shore Up","blb","Near Mint","English","","","2026-07-22 22:57:50.160000","69","False","False","0.13"
"1","1","Shredder, Unrelenting","tmt","Near Mint","English","","","2026-07-13 23:12:52.803000","210","False","False","0.19"
"1","1","Shredder's Revenge","tmt","Near Mint","English","","","2026-07-13 23:12:52.803000","76","False","False","0.04"
"1","1","Shriekmaw","ecc","Near Mint","English","","","2026-08-02 17:58:36.490000","85","False","False",""
"1","1","Silken Strength","dft","Near Mint","English","","","2026-05-03 23:08:48.333000","180","False","False","0.07"
"2","2","Silvan Reveler","hob","Near Mint","English","","","2026-08-09 20:07:25.990000","163","False","False","0.20"
"1","1","Silverbluff Bridge","eoc","Near Mint","English","","","2026-05-03 23:09:49.723000","180","False","False",""
"1","1","Silverfur Partisan","soi","Near Mint","English","","","2026-08-02 17:59:49.867000","228","False","False",""
"1","1","Sinew Dancer","one","Near Mint","English","","","2026-05-27 15:24:38.060000","32","False","False","0.10"
"1","1","Sinister Monolith","blb","Near Mint","English","","","2026-07-22 22:57:50.160000","113","False","False","0.14"
"1","1","Siphon Insight","mid","Near Mint","English","","","2026-08-02 17:45:48.183000","241","False","False","0.29"
"1","1","Skateboard","tmt","Near Mint","English","","","2026-07-13 23:07:19.073000","178","False","False","0.33"
"1","1","Skeleton Archer","fdn","Near Mint","English","","","2026-05-03 23:09:59.423000","526","False","False",""
"1","1","Skullclamp","blc","Near Mint","English","","","2026-05-03 23:10:57.657000","283","False","False",""
"1","1","Skybridge Towers","snc","Near Mint","English","","","2026-05-23 19:17:58.147000","354","False","False","0.04"
"1","1","Skycloud Expanse","eoc","Near Mint","English","","","2026-05-03 23:09:49.723000","181","False","False",""
"1","1","Skyfisher Spider","blc","Near Mint","English","","","2026-05-03 23:10:57.657000","261","False","False",""
"1","1","Skyraker Giant","fdn","Near Mint","English","","","2026-05-03 23:09:59.423000","547","False","False",""
"1","1","Skyscythe Engulfer","one","Near Mint","English","","","2026-05-27 15:24:38.060000","183","False","False","0.03"
"1","1","Skyship Buccaneer","fdn","Near Mint","English","","","2026-05-03 23:09:59.423000","50","False","False",""
"1","1","Skystinger","eoe","Near Mint","English","","","2026-06-05 12:15:46.160000","207","False","False","0.02"
"1","1","Slaughter Singer","one","Near Mint","English","","","2026-05-27 15:24:38.060000","216","False","False","0.06"
"1","1","Slithering Cryptid","tmt","Near Mint","English","","","2026-07-13 23:07:19.073000","168","False","False","0.02"
"1","1","Slithermuse","ecc","Near Mint","English","","","2026-08-02 17:58:36.490000","69","False","False",""
"1","1","Smaug the Magnificent","hob","Near Mint","English","","","2026-08-09 20:07:25.990000","110","False","False","15.71"
"2","2","Smaug, the Great Calamity // Spew Flame","hob","Near Mint","English","","","2026-08-09 20:07:25.990000","109","False","False","0.13"
"1","1","Smaug, the Great Calamity // Spew Flame","hob","Near Mint","English","foil","","2026-08-09 20:07:34.537000","109","False","False","0.18"
"1","1","Smaug's Fury","hob","Near Mint","English","","","2026-08-09 20:07:25.990000","111","False","False","0.15"
"1","1","Smokebraider","ecc","Near Mint","English","","","2026-08-02 17:58:36.490000","96","False","False",""
"1","1","Snail","tblb","Near Mint","English","","","2026-07-22 22:57:50.160000","14","False","False","0.34"
"1","1","Snakeskin Veil","fdn","Near Mint","English","","","2026-05-03 23:09:59.423000","233","False","False",""
"1","1","Snakeskin Veil","khm","Near Mint","English","","","2026-08-02 17:59:49.867000","194","False","False",""
"1","1","Snare Tactician","iko","Near Mint","English","foil","","2026-05-30 18:24:46.773000","30","False","False","0.07"
"1","1","Sneering Shadewriter","sos","Near Mint","English","","","2026-07-22 22:57:50.160000","101","False","False","0.02"
"2","2","Snowslope Hunter","hob","Near Mint","English","","","2026-08-09 20:07:25.990000","112","False","False","0.23"
"1","1","Sodden Verdure","ecc","Near Mint","English","","","2026-08-02 17:58:36.490000","24","False","False",""
"1","1","Sol Ring","ecc","Near Mint","English","","","2026-08-02 17:58:36.490000","57","False","False",""
"1","1","Sol Ring","sld","Near Mint","English","","","2026-05-03 23:10:32.010000","2093","False","False",""
"1","1","Sol Ring","eoc","Near Mint","English","","","2026-05-03 23:09:49.723000","57","False","False",""
"1","1","Sol Ring","blc","Near Mint","English","","","2026-05-03 23:10:57.657000","129","False","False",""
"1","1","Sol Ring","tdc","Near Mint","English","","","2026-08-02 17:59:49.867000","106","False","False",""
"1","1","Sol Ring","soc","Near Mint","English","","","2026-05-03 23:10:23.627000","128","False","False",""
"1","1","Solar Array","eoc","Near Mint","English","","","2026-05-03 23:09:49.723000","18","False","False",""
"1","1","Solemn Simulacrum","soc","Near Mint","English","","","2026-05-03 23:10:23.627000","355","False","False",""
"1","1","Sonic the Hedgehog","sld","Near Mint","English","","","2026-05-03 23:10:41.487000","2087","False","False",""
"1","1","Soul-Guide Gryff","mid","Near Mint","English","","","2026-08-02 17:45:48.183000","35","False","False","0.05"
"1","1","Soul-Guide Lantern","eoc","Near Mint","English","","","2026-05-03 23:09:49.723000","143","False","False",""
"1","1","Sound the Trumpets","hob","Near Mint","English","foil","","2026-08-19 19:34:01.257000","55","False","False",""
"1","1","Sound the Trumpets","hob","Near Mint","English","","","2026-08-09 20:07:25.990000","55","False","False","0.15"
"1","1","Spectacle Summit","sos","Near Mint","English","","","2026-05-03 23:10:23.627000","262","False","False",""
"1","1","Spectacle Summit","sos","Near Mint","English","","","2026-07-22 22:57:50.160000","262","False","False","0.10"
"1","1","Spectral Sailor","fdn","Near Mint","English","","","2026-05-03 23:09:59.423000","164","False","False",""
"1","1","Spellgyre","blb","Near Mint","English","","","2026-05-23 19:17:58.147000","72","False","False","0.18"
"2","2","Spicy Oatmeal Pizza","tmt","Near Mint","English","","","2026-07-13 23:07:19.073000","109","False","False","0.06"
"1","1","Spiral into Solitude","ecl","Near Mint","English","","","2026-05-30 18:24:46.773000","36","False","False","0.07"
"1","1","Spire of Industry","eoc","Near Mint","English","","","2026-05-03 23:09:49.723000","183","False","False",""
"1","1","Spirit","tsos","Near Mint","English","","","2026-07-22 22:57:50.160000","11","False","False",""
"1","1","Splash Lasher","blb","Near Mint","English","","","2026-05-14 23:46:10.743000","73","False","False","0.12"
"1","1","Splinter, Hamato Yoshi","tmt","Near Mint","English","","","2026-07-13 23:12:52.803000","79","False","False","0.14"
"1","1","Splinter's Technique","tmt","Near Mint","English","","","2026-07-13 23:12:52.803000","80","False","False","2.03"
"1","1","Springleaf Parade","ecc","Near Mint","English","","","2026-08-02 17:58:36.490000","19","False","False",""
"1","1","Sprite Dragon","iko","Near Mint","English","","","2026-05-30 18:24:46.773000","382","False","False","0.66"
"1","1","Squire's Lightblade","eoe","Near Mint","English","","","2026-06-05 12:15:46.160000","36","False","False","0.07"
"1","1","Squirrel Nest","blc","Near Mint","English","","","2026-05-03 23:10:57.657000","239","False","False",""
"1","1","Squirrel Sovereign","blc","Near Mint","English","","","2026-05-03 23:10:57.657000","240","False","False",""
"1","1","Squirrelanoids","tmt","Near Mint","English","","","2026-05-14 23:46:10.743000","81","False","False","0.10"
"2","2","Squirrelanoids","tmt","Near Mint","English","","","2026-07-13 23:07:19.073000","81","False","False","0.07"
"1","1","Stadium Tidalmage","sos","Near Mint","English","","","2026-07-22 22:57:50.160000","232","False","False","0.05"
"1","1","Starbreach Whale","eoe","Near Mint","English","","","2026-06-30 23:34:55.230000","77","False","False","0.03"
"1","1","Stargaze","blb","Near Mint","English","","","2026-05-14 23:46:10.743000","114","False","False","0.11"
"1","1","Stargaze","soa","Near Mint","English","","","2026-07-22 22:57:50.160000","34","False","False","0.10"
"1","1","Starlight Snare","fdn","Near Mint","English","","","2026-05-03 23:09:59.423000","514","False","False",""
"1","1","Starlit Soothsayer","blb","Near Mint","English","","","2026-07-22 22:57:50.160000","115","False","False","0.03"
"1","1","Starport Security","eoe","Near Mint","English","foil","","2026-07-09 18:29:55.097000","39","False","False","0.10"
"1","1","Starseer Mentor","blb","Near Mint","English","","","2026-08-02 17:45:48.183000","233","False","False","0.16"
"1","1","Starting Column","dft","Near Mint","English","","","2026-05-03 23:08:48.333000","244","False","False","0.07"
"1","1","Steel Overseer","eoc","Near Mint","English","","","2026-05-03 23:09:49.723000","144","False","False",""
"1","1","Sting, Bilbo's Sword","hob","Near Mint","English","","","2026-08-09 20:07:25.990000","178","False","False","0.16"
"1","1","Stir Up Trouble","hob","Near Mint","English","foil","","2026-08-19 19:30:31.677000","84","False","False",""
"3","3","Stir Up Trouble","hob","Near Mint","English","","","2026-08-09 20:07:25.990000","84","False","False","0.13"
"1","1","Stirring Honormancer","sos","Near Mint","English","","","2026-07-22 22:57:50.160000","234","False","False","0.13"
"1","1","Stock Up","soa","Near Mint","English","","","2026-07-22 22:57:50.160000","24","False","False","1.08"
"1","1","Stockman, Mad Fly-entist","tmt","Near Mint","English","","","2026-07-13 23:07:19.073000","54","False","False","0.07"
"1","1","Stockman, Mad Fly-entist","tmt","Near Mint","English","foil","","2026-07-13 23:07:19.073000","54","False","False","0.14"
"1","1","Stomped by the Foot","tmt","Near Mint","English","","","2026-07-13 23:12:52.803000","82","False","False","0.04"
"2","2","Stone Boulder","thob","Near Mint","English","","","2026-08-09 20:07:25.990000","11","False","False",""
"1","1","Stone by Sunlight","hob","Near Mint","English","","","2026-08-09 20:07:25.990000","27","False","False","0.12"
"1","1","Stone Docent","sos","Near Mint","English","","","2026-07-22 22:57:50.160000","36","False","False","0.11"
"3","3","Stony-Voiced Goblins","hob","Near Mint","English","","","2026-08-09 20:07:34.537000","85","False","False","0.16"
"1","1","Storm Fleet Spy","fdn","Near Mint","English","","","2026-05-03 23:09:59.423000","515","False","False",""
"2","2","Stormcatch Mentor","blb","Near Mint","English","","","2026-05-03 23:10:15.600000","234","False","False",""
"1","1","Stormcatch Mentor","soc","Near Mint","English","","","2026-05-03 23:10:23.627000","331","False","False",""
"1","1","Storm-Kiln Artist","soc","Near Mint","English","","","2026-05-03 23:10:23.627000","255","False","False",""
"1","1","Stormwild Capridor","iko","Near Mint","English","foil","","2026-05-30 18:24:46.773000","34","False","False","0.17"
"1","1","Strangle","snc","Near Mint","English","","","2026-05-23 19:17:58.147000","125","False","False","0.11"
"1","1","Stromkirk Bloodthief","fdn","Near Mint","English","","","2026-05-03 23:09:59.423000","185","False","False",""
"1","1","Studious First-Year // Rampant Growth","sos","Near Mint","English","","","2026-07-22 22:57:50.160000","162","False","False","0.16"
"2","2","Study Hall","soc","Near Mint","English","","","2026-08-03 09:38:37.263000","407","False","False",""
"1","1","Subterfuge","ecc","Near Mint","English","","","2026-08-02 17:58:36.490000","6","False","False",""
"1","1","Sulfur Falls","eoc","Near Mint","English","","","2026-05-03 23:09:49.723000","184","False","False",""
"1","1","Sulfur Falls","soc","Near Mint","English","","","2026-05-03 23:10:23.627000","408","False","False",""
"1","1","Sundown Pass","sos","Near Mint","English","","","2026-07-22 22:57:50.160000","264","False","False","1.59"
"1","1","Sunshower Druid","blb","Near Mint","English","","","2026-07-22 22:57:50.160000","195","False","False","0.09"
"1","1","Super State","sld","Near Mint","English","","","2026-05-03 23:10:41.487000","2081","False","False",""
"1","1","Supper for Spiders","hob","Near Mint","English","","","2026-08-09 20:07:34.537000","86","False","False","0.43"
"1","1","Surge Conductor","eoc","Near Mint","English","","","2026-05-03 23:09:49.723000","19","False","False",""
"1","1","Surge to Victory","soc","Near Mint","English","","","2026-05-03 23:10:23.627000","256","False","False",""
"1","1","Suspicious Shambler","fdn","Near Mint","English","","","2026-05-03 23:09:59.423000","527","False","False",""
"1","1","Swab Goblin","fdn","Near Mint","English","","","2026-05-03 23:09:59.423000","548","False","False",""
"1","1","Swamp","tmt","Near Mint","English","","","2026-07-13 23:07:19.073000","193","False","False","0.20"
"1","1","Swamp","blb","Near Mint","English","","","2026-08-02 17:45:48.183000","270","False","False","0.21"
"1","1","Swamp","ecl","Near Mint","English","","","2026-05-23 19:17:58.147000","281","False","False","0.24"
"9","9","Swamp","ddk","Near Mint","English","","","2026-07-13 23:12:52.803000","80","False","False","0.12"
"1","1","Swamp","iko","Near Mint","English","","","2026-05-30 18:24:46.773000","268","False","False","0.12"
"3","3","Swamp","fdn","Near Mint","English","","","2026-05-03 23:09:59.423000","277","False","False",""
"1","1","Swamp","eoe","Near Mint","English","","","2026-06-30 23:34:55.230000","272","False","False","0.16"
"1","1","Swamp","ecl","Near Mint","English","","","2026-05-30 18:24:46.773000","281","False","False","0.27"
"2","2","Swamp","ecl","Near Mint","English","","","2026-08-02 17:58:36.490000","271","False","False",""
"1","1","Swamp","snc","Near Mint","English","","","2026-05-23 19:17:58.147000","266","False","False","0.04"
"11","11","Swamp","fdn","Near Mint","English","","","2026-05-03 23:09:59.423000","276","False","False",""
"1","1","Swamp","one","Near Mint","English","","","2026-05-27 15:24:38.060000","269","False","False","1.30"
"1","1","Swamp","one","Near Mint","English","","","2026-07-13 23:12:52.803000","274","False","False","0.10"
"1","1","Swamp","blb","Near Mint","English","","","2026-07-22 22:57:50.160000","270","False","False","0.19"
"3","3","Swamp","hob","Near Mint","English","","","2026-08-09 20:07:25.990000","191","False","False","0.22"
"4","4","Swamp","blb","Near Mint","English","","","2026-05-03 23:10:57.657000","374","False","False",""
"4","4","Swamp","blb","Near Mint","English","","","2026-05-03 23:10:57.657000","373","False","False",""
"2","2","Swamp","hob","Near Mint","English","foil","","2026-08-09 20:07:25.990000","191","False","False","0.22"
"1","1","Swamp","hob","Near Mint","English","foil","","2026-08-09 20:07:25.990000","196","False","False","0.83"
"2","2","Swamp","hob","Near Mint","English","","","2026-08-09 20:07:34.537000","196","False","False","0.43"
"1","1","Swamp","tmt","Near Mint","English","foil","","2026-07-13 23:07:19.073000","193","False","False","0.25"
"1","1","Swan Song","eoc","Near Mint","English","","","2026-05-03 23:09:49.723000","46","False","False",""
"1","1","Swarm Culler","eoe","Near Mint","English","","","2026-06-30 23:34:55.230000","119","False","False","0.08"
"1","1","Swarmyard","blc","Near Mint","English","","","2026-05-03 23:10:57.657000","133","False","False",""
"1","1","Swarmyard Massacre","blc","Near Mint","English","","","2026-05-03 23:10:57.657000","20","False","False",""
"1","1","Swiftfoot Boots","sld","Near Mint","English","","","2026-05-07 23:04:00.963000","2096","False","False",""
"4","4","Swiftwater Cliffs","blb","Near Mint","English","","","2026-05-03 23:10:15.600000","397","False","False",""
"1","1","Swiftwing Assailant","dft","Near Mint","English","","","2026-05-03 23:08:48.333000","32","False","False","0.05"
"1","1","Sword of the Squeak","blc","Near Mint","English","","","2026-05-03 23:10:57.657000","40","False","False",""
"1","1","Sword of Vengeance","blb","Near Mint","English","","","2026-05-03 23:10:15.600000","395","False","False",""
"1","1","Swords to Plowshares","eoc","Near Mint","English","","","2026-05-03 23:09:49.723000","45","False","False",""
"1","1","Tainted Wood","blc","Near Mint","English","","","2026-05-03 23:10:57.657000","337","False","False",""
"1","1","Tajuru Pathwarden","fdn","Near Mint","English","","","2026-05-03 23:09:59.423000","558","False","False",""
"1","1","Take Out the Trash","blb","Near Mint","English","","","2026-07-22 22:57:50.160000","156","False","False","0.06"
"1","1","Talisman of Creativity","soc","Near Mint","English","","","2026-05-03 23:10:23.627000","357","False","False",""
"1","1","Talisman of Resilience","blc","Near Mint","English","","","2026-05-03 23:10:57.657000","288","False","False",""
"1","1","Tangle Tumbler","blb","Near Mint","English","","","2026-07-22 22:57:50.160000","250","False","False","0.14"
"1","1","TCRI Building","tmt","Near Mint","English","","","2026-07-13 23:07:19.073000","189","False","False","0.10"
"1","1","TCRI Building","tmt","Near Mint","English","foil","","2026-07-13 23:07:19.073000","189","False","False","0.13"
"1","1","Tear Asunder","blc","Near Mint","English","","","2026-05-03 23:10:57.657000","241","False","False",""
"1","1","Technodrome","tmt","Near Mint","English","","","2026-07-13 23:12:52.803000","179","False","False","3.02"
"1","1","Tekuthal, Inquiry Dominus","eoc","Near Mint","English","","","2026-05-03 23:09:49.723000","78","False","False",""
"1","1","Temple of Abandon","scd","Near Mint","English","","","2026-08-02 17:59:49.867000","323","False","False",""
"1","1","Temple of Enlightenment","eoc","Near Mint","English","","","2026-05-03 23:09:49.723000","186","False","False",""
"1","1","Temple of Epiphany","soc","Near Mint","English","","","2026-05-03 23:10:23.627000","412","False","False",""
"1","1","Temple of Epiphany","eoc","Near Mint","English","","","2026-05-03 23:09:49.723000","187","False","False",""
"1","1","Temple of Malady","blc","Near Mint","English","","","2026-05-03 23:10:57.657000","341","False","False",""
"1","1","Temple of the False God","plst","Near Mint","English","","","2026-08-02 17:59:49.867000","C18-285","False","False",""
"1","1","Temple of the False God","soc","Near Mint","English","","","2026-05-03 23:10:23.627000","416","False","False",""
"1","1","Temple of Triumph","eoc","Near Mint","English","","","2026-05-03 23:09:49.723000","188","False","False",""
"1","1","Temporal Intervention","eoe","Near Mint","English","","","2026-06-05 12:15:46.160000","120","False","False","0.14"
"1","1","Tend the Sprigs","ecl","Near Mint","English","","","2026-05-23 19:17:58.147000","197","False","False","0.06"
"1","1","Tenderize","tmt","Near Mint","English","","","2026-07-13 23:07:19.073000","133","False","False","0.04"
"1","1","Terramorphic Expanse","blc","Near Mint","English","","","2026-05-03 23:10:57.657000","345","False","False",""
"1","1","Terramorphic Expanse","sos","Near Mint","English","","","2026-07-22 22:57:50.160000","265","False","False","0.07"
"1","1","Terramorphic Expanse","sos","Near Mint","English","","","2026-05-03 23:10:23.627000","265","False","False",""
"1","1","Terrasymbiosis","eoe","Near Mint","English","","","2026-06-30 23:34:55.230000","210","False","False","10.24"
"1","1","Terror of Mount Velus","fdn","Near Mint","English","","","2026-05-03 23:09:59.423000","549","False","False",""
"2","2","Textbook Tabulator","sos","Near Mint","English","","","2026-07-22 22:57:50.160000","70","False","False","0.04"
"1","1","Tezzeret's Gambit","eoc","Near Mint","English","","","2026-05-03 23:09:49.723000","47","False","False",""
"2","2","Thawbringer","eoe","Near Mint","English","","","2026-06-30 23:34:55.230000","211","False","False","0.06"
"2","2","The Black Arrow","hob","Near Mint","English","","","2026-08-09 20:07:34.537000","171","False","False","0.17"
"1","1","The Celestus","mid","Near Mint","English","","","2026-08-02 17:59:49.867000","252","False","False",""
"1","1","The Chief Warg","hob","Near Mint","English","","","2026-08-09 20:07:25.990000","150","False","False","0.16"
"1","1","The Chief Warg","hob","Near Mint","English","foil","","2026-08-19 19:28:41.673000","150","False","False",""
"1","1","The Cloning of Shredder","tmt","Near Mint","English","","","2026-05-14 23:46:10.743000","60","False","False","2.17"
"1","1","The Cloning of Shredder","tmt","Near Mint","English","","","2026-07-13 23:12:52.803000","60","False","False","1.50"
"1","1","The Eagles Are Coming!","hob","Near Mint","English","","","2026-08-09 20:07:25.990000","205","False","False","3.27"
"1","1","The Last Ronin","tmt","Near Mint","English","","","2026-07-13 23:07:19.073000","154","False","False","1.14"
"1","1","The Last Ronin's Technique","tmt","Near Mint","English","","","2026-07-13 23:12:52.803000","12","False","False","0.15"
"1","1","The Lord of the Eagles","hob","Near Mint","English","","","2026-08-19 19:28:00.360000","240","False","False",""
"1","1","The Master of Lake-town","hob","Near Mint","English","","","2026-08-09 20:07:25.990000","77","False","False","1.31"
"1","1","The Misty Mountains Cold","hob","Near Mint","English","foil","","2026-08-09 20:07:25.990000","321","False","False",""
"2","2","The Mountain-king's Return","hob","Near Mint","English","","","2026-08-09 20:07:25.990000","22","False","False","0.16"
"1","1","The Mycosynth Gardens","eoc","Near Mint","English","","","2026-05-03 23:09:49.723000","168","False","False",""
"1","1","The Notary Hobbits","hob","Near Mint","English","","","2026-08-09 20:07:25.990000","131","False","False","0.09"
"1","1","The Odd Acorn Gang","blc","Near Mint","English","foil","","2026-05-03 23:10:57.657000","7","False","False",""
"1","1","The Ozolith","iko","Near Mint","English","","","2026-05-23 19:17:58.147000","362","False","False","40.03"
"1","1","The Reaver Cleaver","sld","Near Mint","English","","","2026-05-07 23:05:11.453000","2095","False","False",""
"1","1","The Seriema","eoe","Near Mint","English","","","2026-06-05 12:15:46.160000","35","False","False","0.57"
"3","3","Thieving Otter","blb","Near Mint","English","","","2026-05-03 23:10:15.600000","390","False","False",""
"1","1","Thirst for Identity","ecl","Near Mint","English","","","2026-05-30 18:24:46.773000","79","False","False","0.11"
"1","1","Thirst for Knowledge","eoc","Near Mint","English","","","2026-05-03 23:09:49.723000","48","False","False",""
"1","1","Thorin Oakenshield","hob","Near Mint","English","","","2026-08-09 20:07:25.990000","165","False","False","0.17"
"1","1","Thorin, Mountain-king","hob","Near Mint","English","","","2026-08-09 20:07:25.990000","114","False","False","4.88"
"1","1","Thorin's Last Stand","hob","Near Mint","English","","","2026-08-09 20:07:25.990000","209","False","False","0.27"
"2","2","Thorin's Last Stand","hob","Near Mint","English","","","2026-08-09 20:07:25.990000","28","False","False","0.17"
"1","1","Thornplate Intimidator","blb","Near Mint","English","","","2026-05-23 19:17:58.147000","117","False","False","0.03"
"1","1","Thornplate Intimidator","blb","Near Mint","English","","","2026-07-22 22:57:50.160000","117","False","False","0.06"
"1","1","Thornvault Forager","blb","Near Mint","English","","","2026-07-22 22:57:50.160000","197","False","False","0.72"
"1","1","Thornweald Archer","fdn","Near Mint","English","","","2026-05-03 23:09:59.423000","559","False","False",""
"1","1","Thought Monitor","eoc","Near Mint","English","","","2026-05-03 23:09:49.723000","79","False","False",""
"1","1","Thought Shucker","blb","Near Mint","English","","","2026-08-02 17:45:48.183000","77","False","False","0.06"
"1","1","Thraben Exorcism","mid","Near Mint","English","","","2026-08-02 17:45:48.183000","39","False","False","0.03"
"1","1","Thranduil, Sindarin Liege // Silvan Rally","hob","Near Mint","English","","","2026-08-09 20:07:25.990000","233","False","False","0.99"
"1","1","Thranduil, Sindarin Liege // Silvan Rally","hob","Near Mint","English","foil","","2026-08-09 20:07:25.990000","166","False","False","0.20"
"2","2","Thranduil's Decree","hob","Near Mint","English","","","2026-08-09 20:07:25.990000","56","False","False","0.17"
"1","1","Thrashing Brontodon","fdn","Near Mint","English","","","2026-05-03 23:09:59.423000","560","False","False",""
"1","1","Three Tree Rootweaver","blb","Near Mint","English","","","2026-07-22 22:57:50.160000","198","False","False","0.07"
"1","1","Three Tree Scribe","blb","Near Mint","English","","","2026-08-02 17:45:48.183000","199","False","False","0.17"
"1","1","Threefold Thunderhulk","eoc","Near Mint","English","","","2026-05-03 23:09:49.723000","145","False","False",""
"1","1","Thrill of Possibility","eld","Near Mint","English","","","2026-08-02 17:59:49.867000","146","False","False",""
"1","1","Thriving Bluff","ecc","Near Mint","English","","","2026-08-02 17:58:36.490000","170","False","False",""
"1","1","Thriving Grove","ecc","Near Mint","English","","","2026-08-02 17:58:36.490000","171","False","False",""
"1","1","Thriving Heath","ecc","Near Mint","English","","","2026-08-02 17:58:36.490000","172","False","False",""
"1","1","Thriving Isle","ecc","Near Mint","English","","","2026-08-02 17:58:36.490000","173","False","False",""
"1","1","Thriving Moor","ecc","Near Mint","English","","","2026-08-02 17:58:36.490000","174","False","False",""
"1","1","Throes of Chaos","soc","Near Mint","English","","","2026-05-03 23:10:23.627000","257","False","False",""
"1","1","Thrór's Map","hob","Near Mint","English","","","2026-08-09 20:07:34.537000","179","False","False","0.35"
"1","1","Thrummingbird","one","Near Mint","English","","","2026-05-27 15:24:38.060000","288","False","False","0.11"
"1","1","Thrummingbird","eoc","Near Mint","English","","","2026-05-03 23:09:49.723000","80","False","False",""
"1","1","Thunderclap Drake","soc","Near Mint","English","","","2026-05-03 23:10:23.627000","204","False","False",""
"1","1","Thunderdrum Soloist","sos","Near Mint","English","","","2026-07-22 22:57:50.160000","134","False","False","0.14"
"1","1","Tidings of War","hob","Near Mint","English","foil","","2026-08-19 19:36:37.410000","115","False","False",""
"2","2","Tidings of War","hob","Near Mint","English","","","2026-08-19 19:36:22.147000","115","False","False","0.20"
"1","1","Timeless Lotus","ecc","Near Mint","English","","","2026-08-02 17:58:36.490000","143","False","False",""
"1","1","Tireless Provisioner","blc","Near Mint","English","","","2026-05-03 23:10:57.657000","243","False","False",""
"1","1","Titan Forge","eoc","Near Mint","English","","","2026-05-03 23:09:49.723000","146","False","False",""
"1","1","Titan of Industry","ecc","Near Mint","English","","","2026-08-02 17:58:36.490000","117","False","False",""
"1","1","Titanic Growth","one","Near Mint","English","","","2026-05-27 15:24:38.060000","187","False","False","0.06"
"1","1","Titan's Grave","sos","Near Mint","English","","","2026-07-22 22:57:50.160000","266","False","False","0.12"
"1","1","Tolarian Terror","fdn","Near Mint","English","","","2026-05-03 23:09:59.423000","167","False","False",""
"1","1","Tom, Bert, and William","hob","Near Mint","English","","","2026-08-09 20:07:25.990000","169","False","False","0.36"
"1","1","Tome Blast","sos","Near Mint","English","","","2026-07-22 22:57:50.160000","135","False","False","0.06"
"1","1","Toski, Bearer of Secrets","blc","Near Mint","English","","","2026-05-03 23:10:57.657000","244","False","False",""
"1","1","Tovolar, Dire Overlord // Tovolar, the Midnight Scourge","mid","Near Mint","English","","","2026-08-02 17:59:49.867000","246","False","False",""
"1","1","Tovolar's Huntmaster // Tovolar's Packleader","mid","Near Mint","English","","","2026-08-02 17:59:49.867000","204","False","False",""
"1","1","Tranquil Thicket","blc","Near Mint","English","","","2026-05-03 23:10:57.657000","350","False","False",""
"1","1","Transcendent Archaic","sos","Near Mint","English","","","2026-07-22 22:57:50.160000","5","False","False","0.11"
"3","3","Treasure","thob","Near Mint","English","","","2026-08-09 20:07:25.990000","13","False","False",""
"1","1","Treasure","sld","Near Mint","English","","","2026-05-03 23:10:32.010000","2094","False","False",""
"1","1","Treasure","thob","Near Mint","English","","","2026-08-09 20:07:25.990000","12","False","False",""
"1","1","Treasure","tsos","Near Mint","English","","","2026-07-22 22:57:50.160000","12","False","False",""
"1","1","Treasure Cruise","soc","Near Mint","English","","","2026-05-03 23:10:23.627000","205","False","False",""
"1","1","Treeguard Duo","blb","Near Mint","English","","","2026-08-02 17:45:48.183000","200","False","False","0.06"
"3","3","Treeguard Duo","blb","Near Mint","English","","","2026-05-03 23:10:07.997000","200","False","False",""
"1","1","Troll Negotiations","hob","Near Mint","English","","","2026-08-09 20:07:25.990000","138","False","False","0.12"
"1","1","Troop of Ponies","hob","Near Mint","English","","","2026-08-09 20:07:34.537000","199","False","False","0.27"
"2","2","Tunnel Rats","tmt","Near Mint","English","","","2026-07-13 23:07:19.073000","84","False","False","0.05"
"1","1","Turbulent Springs","soc","Near Mint","English","","","2026-05-03 23:10:23.627000","57","False","False",""
"1","1","Turtle Blimp","tmt","Near Mint","English","","","2026-07-13 23:12:52.803000","180","False","False","0.08"
"2","2","Turtle Lair","tmt","Near Mint","English","","","2026-07-13 23:12:52.803000","190","False","False","0.13"
"1","1","Turtle Van","tmt","Near Mint","English","","","2026-07-13 23:12:52.803000","181","False","False","0.17"
"1","1","Tweeze","ecl","Near Mint","English","","","2026-05-30 18:24:46.773000","162","False","False","0.04"
"1","1","Twilight Mire","blc","Near Mint","English","","","2026-05-03 23:10:57.657000","351","False","False",""
"1","1","Twinblade Paladin","fdn","Near Mint","English","","","2026-05-03 23:09:59.423000","503","False","False",""
"1","1","Twinflame","soc","Near Mint","English","","","2026-05-03 23:10:23.627000","258","False","False",""
"1","1","Twinflame Travelers","ecl","Near Mint","English","","","2026-05-30 18:24:46.773000","345","False","False","0.45"
"1","1","Twinning Staff","c20","Near Mint","English","","","2026-05-30 18:24:46.773000","70","False","False","14.88"
"1","1","Twitching Doll","dsk","Near Mint","English","foil","","2026-05-14 23:46:10.743000","417","False","False","0.38"
"1","1","Tyrranax Atrocity","one","Near Mint","English","","","2026-05-27 15:24:38.060000","188","False","False","0.14"
"1","1","Uncaged Fury","plst","Near Mint","English","","","2026-08-02 17:59:49.867000","A25-155","False","False",""
"10","10","Uncharted Haven","fdn","Near Mint","English","","","2026-05-03 23:09:59.423000","564","False","False",""
"1","1","Unclaimed Territory","ecc","Near Mint","English","","","2026-08-02 17:58:36.490000","175","False","False",""
"1","1","Undying Malice","fdn","Near Mint","English","","","2026-05-03 23:09:59.423000","528","False","False",""
"3","3","Uneasy Alliance","tmt","Near Mint","English","","","2026-07-13 23:12:52.803000","28","False","False","0.04"
"2","2","Uneasy Partings","hob","Near Mint","English","","","2026-08-09 20:07:25.990000","58","False","False","0.08"
"1","1","Unexpected Windfall","sld","Near Mint","English","","","2026-05-03 23:10:32.010000","2092","False","False",""
"1","1","Universal Surveillance","eoc","Near Mint","English","","","2026-05-03 23:09:49.723000","81","False","False",""
"1","1","Unnatural Moonrise","mid","Near Mint","English","","","2026-08-02 17:59:49.867000","247","False","False",""
"1","1","Unruly Mob","mid","Near Mint","English","","","2026-08-02 17:45:48.183000","40","False","False","0.03"
"1","1","Untamed Hunger","fdn","Near Mint","English","","","2026-05-03 23:09:59.423000","529","False","False",""
"1","1","Uthros Research Craft","eoc","Near Mint","English","","","2026-05-03 23:09:49.723000","7","False","False",""
"2","2","Utrom Scientists","tmt","Near Mint","English","","","2026-07-13 23:07:19.073000","56","False","False","0.04"
"1","1","Valley Mightcaller","pblb","Near Mint","English","foil","","2026-08-02 17:45:48.183000","202s","False","False","1.89"
"1","1","Vampire Interloper","fdn","Near Mint","English","","","2026-05-03 23:09:59.423000","530","False","False",""
"1","1","Vampire Neonate","fdn","Near Mint","English","","","2026-05-03 23:09:59.423000","531","False","False",""
"1","1","Vampire Spawn","fdn","Near Mint","English","","","2026-05-03 23:09:59.423000","532","False","False",""
"3","3","Velvetwing Butterflies // Gaze in Wonder","hob","Near Mint","English","","","2026-08-09 20:07:25.990000","30","False","False","0.10"
"1","1","Velvetwing Butterflies // Gaze in Wonder","hob","Near Mint","English","foil","","2026-08-09 20:07:25.990000","30","False","False","0.23"
"1","1","Vengeful Bloodwitch","fdn","Near Mint","English","","","2026-05-03 23:09:59.423000","76","False","False",""
"1","1","Venomous Brutalizer","one","Near Mint","English","","","2026-05-27 15:24:38.060000","193","False","False","0.13"
"1","1","Vernal Sovereign","ecc","Near Mint","English","","","2026-08-02 17:58:36.490000","135","False","False",""
"1","1","Veteran Guardmouse","blb","Near Mint","English","","","2026-07-22 22:57:50.160000","237","False","False","0.05"
"1","1","Veyran, Voice of Duality","soc","Near Mint","English","","","2026-05-03 23:10:23.627000","337","False","False",""
"1","1","Vikya, Scorching Stalwart","slx","Near Mint","English","","","2026-05-27 15:24:38.060000","11","False","False","0.25"
"1","1","Village Messenger // Moonrise Intruder","soi","Near Mint","English","","","2026-08-02 17:59:49.867000","190","False","False",""
"1","1","Village Watch // Village Reavers","mid","Near Mint","English","","","2026-08-02 17:59:49.867000","165","False","False",""
"1","1","Vinereap Mentor","blb","Near Mint","English","","","2026-05-14 23:46:10.743000","238","False","False","0.24"
"1","1","Viral Spawning","one","Near Mint","English","","","2026-05-27 15:24:38.060000","194","False","False","0.07"
"1","1","Viridescent Bog","blc","Near Mint","English","","","2026-05-03 23:10:57.657000","352","False","False",""
"1","1","Visionary's Dance","sos","Near Mint","English","","","2026-07-22 22:57:50.160000","242","False","False","0.08"
"1","1","Vivisection Evangelist","one","Near Mint","English","","","2026-05-27 15:24:38.060000","220","False","False","0.03"
"1","1","Volatile Arsonist // Dire-Strain Anarchist","vow","Near Mint","English","","","2026-08-02 17:59:49.867000","181","False","False",""
"1","1","Volcanic Salvo","soc","Near Mint","English","","","2026-05-03 23:10:23.627000","259","False","False",""
"1","1","Volcanic Torrent","soc","Near Mint","English","","","2026-05-03 23:10:23.627000","260","False","False",""
"1","1","Volley Veteran","fdn","Near Mint","English","","","2026-05-03 23:09:59.423000","550","False","False",""
"3","3","Vow to Erebor","hob","Near Mint","English","","","2026-08-09 20:07:25.990000","31","False","False","0.16"
"2","2","Vow to Erebor","hob","Near Mint","English","foil","","2026-08-19 19:32:37.887000","31","False","False",""
"1","1","Vulpikeet","iko","Near Mint","English","","","2026-05-30 18:24:46.773000","282","False","False","0.08"
"1","1","Wake the Past","eoc","Near Mint","English","","","2026-05-03 23:09:49.723000","128","False","False",""
"1","1","Walking Sarcophagus","dft","Near Mint","English","","","2026-05-03 23:08:48.333000","246","False","False","0.07"
"1","1","Wanderbrine Trapper","ecl","Near Mint","English","","","2026-05-03 23:08:48.333000","42","False","False","0.06"
"2","2","Warg Tactics","hob","Near Mint","English","","","2026-08-09 20:07:25.990000","139","False","False","0.15"
"3","3","Wargling","hob","Near Mint","English","","","2026-08-09 20:07:25.990000","140","False","False","0.18"
"3","3","Warren Elder","blb","Near Mint","English","","","2026-05-03 23:10:07.997000","37","False","False",""
"1","1","Wary Farmer","ecl","Near Mint","English","","","2026-05-30 18:24:46.773000","251","False","False","0.16"
"1","1","Waterspout Warden","blb","Near Mint","English","","","2026-07-22 22:57:50.160000","80","False","False","0.05"
"3","3","Waterspout Warden","blb","Near Mint","English","","","2026-05-03 23:10:15.600000","80","False","False",""
"1","1","Wax-Wane Witness","blb","Near Mint","English","","","2026-07-22 22:57:50.160000","39","False","False","0.03"
"1","1","Wear Down","blb","Near Mint","English","","","2026-05-14 23:46:10.743000","203","False","False","0.12"
"1","1","Weatherlight","sld","Near Mint","English","","","2026-05-07 23:06:01.447000","2100","False","False",""
"1","1","Weaver of Blossoms // Blossom-Clad Werewolf","vow","Near Mint","English","","","2026-08-02 17:59:49.867000","226","False","False",""
"1","1","Weftblade Enhancer","eoe","Near Mint","English","","","2026-06-05 12:15:46.160000","44","False","False","0.07"
"2","2","Well-Worn Spatula","hob","Near Mint","English","","","2026-08-09 20:07:25.990000","180","False","False","0.16"
"1","1","Werewolf Pack Leader","afr","Near Mint","English","","","2026-08-02 17:59:49.867000","211","False","False",""
"1","1","West Wind Avatar","tmt","Near Mint","English","","","2026-07-13 23:07:19.073000","137","False","False","0.08"
"1","1","Whiskerquill Scribe","blb","Near Mint","English","","","2026-07-22 22:57:50.160000","161","False","False","0.05"
"1","1","Whiskervale Forerunner","blb","Near Mint","English","foil","","2026-08-02 17:45:48.183000","301","False","False","0.77"
"1","1","Wick's Patrol","blb","Near Mint","English","","","2026-05-23 19:17:58.147000","121","False","False","0.16"
"1","1","Wild Unraveling","ecl","Near Mint","English","","","2026-05-30 18:24:46.773000","84","False","False","0.07"
"1","1","Wildheart Invoker","fdn","Near Mint","English","","","2026-05-03 23:09:59.423000","561","False","False",""
"1","1","Wildwood Scourge","fdn","Near Mint","English","","","2026-05-03 23:09:59.423000","236","False","False",""
"1","1","Windgrace's Judgment","blc","Near Mint","English","","","2026-05-03 23:10:57.657000","263","False","False",""
"1","1","Winota, Joiner of Forces","iko","Near Mint","English","","","2026-05-23 19:17:58.147000","349","False","False","12.89"
"1","1","Winterthorn Blessing","mid","Near Mint","English","","","2026-08-02 17:45:48.183000","251","False","False","0.05"
"1","1","Wistfulness","ecl","Near Mint","English","","","2026-05-30 18:24:46.773000","252","False","False","11.75"
"1","1","Woe Strider","blc","Near Mint","English","","","2026-05-03 23:10:57.657000","189","False","False",""
"2","2","Wolf","thob","Near Mint","English","","","2026-08-09 20:07:25.990000","9","False","False",""
"1","1","Wolf Strike","vow","Near Mint","English","","","2026-08-02 17:59:49.867000","228","False","False",""
"1","1","Wolfkin Outcast // Wedding Crasher","vow","Near Mint","English","","","2026-08-02 17:59:49.867000","229","False","False",""
"1","1","Wolfwillow Haven","blc","Near Mint","English","","","2026-05-03 23:10:57.657000","246","False","False",""
"3","3","Wood Elves","hob","Near Mint","English","","","2026-08-09 20:07:25.990000","142","False","False","0.11"
"1","1","Woodland Cemetery","blc","Near Mint","English","","","2026-05-03 23:10:57.657000","354","False","False",""
"1","1","Worm","tecl","Near Mint","English","","","2026-05-30 18:24:46.773000","9","False","False",""
"1","1","Yarok, the Desecrated","ecc","Near Mint","English","","","2026-08-02 17:58:36.490000","136","False","False",""
"1","1","Ygra, Eater of All","blb","Near Mint","English","","","2026-08-02 17:45:48.183000","241","False","False","8.15"
"1","1","Zaffai and the Tempests","sos","Near Mint","English","","","2026-07-22 22:57:50.160000","246","False","False","0.15"
"1","1","Zenith Flare","iko","Near Mint","English","","","2026-05-23 19:17:58.147000","217","False","False","0.14"
"2","2","Zog, Triceraton Castaway","tmt","Near Mint","English","","","2026-07-13 23:07:19.073000","111","False","False","0.04"
"1","1","Zombify","soa","Near Mint","English","","","2026-07-22 22:57:50.160000","36","False","False","0.10"
"1","1","Zoo Escapees","tmt","Near Mint","English","","","2026-07-13 23:07:19.073000","138","False","False","0.04"
"1","1","Zookeeper Mechan","eoe","Near Mint","English","foil","","2026-07-09 18:29:55.097000","170","False","False","0.25"
"1","1","Zopandrel, Hunger Dominus","one","Near Mint","English","","","2026-05-27 15:24:38.060000","195","False","False","9.52"
"1","1","Zulaport Cutthroat","blc","Near Mint","English","","","2026-05-03 23:10:57.657000","190","False","False",""
