"Count","Tradelist Count","Name","Edition","Condition","Language","Foil","Tags","Last Modified","Collector Number","Alter","Proxy","Purchase Price"
"1","1","Abrade","2xm","Near Mint","English","","","2026-08-02 17:59:49.867000","114","False","False",""
"1","1","Abrade","fdn","Near Mint","English","","","2026-09-16 21:53:54.097000","327","False","False",""
"1","1","Abrade","soc","Near Mint","English","","","2026-05-03 23:10:23.627000","234","False","False",""
"1","1","Abrade","fdc","Near Mint","English","","","2026-10-06 20:32:58.363000","136","False","False",""
"1","1","Abstract Performance","soc","Near Mint","English","","","2026-05-03 23:10:23.627000","17","False","False",""
"1","1","Abundant Countryside","ecc","Near Mint","English","","","2026-08-02 17:58:36.490000","22","False","False",""
"1","1","Abundant Growth","ecc","Near Mint","English","","","2026-08-02 17:58:36.490000","97","False","False",""
"1","1","Academic Ascent","fra","Near Mint","English","foil","","2026-10-06 01:05:27.830000","2","False","False","0.11"
"1","1","Academic Ascent","fra","Near Mint","English","foil","","2026-09-26 20:04:24.937000","2","False","False",""
"3","3","Academic Ascent","fra","Near Mint","English","","","2026-10-06 01:05:27.830000","2","False","False","0.06"
"2","2","Academic Ascent","fra","Near Mint","English","","","2026-09-26 20:04:24.937000","2","False","False","0.05"
"1","1","Academy Manufactor","blc","Near Mint","English","","","2026-05-03 23:10:57.657000","264","False","False",""
"1","1","Action News Crew","tmt","Near Mint","English","","","2026-05-14 23:46:10.743000","1","False","False","0.03"
"2","2","Action News Crew","tmt","Near Mint","English","","","2026-07-13 23:12:52.803000","1","False","False","0.02"
"1","1","Adamant Will","fdn","Near Mint","English","","","2026-05-03 23:09:59.423000","488","False","False",""
"1","1","Adaptive Automaton","fdn","Near Mint","English","foil","","2026-09-16 21:53:54.097000","723","False","False",""
"1","1","Adaptive Omnitool","fdc","Near Mint","English","","","2026-09-28 20:19:02.393000","243","False","False",""
"1","1","Adarkar Wastes","eoc","Near Mint","English","","","2026-05-03 23:09:49.723000","147","False","False",""
"1","1","Additive Evolution","sos","Near Mint","English","","","2026-07-22 22:57:50.160000","139","False","False","0.07"
"1","1","Adventuring Gear","fdn","Near Mint","English","","","2026-09-16 22:48:19.077000","249","False","False","0.10"
"1","1","Adventurous Impulse","dom","Near Mint","English","","","2026-09-25 12:22:21.450000","153","False","False","0.04"
"1","1","Aegis Turtle","fdn","Near Mint","English","","","2026-09-16 22:48:19.077000","150","False","False","0.05"
"1","1","Aerid Konstrari","fra","Near Mint","English","","","2026-10-06 01:05:27.830000","121","False","False","2.52"
"1","1","Aerid Konstrari","fra","Near Mint","English","","","2026-09-29 13:03:50.663000","347","False","False","6.28"
"1","1","Aerid Konstrari","fra","Near Mint","English","foil","","2026-10-06 01:05:27.830000","121","False","False","3.45"
"1","1","Aether Gale","soc","Near Mint","English","","","2026-05-03 23:10:23.627000","186","False","False",""
"1","1","Aether Spellbomb","fdc","Near Mint","English","","","2026-09-28 20:19:02.393000","244","False","False",""
"1","1","Aether Syphon","dft","Near Mint","English","","","2026-05-03 23:08:48.333000","38","False","False","0.12"
"1","1","Aetherize","fdc","Near Mint","English","","","2026-09-28 20:19:02.393000","59","False","False",""
"1","1","Afflicted Deserter // Werewolf Ransacker","dka","Near Mint","English","","","2026-08-02 17:59:49.867000","81","False","False",""
"3","3","Afterthought Sentry","fra","Near Mint","English","","","2026-10-06 01:05:27.830000","166","False","False","0.07"
"2","2","Afterthought Sentry","fra","Near Mint","English","","","2026-09-26 20:04:24.937000","166","False","False","0.11"
"1","1","Aggressive Mammoth","fdn","Near Mint","English","","","2026-05-03 23:09:59.423000","551","False","False",""
"1","1","Aisha of Sparks and Smoke","slx","Near Mint","English","","","2026-05-27 15:24:38.060000","12","False","False","0.44"
"1","1","Ajani, Outland Chaperone","ecl","Near Mint","English","","","2026-05-30 18:24:46.773000","4","False","False","1.95"
"1","1","Ajani's Anguish","fra","Near Mint","English","","","2026-10-04 19:55:44.163000","367","False","False","1.78"
"1","1","Ajani's Anguish","fra","Near Mint","English","","","2026-10-06 01:05:27.830000","72","False","False","0.49"
"2","2","Ajani's Pridemate","fdn","Near Mint","English","","","2026-09-16 21:53:54.097000","135","False","False",""
"1","1","Ajani's Pridemate","fdn","Near Mint","English","","","2026-09-16 21:53:54.097000","293","False","False",""
"2","2","Ajani's Pridemate","tfra","Near Mint","English","","","2026-10-06 01:05:27.830000","2","False","False",""
"1","1","Ajani's Response","sos","Near Mint","English","foil","","2026-09-09 22:34:36.807000","6","False","False","0.10"
"1","1","Akroma, Angel of Fury","frc","Near Mint","English","","","2026-09-28 20:19:34.370000","19","False","False",""
"1","1","Alania, Divergent Storm","blb","Near Mint","English","","","2026-05-03 23:10:15.600000","204","False","False",""
"1","1","Alania's Pathmaker","blb","Near Mint","English","","","2026-08-02 17:45:48.183000","123","False","False","0.07"
"1","1","Alania's Pathmaker","blb","Near Mint","English","","","2026-09-26 20:04:24.937000","123","False","False","0.10"
"3","3","Alania's Pathmaker","blb","Near Mint","English","","","2026-05-03 23:10:15.600000","123","False","False",""
"1","1","Alibou, Ancient Witness","eoc","Near Mint","English","","","2026-05-03 23:09:49.723000","113","False","False",""
"1","1","All Is Dust","fdc","Near Mint","English","","","2026-09-28 20:19:02.393000","9","False","False",""
"1","1","All-Fates Scroll","eoe","Near Mint","English","","","2026-06-30 23:34:55.230000","234","False","False","0.20"
"1","1","Alpharael, Dreaming Acolyte","eoe","Near Mint","English","","","2026-06-05 12:15:46.160000","212","False","False","0.06"
"1","1","Ambition's Cost","fdc","Near Mint","English","","","2026-10-03 20:44:35.160000","84","False","False",""
"1","1","Ambush Wolf","fdn","Near Mint","English","","","2026-09-29 13:03:59.330000","98","False","False","0.08"
"1","1","Amy Rose","sld","Near Mint","English","","","2026-05-03 23:10:41.487000","2083","False","False",""
"1","1","An Unexpected Party // At the Door","hob","Near Mint","English","","","2026-09-13 18:27:39.270000","29","False","False","0.23"
"1","1","Ancestor Dragon","fdn","Near Mint","English","","","2026-05-03 23:09:59.423000","489","False","False",""
"1","1","Anchovy & Banana Pizza","tmt","Near Mint","English","","","2026-07-13 23:12:52.803000","57","False","False","0.08"
"1","1","Ancient Den","eoc","Near Mint","English","","","2026-05-03 23:09:49.723000","148","False","False",""
"1","1","Ancient Grudge","plst","Near Mint","English","","","2026-08-02 17:59:49.867000","MM3-88","False","False",""
"1","1","Ancient Ziggurat","ecc","Near Mint","English","","","2026-08-02 17:58:36.490000","144","False","False",""
"1","1","Angel","tfra","Near Mint","English","","","2026-09-26 20:04:24.937000","3","False","False",""
"1","1","Angel of Finality","fdn","Near Mint","English","","","2026-09-16 22:48:19.077000","136","False","False","0.08"
"1","1","Angel of Finality","fdn","Near Mint","English","","","2026-09-16 21:53:54.097000","136","False","False",""
"1","1","Angel of the Ruins","eoc","Near Mint","English","","","2026-05-03 23:09:49.723000","63","False","False",""
"1","1","Angel of Vitality","fdn","Near Mint","English","foil","","2026-09-16 21:53:54.097000","706","False","False",""
"1","1","Angelic Destiny","fdn","Near Mint","English","","","2026-09-16 21:53:54.097000","565","False","False",""
"1","1","Angelic Edict","fdn","Near Mint","English","","","2026-05-03 23:09:59.423000","490","False","False",""
"1","1","Anger","fdc","Near Mint","English","","","2026-10-06 20:32:58.363000","137","False","False",""
"1","1","Anticipate","iko","Near Mint","English","foil","","2026-05-30 18:24:46.773000","40","False","False","0.12"
"1","1","Apex Witchstalker","fra","Near Mint","English","foil","","2026-10-04 19:55:44.163000","48","False","False","0.19"
"2","2","Apex Witchstalker","fra","Near Mint","English","","","2026-10-06 01:05:27.830000","48","False","False","0.08"
"1","1","Apostle of Invasion","one","Near Mint","English","","","2026-05-27 15:24:38.060000","3","False","False","0.09"
"1","1","Apothecary Stomper","fdn","Near Mint","English","","","2026-09-16 22:48:19.077000","99","False","False","0.04"
"1","1","April O'Neil, Kunoichi Trainee","tmt","Near Mint","English","","","2026-07-13 23:12:52.803000","3","False","False","0.04"
"1","1","April O'Neil, Kunoichi Trainee","tmt","Near Mint","English","foil","","2026-07-13 23:07:19.073000","3","False","False","0.10"
"1","1","April, Reporter of the Weird","tmt","Near Mint","English","","","2026-07-13 23:07:19.073000","30","False","False","0.11"
"1","1","Arahbo, the First Fang","fdn","Near Mint","English","","","2026-09-16 22:48:19.077000","2","False","False","0.62"
"1","1","Arasta of the Endless Web","blc","Near Mint","English","","","2026-05-03 23:10:57.657000","205","False","False",""
"1","1","Arbiter of Woe","fdn","Near Mint","English","","","2026-09-16 21:53:54.097000","55","False","False",""
"4","4","Arcane Amphisbaena","fra","Near Mint","English","","","2026-10-06 01:05:27.830000","97","False","False","0.07"
"1","1","Arcane Amphisbaena","fra","Near Mint","English","","","2026-09-26 20:04:24.937000","97","False","False","0.12"
"1","1","Arcane Denial","soc","Near Mint","English","","","2026-05-03 23:10:23.627000","187","False","False",""
"1","1","Arcane Epiphany","fdn","Near Mint","English","","","2026-09-16 22:48:19.077000","29","False","False","0.13"
"1","1","Arcane Epiphany","fdn","Near Mint","English","","","2026-05-03 23:09:59.423000","29","False","False",""
"1","1","Arcane Infusion","mid","Near Mint","English","","","2026-08-27 18:34:51.423000","210","False","False","0.13"
"1","1","Arcane Signet","eoc","Near Mint","English","","","2026-05-03 23:09:49.723000","53","False","False",""
"2","2","Arcane Signet","fdc","Near Mint","English","","","2026-10-06 20:32:58.363000","245","False","False",""
"1","1","Arcane Signet","frc","Near Mint","English","","","2026-09-28 20:19:34.370000","20","False","False",""
"1","1","Arcane Signet","blc","Near Mint","English","","","2026-05-03 23:10:57.657000","127","False","False",""
"1","1","Arcane Signet","pf25","Near Mint","English","foil","","2026-09-25 12:26:17.703000","10","False","False","3.71"
"2","2","Arcane Signet","fdc","Near Mint","English","foil","","2026-09-28 20:19:02.393000","1","False","False",""
"1","1","Arcane Signet","soc","Near Mint","English","","","2026-05-03 23:10:23.627000","127","False","False",""
"1","1","Arcane Signet","ecc","Near Mint","English","","","2026-08-02 17:58:36.490000","55","False","False",""
"1","1","Arcanis the Omnipotent","fdn","Near Mint","English","","","2026-09-16 21:53:54.097000","585","False","False",""
"1","1","Archaic's Agony","sos","Near Mint","English","","","2026-07-22 22:57:50.160000","107","False","False","0.09"
"1","1","Archfiend of Despair","frc","Near Mint","English","","","2026-09-28 20:19:34.370000","46","False","False",""
"2","2","Archive Arbiter","fra","Near Mint","English","","","2026-10-06 01:05:27.830000","167","False","False","0.06"
"1","1","Archmage Emeritus","soc","Near Mint","English","","","2026-05-03 23:10:23.627000","188","False","False",""
"1","1","Archon of Cruelty","frc","Near Mint","English","","","2026-09-28 20:19:34.370000","47","False","False",""
"1","1","Archway Angel","fdn","Near Mint","English","","","2026-09-16 21:53:54.097000","566","False","False",""
"1","1","Arlinn Kord // Arlinn, Embraced by the Moon","plst","Near Mint","English","","","2026-08-02 17:59:49.867000","SOI-243","False","False",""
"1","1","Arlinn, the Pack's Hope // Arlinn, the Moon's Fury","mid","Near Mint","English","","","2026-08-02 17:59:49.867000","279","False","False",""
"1","1","Arlinn, Voice of the Pack","war","Near Mint","English","","","2026-08-02 17:59:49.867000","150","False","False",""
"1","1","Army of the Damned","fdc","Near Mint","English","","","2026-10-03 20:44:35.160000","85","False","False",""
"1","1","Arni, Humble Scribe","fra","Near Mint","English","foil","","2026-10-06 01:05:27.830000","211","False","False","0.22"
"1","1","Arni, Renowned Champion","fra","Near Mint","English","","","2026-09-29 13:03:50.663000","243","False","False","0.15"
"1","1","Arnyn, Deathbloom Botanist","sos","Near Mint","English","","","2026-07-22 22:57:50.160000","74","False","False","0.25"
"1","1","Artifist Acumen","fra","Near Mint","English","foil","","2026-10-06 01:05:27.830000","73","False","False","0.18"
"2","2","Artifist Acumen","fra","Near Mint","English","","","2026-10-06 01:05:27.830000","73","False","False","0.12"
"1","1","Ascendant Dustspeaker","sos","Near Mint","English","","","2026-07-22 22:57:50.160000","8","False","False","0.06"
"1","1","Ascendant Packleader","vow","Near Mint","English","","","2026-08-02 17:59:49.867000","186","False","False",""
"1","1","Ashe, Princess of Dalmasca","fin","Near Mint","English","","","2026-07-13 23:07:19.073000","7","False","False","0.14"
"1","1","Ashling, the Limitless","ecc","Near Mint","English","foil","","2026-08-02 17:58:36.490000","1","False","False",""
"1","1","Astral Cornucopia","eoc","Near Mint","English","","","2026-05-03 23:09:49.723000","131","False","False",""
"1","1","Atsushi, the Blazing Sky","fdc","Near Mint","English","","","2026-10-06 20:32:58.363000","138","False","False",""
"1","1","Attercop","hob","Near Mint","English","","","2026-08-27 18:34:51.423000","116","False","False","0.05"
"2","2","Attercop","hob","Near Mint","English","","","2026-08-09 20:07:25.990000","116","False","False","0.18"
"1","1","Attercop","hob","Near Mint","English","foil","","2026-08-09 20:07:25.990000","116","False","False","0.19"
"1","1","Auntie's Sentence","ecl","Near Mint","English","","","2026-05-30 18:24:46.773000","85","False","False","0.08"
"1","1","Auntie's Sentence","ecl","Near Mint","English","","","2026-05-23 19:17:58.147000","85","False","False","0.11"
"1","1","Aurelia, the Warleader","fdn","Near Mint","English","","","2026-09-16 21:53:54.097000","651","False","False",""
"1","1","Auspicious Starrix","iko","Near Mint","English","","","2026-05-23 19:17:58.147000","294","False","False","0.29"
"1","1","Autarch Mammoth","dft","Near Mint","English","","","2026-05-03 23:08:48.333000","153","False","False","0.10"
"1","1","Auxiliary Boosters","eoe","Near Mint","English","","","2026-06-30 23:34:55.230000","5","False","False","0.05"
"1","1","Avabruck Caretaker // Hollowhenge Huntmaster","sld","Near Mint","English","","","2026-09-25 12:22:21.450000","1608","False","False","4.85"
"1","1","Avacyn, Angel of Horror","frc","Near Mint","English","","","2026-09-28 20:19:34.370000","7","False","False",""
"1","1","Avenger of Zendikar","ecc","Near Mint","English","","","2026-08-02 17:58:36.490000","98","False","False",""
"1","1","Avishkar Raceway","dft","Near Mint","English","","","2026-05-03 23:08:48.333000","249","False","False","0.09"
"3","3","Awaken the Inferno","fra","Near Mint","English","","","2026-10-06 01:05:27.830000","74","False","False","0.04"
"2","2","Awaken the Inferno","fra","Near Mint","English","","","2026-09-26 20:04:24.937000","74","False","False","0.05"
"1","1","Ayara, First of Locthwain","fdc","Near Mint","English","","","2026-10-03 20:44:35.160000","86","False","False",""
"1","1","Ayli, Eternal Pilgrim","fdn","Near Mint","English","","","2026-09-16 21:53:54.097000","652","False","False",""
"1","1","Azog, Moria's Ruin","hob","Near Mint","English","","","2026-08-09 20:07:34.537000","61","False","False","0.63"
"1","1","Azorius Guildgate","fdn","Near Mint","English","","","2026-09-16 21:53:54.097000","683","False","False",""
"1","1","Azorius Signet","frc","Near Mint","English","","","2026-09-28 20:19:34.370000","53","False","False",""
"1","1","Bad Moon","fdc","Near Mint","English","","","2026-10-03 20:44:35.160000","87","False","False",""
"1","1","Bakersbane Duo","blb","Near Mint","English","","","2026-08-02 17:45:48.183000","163","False","False","0.10"
"2","2","Bakersbane Duo","blb","Near Mint","English","","","2026-07-22 22:57:50.160000","163","False","False","0.09"
"1","1","Ball Lightning","fdn","Near Mint","English","","","2026-09-16 21:53:54.097000","618","False","False",""
"1","1","Ballyrush Banneret","fdn","Near Mint","English","","","2026-09-16 21:53:54.097000","567","False","False",""
"1","1","Bane of Progress","ecc","Near Mint","English","","","2026-08-02 17:58:36.490000","99","False","False",""
"1","1","Baneblade Scoundrel // Baneclaw Marauder","mid","Near Mint","English","","","2026-08-02 17:45:48.183000","85","False","False","0.05"
"1","1","Banishing Light","eoe","Near Mint","English","foil","","2026-06-05 12:15:46.160000","6","False","False","0.02"
"1","1","Banishing Light","eoe","Near Mint","English","","","2026-06-30 23:34:55.230000","6","False","False","0.06"
"1","1","Banishing Light","blb","Near Mint","English","","","2026-07-22 22:57:50.160000","1","False","False","0.10"
"1","1","Bard the Bowman","hob","Near Mint","English","","","2026-08-27 18:34:51.423000","145","False","False","0.07"
"1","1","Bard the Bowman","hob","Near Mint","English","","","2026-08-09 20:07:25.990000","145","False","False","0.16"
"1","1","Bard, King of Dale","hob","Near Mint","English","","","2026-09-01 14:17:07.680000","244","False","False","13.46"
"1","1","Bard's Company","hob","Near Mint","English","","","2026-08-09 20:07:25.990000","146","False","False","0.02"
"1","1","Barkform Harvester","blb","Near Mint","English","","","2026-07-22 22:57:50.160000","243","False","False","0.15"
"1","1","Barkform Harvester","blb","Near Mint","English","","","2026-05-14 23:46:10.743000","243","False","False","0.13"
"1","1","Barkform Harvester","blb","Near Mint","English","","","2026-08-02 17:45:48.183000","243","False","False","0.16"
"1","1","Barren Moor","blc","Near Mint","English","","","2026-05-03 23:10:57.657000","292","False","False",""
"1","1","Barren Moor","fdc","Near Mint","English","","","2026-10-03 20:44:35.160000","295","False","False",""
"1","1","Basilisk Collar","fdc","Near Mint","English","","","2026-10-06 20:32:58.363000","246","False","False",""
"1","1","Basilisk Collar","fdn","Near Mint","English","","","2026-09-16 21:53:54.097000","669","False","False",""
"1","1","Bastion of Remembrance","blc","Near Mint","English","","","2026-05-03 23:10:57.657000","179","False","False",""
"1","1","Bat","tblb","Near Mint","English","","","2026-09-26 20:04:24.937000","10","False","False","0.19"
"1","1","Battlefield Forge","frc","Near Mint","English","","","2026-09-28 20:19:34.370000","65","False","False",""
"1","1","Battlefield Forge","eoc","Near Mint","English","","","2026-05-03 23:09:49.723000","58","False","False",""
"1","1","Battle-Rattle Shaman","fdn","Near Mint","English","","","2026-05-03 23:09:59.423000","533","False","False",""
"1","1","Bear","ttla","Near Mint","English","","","2026-09-25 12:22:21.450000","12","False","False",""
"1","1","Bear","thob","Near Mint","English","","","2026-08-09 20:07:25.990000","7","False","False",""
"1","1","Bear Cub","fdn","Near Mint","English","","","2026-05-03 23:09:59.423000","552","False","False",""
"1","1","Beast","tfra","Near Mint","English","foil","","2026-10-04 19:55:44.163000","8","False","False",""
"5","5","Beast","tfra","Near Mint","English","","","2026-10-06 01:05:27.830000","8","False","False",""
"1","1","Beast Within","soc","Near Mint","English","","","2026-09-25 12:22:21.450000","263","False","False","0.82"
"1","1","Beast-Kin Ranger","fdn","Near Mint","English","","","2026-05-03 23:09:59.423000","100","False","False",""
"1","1","Beastmaster Ascension","blc","Near Mint","English","","","2026-05-03 23:10:57.657000","118","False","False",""
"1","1","Bebop, Warthog Warrior","tmt","Near Mint","English","foil","","2026-07-13 23:07:19.073000","59","False","False","0.16"
"2","2","Bebop, Warthog Warrior","tmt","Near Mint","English","","","2026-07-13 23:07:19.073000","59","False","False","0.07"
"1","1","Beledros Witherbloom","blc","Near Mint","English","","","2026-05-03 23:10:57.657000","247","False","False",""
"2","2","Belladonna Took","hob","Near Mint","English","","","2026-08-09 20:07:25.990000","4","False","False","2.02"
"1","1","Belladonna Took","hob","Near Mint","English","foil","","2026-08-19 19:31:09.600000","4","False","False",""
"3","3","Bellowing Crier","blb","Near Mint","English","","","2026-05-03 23:10:15.600000","42","False","False",""
"1","1","Belonging","ecc","Near Mint","English","","","2026-08-02 17:58:36.490000","5","False","False",""
"1","1","Beorn the Fierce","hob","Near Mint","English","","","2026-08-09 20:07:25.990000","119","False","False","7.77"
"2","2","Beorn, Reluctant Host // Till and Tend","hob","Near Mint","English","","","2026-08-09 20:07:25.990000","118","False","False","0.07"
"1","1","Berta, Wise Extrapolator","sos","Near Mint","English","","","2026-07-22 22:57:50.160000","175","False","False","0.22"
"1","1","Bestial Incursion","fra","Near Mint","English","","","2026-09-29 13:03:50.663000","98","False","False","0.03"
"1","1","Bestial Incursion","fra","Near Mint","English","","","2026-10-06 01:05:27.830000","98","False","False","0.07"
"1","1","Big Score","soc","Near Mint","English","","","2026-05-03 23:10:23.627000","237","False","False",""
"1","1","Bigfin Bouncer","fdn","Near Mint","English","","","2026-05-03 23:09:59.423000","31","False","False",""
"1","1","Bigfin Bouncer","fdn","Near Mint","English","","","2026-09-16 22:48:19.077000","31","False","False","0.04"
"2","2","Bilbo Baggins, Burglar // Take a Glance","hob","Near Mint","English","","","2026-08-09 20:07:25.990000","34","False","False","0.15"
"3","3","Bilbo's Deadly Slice","hob","Near Mint","English","","","2026-08-09 20:07:34.537000","62","False","False","0.16"
"1","1","Bilious Skulldweller","one","Near Mint","English","","","2026-05-27 15:24:38.060000","83","False","False","0.14"
"1","1","Binding the Old Gods","blc","Near Mint","English","","","2026-05-03 23:10:57.657000","248","False","False",""
"1","1","Biogenic Upgrade","fdn","Near Mint","English","","","2026-05-03 23:09:59.423000","553","False","False",""
"1","1","Bishop's Soldier","fdn","Near Mint","English","","","2026-05-03 23:09:59.423000","491","False","False",""
"2","2","Bite Down","fdn","Near Mint","English","","","2026-09-16 21:53:54.097000","212","False","False",""
"1","1","Bite Down","dmu","Near Mint","English","","","2026-08-02 17:59:49.867000","155","False","False",""
"1","1","Bitter Reunion","fdc","Near Mint","English","","","2026-10-06 20:32:58.363000","139","False","False",""
"1","1","Blacksmith's Talent","blb","Near Mint","English","","","2026-09-26 20:04:24.937000","125","False","False","0.13"
"1","1","Bladebrand","mid","Near Mint","English","","","2026-08-27 18:34:51.423000","87","False","False","0.05"
"1","1","Blasphemous Act","fdc","Near Mint","English","","","2026-10-06 20:32:58.363000","140","False","False",""
"1","1","Blasphemous Act","ecc","Near Mint","English","","","2026-08-02 17:58:36.490000","89","False","False",""
"1","1","Blasphemous Act","soc","Near Mint","English","","","2026-05-03 23:10:23.627000","238","False","False",""
"1","1","Blazing Crescendo","fra","Near Mint","English","","","2026-09-29 13:03:50.663000","75","False","False","0.06"
"2","2","Blazing Crescendo","fra","Near Mint","English","","","2026-10-06 01:05:27.830000","75","False","False","0.05"
"3","3","Blessed Ghoul","fra","Near Mint","English","","","2026-10-06 01:05:27.830000","123","False","False","0.08"
"1","1","Blessed Ghoul","fra","Near Mint","English","foil","","2026-10-06 01:05:27.830000","123","False","False","0.18"
"1","1","Blightbelly Rat","one","Near Mint","English","","","2026-05-27 15:24:38.060000","289","False","False","0.07"
"1","1","Blood Curdle","plst","Near Mint","English","","","2026-08-20 10:56:00.677000","IKO-75","False","False",""
"2","2","Bloodfell Caves","fdn","Near Mint","English","","","2026-09-16 21:53:54.097000","259","False","False",""
"1","1","Bloodtithe Collector","fdn","Near Mint","English","","","2026-05-03 23:09:59.423000","516","False","False",""
"1","1","Bloombrute","fra","Near Mint","English","","","2026-10-06 01:05:27.830000","124","False","False","0.17"
"1","1","Blooming Blast","blb","Near Mint","English","","","2026-07-22 22:57:50.160000","126","False","False","0.11"
"1","1","Blossom-Blessed Angel // Seed Suture","fra","Near Mint","English","foil","","2026-10-06 01:05:27.830000","3","False","False","0.12"
"1","1","Blossom-Blessed Angel // Seed Suture","fra","Near Mint","English","","","2026-09-29 13:03:50.663000","3","False","False","0.16"
"2","2","Blossom-Blessed Angel // Seed Suture","fra","Near Mint","English","","","2026-10-06 01:05:27.830000","3","False","False","0.09"
"1","1","Blossoming Sands","iko","Near Mint","English","","","2026-05-23 19:17:58.147000","244","False","False","0.07"
"4","4","Blossoming Sands","blb","Near Mint","English","","","2026-05-03 23:10:07.997000","396","False","False",""
"2","2","Blossoming Sands","fdn","Near Mint","English","","","2026-09-16 21:53:54.097000","260","False","False",""
"1","1","Bofur, Reliable Guardian // Concerted Care","hob","Near Mint","English","","","2026-08-09 20:07:25.990000","6","False","False","0.18"
"1","1","Bogslither's Embrace","ecl","Near Mint","English","","","2026-05-03 23:08:48.333000","94","False","False","0.08"
"1","1","Bogwater Lumaret","sos","Near Mint","English","","","2026-07-22 22:57:50.160000","177","False","False","0.10"
"1","1","Bojuka Bog","blc","Near Mint","English","","","2026-05-03 23:10:57.657000","294","False","False",""
"1","1","Bojuka Bog","fdc","Near Mint","English","","","2026-10-03 20:44:35.160000","296","False","False",""
"1","1","Bolg of the North","hob","Near Mint","English","","","2026-09-13 18:27:39.270000","148","False","False","0.07"
"1","1","Bolg's Company","hob","Near Mint","English","","","2026-08-09 20:07:25.990000","149","False","False","0.15"
"1","1","Bolt Bend","fdn","Near Mint","English","","","2026-09-16 21:53:54.097000","619","False","False",""
"1","1","Bombard","eoe","Near Mint","English","","","2026-06-05 12:15:46.160000","129","False","False","0.04"
"1","1","Bombur, Gentle Dreamer","hob","Near Mint","English","","","2026-08-27 18:34:51.423000","88","False","False","0.03"
"1","1","Bonders' Enclave","fdc","Near Mint","English","","","2026-10-06 20:32:58.363000","297","False","False",""
"2","2","Bonebind Orator","blb","Near Mint","English","","","2026-08-02 17:45:48.183000","84","False","False","0.08"
"1","1","Bonebind Orator","blb","Near Mint","English","","","2026-05-14 23:46:10.743000","84","False","False","0.07"
"1","1","Bonepicker Skirge","one","Near Mint","English","","","2026-05-27 15:24:38.060000","86","False","False","0.07"
"1","1","Boneyard Lurker","iko","Near Mint","English","","","2026-05-30 18:24:46.773000","298","False","False","0.26"
"1","1","Bontu's Monument","fdc","Near Mint","English","","","2026-10-03 20:44:35.160000","247","False","False",""
"1","1","Boon of the Wish-Giver","iko","Near Mint","English","foil","","2026-05-30 18:24:46.773000","43","False","False","0.53"
"1","1","Boros Charm","fdn","Near Mint","English","foil","","2026-09-16 21:53:54.097000","721","False","False",""
"1","1","Boros Guildgate","fdn","Near Mint","English","","","2026-09-16 21:53:54.097000","684","False","False",""
"1","1","Bothersome Noisemaker","hob","Near Mint","English","","","2026-08-09 20:07:25.990000","89","False","False","0.13"
"3","3","Boughside Wanderers","hob","Near Mint","English","","","2026-08-09 20:07:25.990000","121","False","False","0.48"
"1","1","Brainstorm","frc","Near Mint","English","","","2026-09-28 20:19:34.370000","39","False","False",""
"1","1","Brainsurge","frc","Near Mint","English","","","2026-09-28 20:19:34.370000","40","False","False",""
"1","1","Brambleback Brute","ecl","Near Mint","English","","","2026-05-23 19:17:58.147000","128","False","False","0.04"
"1","1","Brambleback Brute","ecl","Near Mint","English","","","2026-05-30 18:24:46.773000","128","False","False","0.09"
"2","2","Brave-Kin Duo","blb","Near Mint","English","","","2026-08-02 17:45:48.183000","3","False","False","0.06"
"1","1","Brave-Kin Duo","blb","Near Mint","English","foil","","2026-08-02 17:45:48.183000","3","False","False","0.11"
"1","1","Brazen Borrower // Petty Theft","soc","Near Mint","English","","","2026-05-03 23:10:23.627000","190","False","False",""
"1","1","Breaching Dragonstorm","fdc","Near Mint","English","","","2026-10-06 20:32:58.363000","141","False","False",""
"2","2","Break Under Pressure","fra","Near Mint","English","","","2026-10-06 01:05:27.830000","50","False","False","0.02"
"1","1","Break Under Pressure","fra","Near Mint","English","foil","","2026-10-04 19:55:44.163000","50","False","False","0.22"
"1","1","Breakneck Rider // Neck Breaker","soi","Near Mint","English","","","2026-08-02 17:59:49.867000","147","False","False",""
"1","1","Breath Weapon","fdc","Near Mint","English","","","2026-10-06 20:32:58.363000","142","False","False",""
"1","1","Bria, Riptide Rogue","blb","Near Mint","English","foil","","2026-05-03 23:10:15.600000","379","False","False",""
"1","1","Brilliance Unleashed","tmt","Near Mint","English","","","2026-07-13 23:07:19.073000","141","False","False","0.02"
"3","3","Brineborn Cutthroat","fdn","Near Mint","English","","","2026-09-16 21:53:54.097000","152","False","False",""
"1","1","Bristling Backwoods","otj","Near Mint","English","","","2026-08-03 09:37:46.710000","253","False","False",""
"2","2","Broken Wings","fdn","Near Mint","English","","","2026-09-16 21:53:54.097000","214","False","False",""
"1","1","Broodstar","fdc","Near Mint","English","","","2026-09-28 20:19:02.393000","60","False","False",""
"1","1","Brudiclad, Telchor Engineer","soc","Near Mint","English","","","2026-05-03 23:10:23.627000","299","False","False",""
"2","2","Budding Insurgent","fra","Near Mint","English","","","2026-10-06 01:05:27.830000","99","False","False","0.07"
"1","1","Builder's Talent","blb","Near Mint","English","","","2026-08-02 17:45:48.183000","5","False","False","0.06"
"1","1","Bulwark Ox","dft","Near Mint","English","","","2026-05-03 23:08:48.333000","7","False","False","0.26"
"1","1","Bumbleflower's Sharepot","blb","Near Mint","English","","","2026-05-14 23:46:10.743000","244","False","False","0.13"
"1","1","Buried Ruin","eoc","Near Mint","English","","","2026-05-03 23:09:49.723000","150","False","False",""
"1","1","Buried Ruin","fdc","Near Mint","English","","","2026-09-28 20:19:02.393000","298","False","False",""
"1","1","Burly Breaker // Dire-Strain Demolisher","mid","Near Mint","English","","","2026-08-02 17:45:48.183000","299","False","False","0.07"
"2","2","Burn, Burn, Tree and Fern","hob","Near Mint","English","","","2026-08-09 20:07:34.537000","90","False","False","0.17"
"1","1","Burn, Burn, Tree and Fern","hob","Near Mint","English","foil","","2026-08-09 20:07:25.990000","90","False","False","0.23"
"1","1","Burnished Hart","fdn","Near Mint","English","","","2026-09-16 21:53:54.097000","250","False","False",""
"1","1","Burrog Befuddler","fdn","Near Mint","English","","","2026-05-03 23:09:59.423000","504","False","False",""
"2","2","Burrowguard Mentor","blb","Near Mint","English","","","2026-05-03 23:10:07.997000","206","False","False",""
"1","1","Burst Lightning","soa","Near Mint","English","foil","","2026-09-09 22:34:36.807000","41","False","False","0.31"
"4","4","Burst Lightning","fdn","Near Mint","English","","","2026-09-16 21:53:54.097000","192","False","False",""
"1","1","Bushwhack","fdn","Near Mint","English","","","2026-09-16 21:53:54.097000","215","False","False",""
"1","1","Buzz Bots","tmt","Near Mint","English","","","2026-07-13 23:07:19.073000","32","False","False","0.06"
"1","1","Buzz Bots","tmt","Near Mint","English","","","2026-05-14 23:46:10.743000","32","False","False","0.11"
"1","1","Byrke, Long Ear of the Law","blb","Near Mint","English","foil","","2026-05-03 23:10:07.997000","380","False","False",""
"1","1","Cache Grab","blb","Near Mint","English","","","2026-05-03 23:10:57.657000","167","False","False",""
"1","1","Cadet","tfra","Near Mint","English","foil","","2026-10-04 19:55:44.163000","1","False","False",""
"20","20","Cadet","tfra","Near Mint","English","","","2026-10-06 01:05:27.830000","1","False","False",""
"1","1","Caelorna, Coral Tyrant","dft","Near Mint","English","","","2026-05-03 23:08:48.333000","40","False","False","0.19"
"1","1","Caldaia Strongarm","snc","Near Mint","English","","","2026-05-23 19:17:58.147000","138","False","False","0.07"
"1","1","Campus Crier","fra","Near Mint","English","foil","","2026-09-26 20:04:24.937000","4","False","False","0.22"
"3","3","Campus Crier","fra","Near Mint","English","","","2026-10-06 01:05:27.830000","4","False","False","0.04"
"1","1","Campus Crier","fra","Near Mint","English","","","2026-09-26 20:04:24.937000","4","False","False","0.09"
"1","1","Cancel","fdn","Near Mint","English","","","2026-05-03 23:09:59.423000","505","False","False",""
"1","1","Candlegrove Witch","mid","Near Mint","English","","","2026-08-02 17:45:48.183000","287","False","False","0.07"
"1","1","Candlegrove Witch","mid","Near Mint","English","","","2026-08-27 18:34:51.423000","287","False","False","0.04"
"1","1","Candlelit Cavalry","mid","Near Mint","English","foil","","2026-08-02 17:45:48.183000","175","False","False","0.06"
"1","1","Cankerbloom","one","Near Mint","English","","","2026-05-27 15:24:38.060000","294","False","False","0.26"
"1","1","Cantankerous Keepers","hob","Near Mint","English","","","2026-09-13 18:27:39.270000","122","False","False","0.31"
"1","1","Canyon Vaulter","dft","Near Mint","English","","","2026-05-03 23:08:48.333000","8","False","False","0.11"
"1","1","Carnelian Orb of Dragonkind","fdn","Near Mint","English","","","2026-05-03 23:09:59.423000","534","False","False",""
"1","1","Carnelian Orb of Dragonkind","fdc","Near Mint","English","","","2026-10-06 20:32:58.363000","143","False","False",""
"1","1","Carrion Feeder","fdc","Near Mint","English","","","2026-10-03 20:44:35.160000","88","False","False",""
"2","2","Carrot Cake","blb","Near Mint","English","","","2026-05-03 23:10:07.997000","7","False","False",""
"1","1","Cascade Bluffs","eoc","Near Mint","English","","","2026-05-03 23:09:49.723000","153","False","False",""
"1","1","Cascade Bluffs","soc","Near Mint","English","","","2026-05-03 23:10:23.627000","364","False","False",""
"3","3","Cast Away Doubt","fra","Near Mint","English","","","2026-10-06 01:05:27.830000","51","False","False","0.12"
"1","1","Castle Locthwain","fdc","Near Mint","English","","","2026-10-03 20:44:35.160000","299","False","False",""
"1","1","Casualties of War","blc","Near Mint","English","","","2026-05-03 23:10:57.657000","125","False","False",""
"1","1","Cat Collector","fdn","Near Mint","English","","","2026-09-16 21:53:54.097000","4","False","False",""
"1","1","Cavalier of Thorns","ecc","Near Mint","English","","","2026-08-02 17:58:36.490000","100","False","False",""
"1","1","Cavern Whisperer","iko","Near Mint","English","","","2026-05-23 19:17:58.147000","287","False","False","0.08"
"1","1","Caves of Koilos","frc","Near Mint","English","","","2026-09-28 20:19:34.370000","66","False","False",""
"1","1","Celestus Sanctifier","mid","Near Mint","English","","","2026-09-25 12:22:21.450000","12","False","False","0.02"
"1","1","Celestus Sanctifier","mid","Near Mint","English","foil","","2026-09-04 12:19:14.813000","12","False","False","0.04"
"1","1","Cemetery Reaper","fdc","Near Mint","English","","","2026-10-03 20:44:35.160000","89","False","False",""
"1","1","Cemetery Recruitment","fdn","Near Mint","English","","","2026-05-03 23:09:59.423000","517","False","False",""
"1","1","Cemetery Recruitment","fdc","Near Mint","English","","","2026-10-03 20:44:35.160000","90","False","False",""
"1","1","Chain Reaction","fdc","Near Mint","English","","","2026-10-06 20:32:58.363000","144","False","False",""
"1","1","Chain Reaction","eoc","Near Mint","English","","","2026-05-03 23:09:49.723000","87","False","False",""
"1","1","Chain Reaction","soc","Near Mint","English","","","2026-05-03 23:10:23.627000","121","False","False",""
"1","1","Champion of the Perished","fdc","Near Mint","English","","","2026-10-03 20:44:35.160000","91","False","False",""
"1","1","Champion of Wits","tncc","Near Mint","English","","","2026-09-25 12:22:21.450000","14","False","False","0.19"
"2","2","Chandra's Emberling","fra","Near Mint","English","","","2026-10-06 01:05:27.830000","76","False","False","0.10"
"1","1","Chandra's Ignition","fdc","Near Mint","English","","","2026-10-06 20:32:58.363000","145","False","False",""
"1","1","Chaos Spewer","ecl","Near Mint","English","","","2026-05-03 23:08:48.333000","210","False","False","0.06"
"1","1","Chaos Warp","plst","Near Mint","English","","","2026-08-02 17:59:49.867000","C17-131","False","False",""
"1","1","Chaos Warp","fdc","Near Mint","English","","","2026-10-06 20:32:58.363000","146","False","False",""
"1","1","Chaos Warp","soc","Near Mint","English","","","2026-05-03 23:10:23.627000","239","False","False",""
"1","1","Chaos Warp","eoc","Near Mint","English","","","2026-05-03 23:09:49.723000","49","False","False",""
"1","1","Chaplain of Alms // Chapel Shieldgeist","mid","Near Mint","English","","","2026-09-25 12:22:21.450000","13","False","False","0.12"
"1","1","Charcoal Diamond","fdc","Near Mint","English","","","2026-10-03 20:44:35.160000","248","False","False",""
"1","1","Charge the Sanctum","fra","Near Mint","English","foil","","2026-10-06 01:05:27.830000","125","False","False","0.23"
"3","3","Charge the Sanctum","fra","Near Mint","English","","","2026-10-06 01:05:27.830000","125","False","False","0.10"
"2","2","Charmed Sleep","blb","Near Mint","English","","","2026-05-03 23:10:15.600000","388","False","False",""
"1","1","Charming Prince","fdn","Near Mint","English","","","2026-09-16 21:53:54.097000","568","False","False",""
"1","1","Chart a Course","fdn","Near Mint","English","","","2026-09-16 21:53:54.097000","586","False","False",""
"1","1","Chatterfang, Squirrel General","blc","Near Mint","English","","","2026-05-03 23:10:57.657000","209","False","False",""
"1","1","Chatterstorm","blc","Near Mint","English","","","2026-05-03 23:10:57.657000","210","False","False",""
"1","1","Chief of the Foundry","fdc","Near Mint","English","","","2026-09-28 20:19:02.393000","249","False","False",""
"1","1","Child of the Pack // Savage Packmate","vow","Near Mint","English","","","2026-08-02 17:59:49.867000","234","False","False",""
"1","1","Chitin Gravestalker","dft","Near Mint","English","","","2026-05-03 23:08:48.333000","79","False","False","0.14"
"1","1","Chitinous Graspling","ecl","Near Mint","English","","","2026-05-23 19:17:58.147000","211","False","False","0.23"
"1","1","Chittering Skitterling","one","Near Mint","English","","","2026-05-27 15:24:38.060000","87","False","False","0.07"
"1","1","Chittering Witch","blc","Near Mint","English","","","2026-05-03 23:10:57.657000","180","False","False",""
"1","1","Chitterspitter","blc","Near Mint","English","","","2026-05-03 23:10:57.657000","211","False","False",""
"1","1","Chromatic Lantern","frc","Near Mint","English","","","2026-09-28 20:19:34.370000","54","False","False",""
"1","1","Chromatic Lantern","ecc","Near Mint","English","","","2026-08-02 17:58:36.490000","138","False","False",""
"1","1","Chrome Host Seedshark","eoc","Near Mint","English","","","2026-05-03 23:09:49.723000","68","False","False",""
"1","1","Cinder Glade","ecc","Near Mint","English","","","2026-09-25 12:22:21.450000","146","False","False","0.27"
"1","1","Cindering Cutthroat","blb","Near Mint","English","","","2026-05-23 19:17:58.147000","208","False","False","0.04"
"2","2","Cindering Cutthroat","blb","Near Mint","English","","","2026-09-26 20:04:24.937000","208","False","False","0.06"
"2","2","Circuitous Route","fdn","Near Mint","English","","","2026-09-16 21:53:54.097000","635","False","False",""
"1","1","Clash of Elements","fra","Near Mint","English","","","2026-09-26 20:04:24.937000","126","False","False","0.17"
"2","2","Clash of Elements","fra","Near Mint","English","","","2026-10-06 01:05:27.830000","126","False","False","0.16"
"1","1","Clifftop Lookout","blb","Near Mint","English","","","2026-09-26 20:04:24.937000","168","False","False","0.12"
"2","2","Clifftop Lookout","blb","Near Mint","English","","","2026-05-03 23:10:07.997000","168","False","False",""
"1","1","Clifftop Retreat","frc","Near Mint","English","","","2026-09-28 20:19:34.370000","67","False","False",""
"1","1","Clifftop Retreat","eoc","Near Mint","English","","","2026-05-03 23:09:49.723000","155","False","False",""
"2","2","Clinquant Skymage","fdn","Near Mint","English","","","2026-09-16 21:53:54.097000","33","False","False",""
"1","1","Cloud Key","eoc","Near Mint","English","","","2026-05-03 23:09:49.723000","54","False","False",""
"1","1","Cloudblazer","fdn","Near Mint","English","","","2026-09-16 21:53:54.097000","653","False","False",""
"1","1","Coastal Peak","soc","Near Mint","English","","","2026-05-03 23:10:23.627000","52","False","False",""
"1","1","Codie, Ravenous Codex","fra","Near Mint","English","foil","","2026-10-04 19:55:44.163000","168","False","False","0.56"
"1","1","Colossification","blb","Near Mint","English","","","2026-05-03 23:10:07.997000","392","False","False",""
"1","1","Command the Stage","fra","Near Mint","English","foil","","2026-10-06 01:05:27.830000","77","False","False","0.24"
"2","2","Command the Stage","fra","Near Mint","English","","","2026-10-06 01:05:27.830000","77","False","False","0.12"
"1","1","Command Tower","eoc","Near Mint","English","","","2026-05-03 23:09:49.723000","59","False","False",""
"1","1","Command Tower","ecc","Near Mint","English","","","2026-08-02 17:58:36.490000","59","False","False",""
"1","1","Command Tower","soc","Near Mint","English","","","2026-05-03 23:10:23.627000","129","False","False",""
"1","1","Command Tower","blc","Near Mint","English","","","2026-05-03 23:10:57.657000","130","False","False",""
"1","1","Command Tower","fdc","Near Mint","English","foil","","2026-09-16 21:53:54.097000","3","False","False",""
"1","1","Command Tower","scd","Near Mint","English","","","2026-08-02 17:59:49.867000","297","False","False",""
"1","1","Command Tower","frc","Near Mint","English","","","2026-09-28 20:19:34.370000","22","False","False",""
"2","2","Commander's Sphere","fdc","Near Mint","English","","","2026-10-06 20:32:58.363000","250","False","False",""
"4","4","Compel Brutality","fra","Near Mint","English","","","2026-10-06 01:05:27.830000","101","False","False","0.10"
"1","1","Conduct Electricity","blb","Near Mint","English","foil","","2026-09-26 20:04:24.937000","130","False","False","0.08"
"2","2","Conduct Electricity","blb","Near Mint","English","","","2026-08-02 17:45:48.183000","130","False","False","0.05"
"1","1","Conduit of Worlds","one","Near Mint","English","","","2026-05-27 15:24:38.060000","163","False","False","3.35"
"1","1","Confiscate","fdn","Near Mint","English","foil","","2026-09-16 21:53:54.097000","709","False","False",""
"1","1","Consumed by Greed","fdc","Near Mint","English","","","2026-10-03 20:44:35.160000","92","False","False",""
"1","1","Consuming Aberration","fdn","Near Mint","English","","","2026-09-16 21:53:54.097000","238","False","False",""
"1","1","Consuming Corruption","fdc","Near Mint","English","","","2026-10-03 20:44:35.160000","93","False","False",""
"1","1","Contaminated Landscape","frc","Near Mint","English","","","2026-09-28 20:19:34.370000","68","False","False",""
"1","1","Copper Longlegs","one","Near Mint","English","","","2026-05-27 15:24:38.060000","165","False","False","0.09"
"1","1","Coretapper","eoc","Near Mint","English","","","2026-05-03 23:09:49.723000","132","False","False",""
"1","1","Corpseberry Cultivator","blb","Near Mint","English","","","2026-09-26 20:04:24.937000","210","False","False","0.07"
"1","1","Corsair Captain","fdn","Near Mint","English","","","2026-05-03 23:09:59.423000","506","False","False",""
"2","2","Coruscation Mage","blb","Near Mint","English","","","2026-05-03 23:10:15.600000","131","False","False",""
"1","1","Count on Luck","fdc","Near Mint","English","","","2026-10-06 20:32:58.363000","147","False","False",""
"1","1","Count on Luck","dft","Near Mint","English","","","2026-05-03 23:08:48.333000","118","False","False","0.27"
"1","1","Counterspell","fdc","Near Mint","English","","","2026-09-28 20:19:02.393000","61","False","False",""
"1","1","Courageous Goblin","fdn","Near Mint","English","foil","","2026-09-16 22:48:19.077000","82","False","False","0.08"
"1","1","Courier of Comestibles","pw26","Near Mint","English","","","2026-05-14 23:46:10.743000","6","False","False","0.11"
"1","1","Coveted Jewel","blc","Near Mint","English","","","2026-05-23 19:17:58.147000","268","False","False","0.28"
"2","2","Crackling Cyclops","fdn","Near Mint","English","","","2026-09-16 21:53:54.097000","83","False","False",""
"2","2","Craftwork Crusher","fra","Near Mint","English","","","2026-10-06 01:05:27.830000","127","False","False","0.16"
"1","1","Crash Through","fdn","Near Mint","English","","","2026-09-16 21:53:54.097000","620","False","False",""
"1","1","Crawling Barrens","fdn","Near Mint","English","","","2026-09-16 21:53:54.097000","685","False","False",""
"1","1","Cream of the Crop","ecc","Near Mint","English","","","2026-08-02 17:58:36.490000","102","False","False",""
"1","1","Creative Technique","soc","Near Mint","English","","","2026-05-03 23:10:23.627000","241","False","False",""
"1","1","Crib Swap","ecl","Near Mint","English","","","2026-08-02 17:58:36.490000","11","False","False",""
"1","1","Crossway Troublemakers","fdn","Near Mint","English","","","2026-05-03 23:09:59.423000","518","False","False",""
"1","1","Crow of Dark Tidings","fdn","Near Mint","English","","","2026-05-03 23:09:59.423000","519","False","False",""
"1","1","Crowded Crypt","drc","Near Mint","English","","","2026-09-04 12:19:14.813000","88","False","False","0.52"
"1","1","Crucible of Fire","fdc","Near Mint","English","","","2026-10-06 20:32:58.363000","148","False","False",""
"2","2","Crude Bent Blade","hob","Near Mint","English","","","2026-08-09 20:07:34.537000","63","False","False","0.13"
"1","1","Crude Bent Blade","hob","Near Mint","English","","","2026-08-27 18:34:51.423000","63","False","False","0.05"
"1","1","Crumb and Get It","blb","Near Mint","English","","","2026-08-02 17:45:48.183000","8","False","False","0.07"
"1","1","Crumb and Get It","blb","Near Mint","English","","","2026-05-14 23:46:10.743000","8","False","False","0.09"
"1","1","Crusader of Odric","fdn","Near Mint","English","","","2026-09-16 21:53:54.097000","569","False","False",""
"2","2","Crustacean Commando","tmt","Near Mint","English","","","2026-07-13 23:07:19.073000","33","False","False","0.02"
"1","1","Cryogen Relic","eoe","Near Mint","English","","","2026-06-05 12:15:46.160000","52","False","False","0.47"
"1","1","Cryoshatter","eoe","Near Mint","English","","","2026-06-30 23:34:55.230000","53","False","False","0.08"
"1","1","Cryotheory Adept","fra","Near Mint","English","","","2026-09-26 20:04:24.937000","27","False","False","0.13"
"3","3","Cryotheory Adept","fra","Near Mint","English","","","2026-10-06 01:05:27.830000","27","False","False","0.11"
"1","1","Cryotheory Adept","fra","Near Mint","English","foil","","2026-10-06 01:05:27.830000","27","False","False","0.11"
"1","1","Crypt Feaster","fdn","Near Mint","English","","","2026-09-16 22:48:19.077000","59","False","False","0.03"
"1","1","Cryptbreaker","fdc","Near Mint","English","","","2026-10-03 20:44:35.160000","94","False","False",""
"1","1","Cryptic Caves","fdn","Near Mint","English","","","2026-09-16 21:53:54.097000","686","False","False",""
"1","1","Crystalline Crawler","eoc","Near Mint","English","","","2026-05-03 23:09:49.723000","133","False","False",""
"1","1","Cubwarden","iko","Near Mint","English","","","2026-05-23 19:17:58.147000","279","False","False","0.45"
"1","1","Cult of the Waxing Moon","soi","Near Mint","English","","","2026-08-02 17:59:49.867000","201","False","False",""
"1","1","Cultivate","ecc","Near Mint","English","","","2026-08-02 17:58:36.490000","103","False","False",""
"1","1","Cultivator's Caravan","fdn","Near Mint","English","","","2026-09-16 21:53:54.097000","670","False","False",""
"1","1","Cultivator's Caravan","fdc","Near Mint","English","","","2026-09-28 20:19:02.393000","251","False","False",""
"1","1","Curiosity Crafter","soc","Near Mint","English","","","2026-05-03 23:10:23.627000","191","False","False",""
"1","1","Currency Converter","frc","Near Mint","English","","","2026-09-28 20:19:34.370000","55","False","False",""
"1","1","Cursed Mirror","fdc","Near Mint","English","","","2026-10-06 20:32:58.363000","149","False","False",""
"1","1","Cursed Mirror","frc","Near Mint","English","","","2026-09-28 20:19:34.370000","49","False","False",""
"1","1","Cursed Mirror","soc","Near Mint","English","","","2026-05-03 23:10:23.627000","242","False","False",""
"1","1","Cyberdrive Awakener","eoc","Near Mint","English","","","2026-05-03 23:09:49.723000","69","False","False",""
"1","1","Dack Fayden, Helping Hand","frc","Near Mint","English","","","2026-09-28 20:19:34.370000","4","False","False",""
"1","1","Dáin Ironfoot","hob","Near Mint","English","","","2026-08-09 20:07:25.990000","91","False","False","0.13"
"2","2","Dáin, Lord of the Iron Hills","hob","Near Mint","English","","","2026-08-09 20:07:25.990000","8","False","False","0.31"
"1","1","Dance with Calamity","soc","Near Mint","English","","","2026-05-03 23:10:23.627000","243","False","False",""
"2","2","Danitha, Spear of Agony","fra","Near Mint","English","","","2026-10-06 01:05:27.830000","227","False","False","0.02"
"2","2","Danitha, Sword of Hope","fra","Near Mint","English","","","2026-10-06 01:05:27.830000","196","False","False","0.02"
"1","1","Daring Waverider","blb","Near Mint","English","","","2026-07-22 22:57:50.160000","44","False","False","0.16"
"1","1","Dark Matter Manipulator","fra","Near Mint","English","","","2026-10-06 01:05:27.830000","52","False","False","0.02"
"1","1","Darksteel Angel","frc","Near Mint","English","","","2026-09-28 20:19:34.370000","13","False","False",""
"1","1","Darksteel Citadel","fdc","Near Mint","English","","","2026-09-28 20:19:02.393000","300","False","False",""
"1","1","Darksteel Colossus","fdn","Near Mint","English","","","2026-09-16 21:53:54.097000","671","False","False",""
"1","1","Darksteel Juggernaut","fdc","Near Mint","English","","","2026-09-28 20:19:02.393000","252","False","False",""
"1","1","Darksteel Reactor","eoc","Near Mint","English","","","2026-05-03 23:09:49.723000","134","False","False",""
"1","1","Dawnhand Dissident","ecl","Near Mint","English","","","2026-05-23 19:17:58.147000","98","False","False","0.63"
"1","1","Dawnhand Eulogist","ecl","Near Mint","English","","","2026-05-30 18:24:46.773000","99","False","False","0.05"
"1","1","Dawnhart Rejuvenator","mid","Near Mint","English","","","2026-09-04 12:19:14.813000","301","False","False","0.09"
"1","1","Dawnhart Rejuvenator","mid","Near Mint","English","","","2026-08-02 17:45:48.183000","301","False","False","0.08"
"1","1","Dawnhart Wardens","mid","Near Mint","English","foil","","2026-09-04 12:19:14.813000","308","False","False","0.12"
"1","1","Dawn's Light Archer","ecl","Near Mint","English","","","2026-05-30 18:24:46.773000","174","False","False","0.04"
"1","1","Dawnsire, Sunstar Dreadnought","eoe","Near Mint","English","foil","","2026-09-25 12:22:21.450000","238","False","False","6.29"
"1","1","Dawnwing Marshal","fdn","Near Mint","English","","","2026-09-16 21:53:54.097000","570","False","False",""
"1","1","Day // Night","tmid","Near Mint","English","","","2026-08-02 17:45:48.183000","19","False","False","0.10"
"1","1","Daybreak Ranger // Nightfall Predator","isd","Near Mint","English","","","2026-08-02 17:59:49.867000","176","False","False",""
"2","2","Dazzling Angel","fdn","Near Mint","English","","","2026-09-16 22:48:19.077000","9","False","False","0.08"
"1","1","Dazzling Angel","fdn","Near Mint","English","","","2026-05-03 23:09:59.423000","9","False","False",""
"1","1","Deadly Brew","fdn","Near Mint","English","","","2026-09-16 21:53:54.097000","654","False","False",""
"1","1","Deadly Dispute","sld","Near Mint","English","","","2026-05-03 23:10:32.010000","2091","False","False",""
"1","1","Deadly Dispute","blc","Near Mint","English","","","2026-05-03 23:10:57.657000","181","False","False",""
"1","1","Deadly Plot","fdn","Near Mint","English","","","2026-05-03 23:09:59.423000","520","False","False",""
"1","1","Deadly Riposte","fdn","Near Mint","English","","","2026-05-03 23:09:59.423000","492","False","False",""
"1","1","Death Baron","fdn","Near Mint","English","","","2026-05-03 23:09:59.423000","521","False","False",""
"1","1","Death Baron","fdc","Near Mint","English","","","2026-10-03 20:44:35.160000","95","False","False",""
"2","2","Death in the Family","tmt","Near Mint","English","","","2026-07-13 23:12:52.803000","61","False","False","0.11"
"1","1","Deathmark","fdn","Near Mint","English","","","2026-09-16 21:53:54.097000","601","False","False",""
"1","1","Death-Rattle Oni","mat","Near Mint","English","","","2026-09-26 20:04:24.937000","13","False","False","0.16"
"1","1","Death-Rattle Oni","mat","Near Mint","English","","","2026-09-26 20:04:24.937000","63","False","False","0.09"
"1","1","Decimate","c16","Near Mint","English","","","2026-08-02 17:59:49.867000","193","False","False",""
"1","1","Decree of Pain","blc","Near Mint","English","","","2026-05-03 23:10:57.657000","182","False","False",""
"2","2","Dedicated Commons","fra","Near Mint","English","","","2026-10-06 01:05:27.830000","175","False","False","0.13"
"1","1","Deep Analysis","soc","Near Mint","English","","","2026-05-03 23:10:23.627000","194","False","False",""
"1","1","Deep Forest Hermit","blc","Near Mint","English","","","2026-05-03 23:10:57.657000","213","False","False",""
"1","1","Deepglow Skate","eoc","Near Mint","English","","","2026-05-03 23:09:49.723000","70","False","False",""
"1","1","Defenestrate","mid","Near Mint","English","","","2026-08-02 17:45:48.183000","95","False","False","0.02"
"1","1","Delver of Secrets // Insectile Aberration","mid","Near Mint","English","foil","","2026-09-04 12:19:14.813000","47","False","False","0.88"
"1","1","Demolition Field","fdn","Near Mint","English","","","2026-09-16 21:53:54.097000","687","False","False",""
"1","1","Demonic Pact","fdn","Near Mint","English","","","2026-09-16 21:53:54.097000","602","False","False",""
"1","1","Depressurize","eoe","Near Mint","English","","","2026-06-05 12:15:46.160000","95","False","False","0.06"
"1","1","Depressurize","eoe","Near Mint","English","foil","","2026-06-30 23:34:55.230000","95","False","False","0.08"
"1","1","Depthshaker Titan","eoc","Near Mint","English","","","2026-05-03 23:09:49.723000","9","False","False",""
"1","1","Descendants' Fury","ecc","Near Mint","English","","","2026-08-02 17:58:36.490000","93","False","False",""
"1","1","Desecration Demon","fdn","Near Mint","English","","","2026-09-16 21:53:54.097000","603","False","False",""
"1","1","Deserted Beach","fra","Near Mint","English","","","2026-10-04 19:55:44.163000","397","False","False","2.17"
"1","1","Desolation Prowler","hob","Near Mint","English","","","2026-08-09 20:07:25.990000","64","False","False","0.14"
"1","1","Despark","frc","Near Mint","English","","","2026-09-28 20:19:34.370000","50","False","False",""
"1","1","Desperate Futurescribe","fra","Near Mint","English","","","2026-09-26 20:04:24.937000","129","False","False","0.11"
"1","1","Desperate Futurescribe","fra","Near Mint","English","","","2026-10-06 01:05:27.830000","129","False","False","0.15"
"1","1","Determined Iteration","soc","Near Mint","English","","","2026-05-03 23:10:23.627000","122","False","False",""
"1","1","Devout Decree","fdn","Near Mint","English","","","2026-09-16 21:53:54.097000","571","False","False",""
"1","1","Dewdrop Cure","blb","Near Mint","English","","","2026-05-03 23:08:48.333000","10","False","False","0.09"
"1","1","Diamond Mare","fdn","Near Mint","English","","","2026-09-16 21:53:54.097000","672","False","False",""
"1","1","Dictate of Kruphix","fdn","Near Mint","English","","","2026-09-16 21:53:54.097000","587","False","False",""
"1","1","Dig Through Time","soc","Near Mint","English","","","2026-05-03 23:10:23.627000","195","False","False",""
"2","2","Dimension X","tmt","Near Mint","English","","","2026-07-13 23:07:19.073000","183","False","False","0.10"
"1","1","Dimir Guildgate","fdn","Near Mint","English","","","2026-09-16 21:53:54.097000","688","False","False",""
"1","1","Dimir Signet","frc","Near Mint","English","","","2026-09-28 20:19:34.370000","56","False","False",""
"1","1","Dina's Guidance","sos","Near Mint","English","","","2026-07-22 22:57:50.160000","184","False","False","0.75"
"1","1","Dinosaur Beast","tiko","Near Mint","English","foil","","2026-05-30 18:24:46.773000","11","False","False",""
"1","1","Diplomatic Relations","eoe","Near Mint","English","foil","","2026-07-09 18:29:55.097000","177","False","False","0.10"
"2","2","Dire Downdraft","blb","Near Mint","English","","","2026-07-22 22:57:50.160000","46","False","False","0.04"
"1","1","Dire Downdraft","blb","Near Mint","English","","","2026-05-23 19:17:58.147000","46","False","False","0.05"
"1","1","Dire Downdraft","blb","Near Mint","English","","","2026-05-14 23:46:10.743000","46","False","False","0.02"
"1","1","Dire Downdraft","blb","Near Mint","English","","","2026-08-02 17:45:48.183000","46","False","False","0.03"
"1","1","Diregraf Colossus","fdc","Near Mint","English","","","2026-10-03 20:44:35.160000","96","False","False",""
"1","1","Diregraf Ghoul","fdn","Near Mint","English","","","2026-05-03 23:09:59.423000","171","False","False",""
"1","1","Diresight","blb","Near Mint","English","","","2026-09-26 20:04:24.937000","91","False","False","0.14"
"1","1","Diresight","blb","Near Mint","English","","","2026-05-23 19:17:58.147000","91","False","False","0.09"
"1","1","Dire-Strain Rampage","mid","Near Mint","English","foil","","2026-08-27 18:34:51.423000","219","False","False","0.28"
"1","1","Dirgur Focusmage // Braingeyser","soc","Near Mint","English","","","2026-05-03 23:10:23.627000","18","False","False",""
"1","1","Disciplined Duelist","snc","Near Mint","English","","","2026-05-23 19:17:58.147000","182","False","False","0.05"
"1","1","Disenchant","fdn","Near Mint","English","","","2026-09-16 21:53:54.097000","572","False","False",""
"2","2","Dismal Backwater","fdn","Near Mint","English","","","2026-09-16 21:53:54.097000","261","False","False",""
"1","1","Dispatch","eoc","Near Mint","English","","","2026-05-03 23:09:49.723000","64","False","False",""
"1","1","Distant Melody","ecc","Near Mint","English","","","2026-08-02 17:58:36.490000","45","False","False",""
"1","1","Dive Down","fdn","Near Mint","English","","","2026-09-16 21:53:54.097000","588","False","False",""
"1","1","Divine Resilience","fdn","Near Mint","English","","","2026-09-16 21:53:54.097000","10","False","False",""
"1","1","Diviner of Victory // Unwind History","fra","Near Mint","English","","","2026-10-06 01:05:27.830000","28","False","False","0.02"
"3","3","Divining Duelist","fra","Near Mint","English","","","2026-10-06 01:05:27.830000","29","False","False","0.11"
"1","1","Divining Duelist","fra","Near Mint","English","foil","","2026-10-06 01:05:27.830000","29","False","False","0.25"
"1","1","Don & Raph, Hard Science","tmt","Near Mint","English","","","2026-07-13 23:07:19.073000","144","False","False","0.26"
"3","3","Donatello, Turtle Techie","tmt","Near Mint","English","","","2026-07-13 23:07:19.073000","37","False","False","0.06"
"4","4","Dori, Bearer of Friends","hob","Near Mint","English","","","2026-08-09 20:07:25.990000","94","False","False","0.13"
"1","1","Dour Port-Mage","blb","Near Mint","English","","","2026-09-26 20:04:24.937000","47","False","False","2.69"
"1","1","Down, Down to Goblin-town","hob","Near Mint","English","","","2026-08-09 20:07:34.537000","65","False","False","0.13"
"1","1","Dr. Eggman","sld","Near Mint","English","","","2026-05-03 23:10:41.487000","2084","False","False",""
"1","1","Dragon","thob","Near Mint","English","","","2026-08-09 20:07:25.990000","5","False","False",""
"4","4","Dragon","tfra","Near Mint","English","","","2026-10-06 01:05:27.830000","7","False","False",""
"3","3","Dragon Fodder","fdn","Near Mint","English","","","2026-09-16 21:53:54.097000","535","False","False",""
"1","1","Dragon Mage","fdn","Near Mint","English","","","2026-09-16 21:53:54.097000","621","False","False",""
"1","1","Dragon Tempest","fdc","Near Mint","English","","","2026-10-06 20:32:58.363000","150","False","False",""
"1","1","Dragonhawk, Fate's Tempest","fdc","Near Mint","English","","","2026-10-06 20:32:58.363000","151","False","False",""
"1","1","Dragonlord's Servant","fdc","Near Mint","English","","","2026-10-06 20:32:58.363000","152","False","False",""
"1","1","Dragonlord's Servant","pl24","Near Mint","English","foil","","2026-05-14 23:46:10.743000","1","False","False","0.59"
"1","1","Dragonlord's Servant","fdn","Near Mint","English","","","2026-05-03 23:09:59.423000","536","False","False",""
"1","1","Dragonmaster Outcast","fdc","Near Mint","English","","","2026-10-06 20:32:58.363000","153","False","False",""
"1","1","Dragonmaster Outcast","fdn","Near Mint","English","","","2026-09-16 21:53:54.097000","622","False","False",""
"1","1","Dragon's Hoard","fdc","Near Mint","English","","","2026-10-06 20:32:58.363000","253","False","False",""
"1","1","Dragonspeaker Shaman","fdc","Near Mint","English","","","2026-10-06 20:32:58.363000","154","False","False",""
"1","1","Dragonstorm Globe","fdc","Near Mint","English","","","2026-10-06 20:32:58.363000","254","False","False",""
"1","1","Drakuseth, Maw of Flames","fdc","Near Mint","English","","","2026-10-06 20:32:58.363000","155","False","False",""
"1","1","Dread Summons","fdn","Near Mint","English","","","2026-09-16 21:53:54.097000","604","False","False",""
"1","1","Dreaded Bat-Cloud","hob","Near Mint","English","","","2026-08-09 20:07:25.990000","206","False","False","0.41"
"1","1","Dreadhorde Invasion","frc","Near Mint","English","","","2026-09-28 20:19:34.370000","48","False","False",""
"1","1","Dreadwing Scavenger","fdn","Near Mint","English","","","2026-09-16 21:53:54.097000","118","False","False",""
"1","1","Dream Beavers","tmt","Near Mint","English","","","2026-07-13 23:12:52.803000","62","False","False","0.18"
"1","1","Dream Beavers","tmt","Near Mint","English","","","2026-05-14 23:46:10.743000","62","False","False","0.22"
"1","1","Dream Harvest","ecl","Near Mint","English","","","2026-05-30 18:24:46.773000","216","False","False","0.25"
"1","1","Dreamdew Entrancer","blb","Near Mint","English","","","2026-09-26 20:04:24.937000","211","False","False","0.19"
"1","1","Driver of the Dead","fdn","Near Mint","English","","","2026-09-16 21:53:54.097000","605","False","False",""
"1","1","Drogskol Reaver","fdn","Near Mint","English","","","2026-09-16 21:53:54.097000","655","False","False",""
"1","1","Drone","teoe","Near Mint","English","foil","","2026-07-09 18:29:55.097000","3","False","False",""
"1","1","Dropkick Bomber","fdn","Near Mint","English","","","2026-05-03 23:09:59.423000","537","False","False",""
"1","1","Drowned Catacomb","frc","Near Mint","English","","","2026-09-28 20:19:34.370000","69","False","False",""
"1","1","Druid of the Cowl","fdn","Near Mint","English","","","2026-05-03 23:09:59.423000","554","False","False",""
"3","3","Druid of the Spade","blb","Near Mint","English","","","2026-05-03 23:10:07.997000","170","False","False",""
"1","1","Druid of the Spade","blb","Near Mint","English","","","2026-05-23 19:17:58.147000","170","False","False","0.04"
"1","1","Dryad Militant","fdn","Near Mint","English","","","2026-09-16 21:53:54.097000","656","False","False",""
"1","1","Dubious Delicacy","eoe","Near Mint","English","","","2026-06-30 23:34:55.230000","96","False","False","0.10"
"1","1","Dúnedain Rangers","ltr","Near Mint","English","","","2026-05-14 23:46:10.743000","159","False","False","0.08"
"1","1","Duplicant","fdc","Near Mint","English","","","2026-09-28 20:19:02.393000","255","False","False",""
"1","1","Duress","mid","Near Mint","English","","","2026-08-02 17:45:48.183000","98","False","False","0.07"
"1","1","Duress","fdn","Near Mint","English","","","2026-09-16 21:53:54.097000","606","False","False",""
"2","2","Duskwatch Hunter","hob","Near Mint","English","","","2026-08-09 20:07:25.990000","153","False","False","0.12"
"1","1","Duskwatch Recruiter // Krallenhorde Howler","soi","Near Mint","English","","","2026-08-02 17:59:49.867000","203","False","False",""
"3","3","Dwarf","thob","Near Mint","English","","","2026-09-13 18:27:39.270000","6","False","False",""
"1","1","Dwarven Mattock","hob","Near Mint","English","","","2026-08-09 20:07:25.990000","172","False","False","0.11"
"1","1","Dwarven Provisioner","hob","Near Mint","English","","","2026-10-04 20:00:42.057000","9","False","False","0.06"
"2","2","Dwarven Provisioner","hob","Near Mint","English","","","2026-08-09 20:07:25.990000","9","False","False","0.12"
"3","3","Dwynen's Elite","fdn","Near Mint","English","","","2026-09-16 21:53:54.097000","218","False","False",""
"1","1","Dwynen's Elite","fdn","Near Mint","English","","","2026-09-16 22:48:19.077000","218","False","False","0.13"
"2","2","Eagle of the Great Shelf","hob","Near Mint","English","","","2026-08-27 18:34:51.423000","11","False","False","0.07"
"1","1","Eagle of the Great Shelf","hob","Near Mint","English","foil","","2026-09-13 18:27:39.270000","11","False","False","0.16"
"1","1","Eagle's Rescue","hob","Near Mint","English","","","2026-08-09 20:07:25.990000","155","False","False","0.16"
"3","3","Eardrum Rattler","fra","Near Mint","English","","","2026-10-06 01:05:27.830000","81","False","False","0.08"
"1","1","Early Winter","blb","Near Mint","English","","","2026-09-26 20:04:24.937000","93","False","False","0.07"
"2","2","East Wind Avatar","tmt","Near Mint","English","","","2026-07-13 23:12:52.803000","5","False","False","0.04"
"1","1","Easterling Vanguard","ltr","Near Mint","English","","","2026-05-14 23:46:10.743000","83","False","False","0.05"
"1","1","Easy Prey","iko","Near Mint","English","","","2026-05-23 19:17:58.147000","87","False","False","0.08"
"1","1","Eaten Alive","fdn","Near Mint","English","","","2026-05-03 23:09:59.423000","172","False","False",""
"1","1","Eaten by Piranhas","fdn","Near Mint","English","","","2026-05-03 23:09:59.423000","507","False","False",""
"1","1","Eccentric Farmer","inr","Near Mint","English","","","2026-08-27 18:34:51.423000","194","False","False","0.06"
"1","1","Eclipsed Boggart","ecl","Near Mint","English","","","2026-05-03 23:08:48.333000","217","False","False","0.11"
"1","1","Eclipsed Flamekin","ecl","Near Mint","English","","","2026-08-02 17:58:36.490000","219","False","False",""
"1","1","Eclipsed Merrow","ecl","Near Mint","English","","","2026-05-30 18:24:46.773000","339","False","False","0.12"
"1","1","Eclipsed Merrow","ecl","Near Mint","English","foil","","2026-05-30 18:24:46.773000","339","False","False","0.27"
"1","1","Ecstatic Awakener // Awoken Demon","inr","Near Mint","English","foil","","2026-09-04 12:19:14.813000","107","False","False","0.09"
"1","1","Edgar, Ancient Bloodlord","fra","Near Mint","English","","","2026-10-06 01:05:27.830000","270","False","False","0.02"
"1","1","Edgar, Moonlit Sovereign","fra","Near Mint","English","","","2026-10-06 01:05:27.830000","257","False","False","0.02"
"1","1","Edge Rover","eoe","Near Mint","English","foil","","2026-07-09 18:29:55.097000","179","False","False","0.24"
"1","1","Efflorescence","sos","Near Mint","English","","","2026-07-22 22:57:50.160000","144","False","False","0.03"
"1","1","Elder Auntie","ecl","Near Mint","English","","","2026-05-03 23:08:48.333000","133","False","False","0.08"
"1","1","Elemental","tsos","Near Mint","English","","","2026-07-22 22:57:50.160000","3","False","False",""
"1","1","Elemental Spectacle","ecc","Near Mint","English","","","2026-08-02 17:58:36.490000","15","False","False",""
"1","1","Elementalist Adept","fdn","Near Mint","English","","","2026-09-16 22:48:19.077000","36","False","False","0.03"
"2","2","Elf","thob","Near Mint","English","","","2026-10-04 20:00:42.057000","8","False","False",""
"1","1","Elspeth, Sun's Champion","frc","Near Mint","English","","","2026-09-28 20:19:34.370000","24","False","False",""
"1","1","Elspeth's Smite","fdn","Near Mint","English","","","2026-05-03 23:09:59.423000","493","False","False",""
"1","1","Elven Raft-Steerer","hob","Near Mint","English","","","2026-08-27 18:34:51.423000","37","False","False","0.10"
"1","1","Elven Raft-Steerer","hob","Near Mint","English","","","2026-08-09 20:07:25.990000","37","False","False","0.18"
"3","3","Elvenking's Halls","hob","Near Mint","English","","","2026-08-09 20:07:25.990000","182","False","False","0.25"
"1","1","Elvenking's Harper","hob","Near Mint","English","","","2026-10-04 20:00:42.057000","38","False","False","0.04"
"2","2","Elvenking's Harper","hob","Near Mint","English","","","2026-08-09 20:07:25.990000","38","False","False","0.24"
"1","1","Elvish Archdruid","fdn","Near Mint","English","","","2026-05-03 23:09:59.423000","219","False","False",""
"2","2","Elvish Regrower","fdn","Near Mint","English","","","2026-09-16 21:53:54.097000","104","False","False",""
"1","1","Embrace the Paradox","sos","Near Mint","English","","","2026-07-22 22:57:50.160000","186","False","False","0.17"
"1","1","Embrace the Paradox","sos","Near Mint","English","foil","","2026-09-09 22:34:36.807000","186","False","False","0.25"
"1","1","Emergency Phytomedic // Seed Suture","fra","Near Mint","English","","","2026-09-26 20:04:24.937000","130","False","False","0.11"
"2","2","Emergency Phytomedic // Seed Suture","fra","Near Mint","English","","","2026-10-06 01:05:27.830000","130","False","False","0.12"
"1","1","Empowered Autogenerator","eoc","Near Mint","English","","","2026-05-03 23:09:49.723000","135","False","False",""
"1","1","Empyrean Eagle","fdn","Near Mint","English","","","2026-09-16 21:53:54.097000","239","False","False",""
"1","1","Emry, Lurker of the Loch","eoc","Near Mint","English","","","2026-05-03 23:09:49.723000","71","False","False",""
"2","2","Enchanted River's Grasp","hob","Near Mint","English","","","2026-10-04 20:00:42.057000","39","False","False","0.05"
"3","3","Enchanted River's Grasp","hob","Near Mint","English","","","2026-08-09 20:07:25.990000","39","False","False","0.19"
"1","1","Endless Ranks of the Dead","fdc","Near Mint","English","","","2026-10-03 20:44:35.160000","97","False","False",""
"1","1","End-Raze Forerunners","blc","Near Mint","English","","","2026-05-03 23:10:57.657000","214","False","False",""
"1","1","Endrider Catalyzer","dft","Near Mint","English","","","2026-05-03 23:08:48.333000","124","False","False","0.07"
"1","1","Endurance","ecc","Near Mint","English","","","2026-08-02 17:58:36.490000","51","False","False",""
"1","1","Enduring Angel // Angelic Enforcer","mid","Near Mint","English","","","2026-08-02 17:45:48.183000","17","False","False","1.57"
"2","2","Enduring Story","thob","Near Mint","English","","","2026-09-13 18:27:39.270000","14","False","False",""
"1","1","Enigma Drake","fdn","Near Mint","English","","","2026-09-16 21:53:54.097000","657","False","False",""
"1","1","Enthusiastic Mechanaut","eoc","Near Mint","English","","","2026-05-03 23:09:49.723000","114","False","False",""
"1","1","Entropic Battlecruiser","eoe","Near Mint","English","foil","","2026-07-09 18:29:55.097000","99","False","False","0.51"
"1","1","Entrust the Spark","fra","Near Mint","English","foil","","2026-10-04 19:55:44.163000","350","False","False","1.15"
"1","1","EPF Point Squad","tmt","Near Mint","English","","","2026-07-13 23:12:52.803000","145","False","False","0.05"
"1","1","Erudite Wizard","fdn","Near Mint","English","foil","","2026-09-16 22:48:19.077000","37","False","False","0.08"
"1","1","Erudite Wizard","fdn","Near Mint","English","","","2026-05-03 23:09:59.423000","37","False","False",""
"1","1","Erudite Wizard","fdn","Near Mint","English","","","2026-09-16 22:48:19.077000","37","False","False","0.04"
"2","2","Escape Tunnel","tmt","Near Mint","English","","","2026-07-13 23:12:52.803000","184","False","False","0.10"
"1","1","Escape Tunnel","tmt","Near Mint","English","","","2026-05-14 23:46:10.743000","184","False","False","0.13"
"1","1","Esgaroth Garrison","hob","Near Mint","English","","","2026-10-04 20:00:42.057000","13","False","False","0.03"
"3","3","Esgaroth Garrison","hob","Near Mint","English","","","2026-08-09 20:07:25.990000","13","False","False","0.13"
"2","2","Essence Burn","fra","Near Mint","English","","","2026-10-06 01:05:27.830000","82","False","False","0.08"
"1","1","Essence Channeler","blb","Near Mint","English","","","2026-09-26 20:04:24.937000","12","False","False","1.00"
"1","1","Essence Scatter","fdn","Near Mint","English","","","2026-09-16 21:53:54.097000","153","False","False",""
"1","1","Essence Symbiote","iko","Near Mint","English","foil","","2026-05-30 18:24:46.773000","149","False","False","0.29"
"1","1","Etched Oracle","eoc","Near Mint","English","","","2026-05-03 23:09:49.723000","136","False","False",""
"1","1","Eternal Taskmaster","fdc","Near Mint","English","","","2026-10-03 20:44:35.160000","98","False","False",""
"1","1","Etherium Sculptor","eoc","Near Mint","English","","","2026-05-03 23:09:49.723000","72","False","False",""
"1","1","Etherium Sculptor","fdc","Near Mint","English","","","2026-09-28 20:19:02.393000","62","False","False",""
"1","1","Eusocial Engineering","eoe","Near Mint","English","","","2026-06-30 23:34:55.230000","181","False","False","0.17"
"1","1","Evendo Brushrazer","eoc","Near Mint","English","","","2026-07-09 18:29:55.097000","30","False","False","0.47"
"1","1","Everflowing Chalice","eoc","Near Mint","English","","","2026-05-03 23:09:49.723000","137","False","False",""
"1","1","Evershrike's Gift","ecl","Near Mint","English","","","2026-05-23 19:17:58.147000","15","False","False","0.09"
"2","2","Everything Pizza","tmt","Near Mint","English","","","2026-07-13 23:07:19.073000","173","False","False","0.06"
"1","1","Evolving Wilds","eoc","Near Mint","English","","","2026-05-03 23:09:49.723000","158","False","False",""
"1","1","Evolving Wilds","blc","Near Mint","English","","","2026-05-03 23:10:57.657000","302","False","False",""
"1","1","Evolving Wilds","vow","Near Mint","English","","","2026-08-27 18:34:51.423000","263","False","False","0.06"
"2","2","Evolving Wilds","fdn","Near Mint","English","","","2026-09-16 21:53:54.097000","262","False","False",""
"1","1","Exclusion Mage","fdn","Near Mint","English","","","2026-05-03 23:09:59.423000","508","False","False",""
"1","1","Exotic Orchard","frc","Near Mint","English","","","2026-09-28 20:19:34.370000","70","False","False",""
"1","1","Exotic Orchard","ecc","Near Mint","English","","","2026-08-02 17:58:36.490000","148","False","False",""
"1","1","Exotic Orchard","eoc","Near Mint","English","","","2026-05-03 23:09:49.723000","159","False","False",""
"1","1","Exotic Orchard","soc","Near Mint","English","","","2026-05-03 23:10:23.627000","369","False","False",""
"1","1","Exotic Orchard","blc","Near Mint","English","","","2026-05-03 23:10:57.657000","131","False","False",""
"1","1","Expand the Sphere","one","Near Mint","English","","","2026-05-27 15:24:38.060000","168","False","False","0.12"
"1","1","Expedition Map","fdn","Near Mint","English","foil","","2026-09-16 21:53:54.097000","724","False","False",""
"1","1","Experimental Augury","eoc","Near Mint","English","","","2026-05-03 23:09:49.723000","73","False","False",""
"1","1","Explosive Getaway","dft","Near Mint","English","","","2026-05-03 23:08:48.333000","202","False","False","0.13"
"1","1","Explosive Prodigy","ecl","Near Mint","English","","","2026-05-30 18:24:46.773000","136","False","False","0.10"
"1","1","Expressive Firedancer","sos","Near Mint","English","","","2026-07-22 22:57:50.160000","114","False","False","0.02"
"1","1","Expressive Iteration","soc","Near Mint","English","","","2026-05-03 23:10:23.627000","309","False","False",""
"1","1","Exsanguinate","fdn","Near Mint","English","","","2026-09-16 21:53:54.097000","173","False","False",""
"1","1","Exsanguinate","fdn","Near Mint","English","","","2026-09-16 22:48:19.077000","173","False","False","0.35"
"2","2","Extended Absence","fra","Near Mint","English","","","2026-10-06 01:05:27.830000","54","False","False","0.06"
"1","1","Extrapolate the Impossible","fra","Near Mint","English","","","2026-10-06 01:05:27.830000","364","False","False","0.67"
"1","1","Extrapolate the Impossible","fra","Near Mint","English","","","2026-09-26 20:04:24.937000","55","False","False","3.85"
"1","1","Eye of Jace","fra","Near Mint","English","","","2026-10-06 01:05:27.830000","170","False","False","0.02"
"1","1","Fabled Passage","frc","Near Mint","English","","","2026-09-28 20:19:34.370000","71","False","False",""
"1","1","Fabled Passage","soc","Near Mint","English","","","2026-05-03 23:10:23.627000","130","False","False",""
"1","1","Fabricate","sld","Near Mint","English","","","2026-05-03 23:10:32.010000","2090","False","False",""
"1","1","Face Yourself","fra","Near Mint","English","","","2026-10-06 01:05:27.830000","83","False","False","0.11"
"1","1","Fact or Fiction","frc","Near Mint","English","","","2026-09-28 20:19:34.370000","41","False","False",""
"1","1","Faebloom Trick","fdn","Near Mint","English","","","2026-09-16 21:53:54.097000","38","False","False",""
"1","1","Faeburrow Elder","ecc","Near Mint","English","","","2026-08-02 17:58:36.490000","53","False","False",""
"1","1","Faerie","tecl","Near Mint","English","","","2026-05-23 19:17:58.147000","5","False","False",""
"1","1","Faerie Mastermind","soc","Near Mint","English","","","2026-05-03 23:10:23.627000","114","False","False",""
"1","1","Falkenrath Perforator","mid","Near Mint","English","","","2026-08-27 18:34:51.423000","136","False","False","0.04"
"1","1","Fall from Favor","fdc","Near Mint","English","","","2026-09-28 20:19:02.393000","63","False","False",""
"1","1","Fall of Gil-galad","ltr","Near Mint","English","","","2026-05-14 23:46:10.743000","165","False","False","0.22"
"1","1","Famished Foragers","mid","Near Mint","English","","","2026-08-27 18:34:51.423000","138","False","False","0.08"
"1","1","Fanatical Firebrand","fdn","Near Mint","English","","","2026-09-16 21:53:54.097000","195","False","False",""
"1","1","Fanatical Firebrand","fdn","Near Mint","English","","","2026-09-16 22:48:19.077000","195","False","False","0.05"
"1","1","Fangblade Brigand // Fangblade Eviscerator","mid","Near Mint","English","","","2026-08-02 17:59:49.867000","139","False","False",""
"1","1","Faramir, Field Commander","ltr","Near Mint","English","","","2026-05-14 23:46:10.743000","14","False","False","0.07"
"1","1","Fateful Discovery","hob","Near Mint","English","","","2026-08-09 20:07:25.990000","40","False","False","8.49"
"1","1","Fatehold Annex","fra","Near Mint","English","","","2026-09-26 20:04:24.937000","177","False","False","0.17"
"1","1","Fatehold Annex","fra","Near Mint","English","","","2026-10-06 01:05:27.830000","177","False","False","0.13"
"1","1","Fatehold Charm","fra","Near Mint","English","","","2026-10-06 01:05:27.830000","132","False","False","0.21"
"1","1","Fatehold Charm","fra","Near Mint","English","","","2026-09-28 20:19:34.370000","132","False","False",""
"1","1","Fatehold Chronologist // Peer Review","fra","Near Mint","English","","","2026-09-26 20:04:24.937000","133","False","False","0.07"
"3","3","Fatehold Chronologist // Peer Review","fra","Near Mint","English","","","2026-10-06 01:05:27.830000","133","False","False","0.06"
"2","2","Fateshaper Aspirant","fra","Near Mint","English","","","2026-10-06 01:05:27.830000","6","False","False","0.06"
"1","1","Fblthp, Impossibly Lost","fra","Near Mint","English","","","2026-10-06 01:05:27.830000","213","False","False","0.02"
"1","1","Fblthp, Knows the Way","fra","Near Mint","English","","","2026-10-06 01:05:27.830000","258","False","False","0.02"
"2","2","Fearsome Goblin Pair","hob","Near Mint","English","","","2026-08-09 20:07:25.990000","156","False","False","0.15"
"1","1","Fearsome Goblin Pair","hob","Near Mint","English","","","2026-10-04 20:00:42.057000","156","False","False","0.10"
"1","1","Fearsome Goblin Pair","hob","Near Mint","English","foil","","2026-08-09 20:07:34.537000","156","False","False","0.30"
"1","1","Feather of Flight","blb","Near Mint","English","","","2026-07-22 22:57:50.160000","13","False","False","0.20"
"1","1","Fecund Greenshell","blb","Near Mint","English","","","2026-05-03 23:10:07.997000","171","False","False",""
"1","1","Feed the Flames","ecl","Near Mint","English","","","2026-05-30 18:24:46.773000","137","False","False","0.05"
"1","1","Feed the Swarm","fdn","Near Mint","English","foil","","2026-09-16 21:53:54.097000","712","False","False",""
"1","1","Feisty Spikeling","ecl","Near Mint","English","","","2026-05-03 23:08:48.333000","223","False","False","0.04"
"1","1","Feisty Spikeling","ecl","Near Mint","English","","","2026-05-30 18:24:46.773000","223","False","False","0.06"
"1","1","Feldon's Cane","fdn","Near Mint","English","","","2026-09-16 21:53:54.097000","673","False","False",""
"1","1","Felidar Cub","fdn","Near Mint","English","","","2026-09-16 21:53:54.097000","573","False","False",""
"1","1","Felidar Retreat","fdn","Near Mint","English","","","2026-09-16 21:53:54.097000","574","False","False",""
"1","1","Felidar Savior","fdn","Near Mint","English","","","2026-05-03 23:09:59.423000","12","False","False",""
"1","1","Felidar Savior","fdn","Near Mint","English","","","2026-09-16 22:48:19.077000","12","False","False","0.05"
"1","1","Fell","blb","Near Mint","English","","","2026-07-22 22:57:50.160000","95","False","False","0.49"
"1","1","Felling Blow","fdn","Near Mint","English","","","2026-05-03 23:09:59.423000","105","False","False",""
"1","1","Fellwar Stone","frc","Near Mint","English","","","2026-09-28 20:19:34.370000","57","False","False",""
"1","1","Fellwar Stone","soc","Near Mint","English","","","2026-05-03 23:10:23.627000","347","False","False",""
"1","1","Fellwar Stone","ecc","Near Mint","English","","","2026-08-02 17:58:36.490000","141","False","False",""
"1","1","Ferocious Tigorilla","iko","Near Mint","English","","","2026-05-23 19:17:58.147000","115","False","False","0.10"
"2","2","Ferocity of the Hunt","fra","Near Mint","English","","","2026-10-06 01:05:27.830000","134","False","False","0.14"
"1","1","Ferocity of the Hunt","fra","Near Mint","English","","","2026-09-29 13:03:50.663000","134","False","False","0.15"
"1","1","Ferrous Lake","soc","Near Mint","English","","","2026-05-03 23:10:23.627000","370","False","False",""
"1","1","Fertile Ground","ecc","Near Mint","English","","","2026-08-02 17:58:36.490000","106","False","False",""
"1","1","Fetid Heath","frc","Near Mint","English","","","2026-09-28 20:19:34.370000","72","False","False",""
"1","1","Fiendish Panda","fdn","Near Mint","English","","","2026-09-16 21:53:54.097000","120","False","False",""
"1","1","Fiendish Panda","fdn","Near Mint","English","","","2026-09-16 22:48:19.077000","120","False","False","0.15"
"1","1","Fierce Empath","fdn","Near Mint","English","","","2026-09-16 21:53:54.097000","636","False","False",""
"1","1","Fiery Annihilation","fdn","Near Mint","English","","","2026-05-03 23:09:59.423000","86","False","False",""
"1","1","Fíli the Pathfinder","hob","Near Mint","English","","","2026-08-09 20:07:25.990000","14","False","False","0.02"
"1","1","Finale of Revelation","fdn","Near Mint","English","","","2026-09-16 21:53:54.097000","589","False","False",""
"1","1","Finneas, Ace Archer","blb","Near Mint","English","","","2026-05-03 23:10:07.997000","212","False","False",""
"1","1","Firdoch Core","ecl","Near Mint","English","","","2026-05-30 18:24:46.773000","255","False","False","0.16"
"1","1","Fire Diamond","fdc","Near Mint","English","","","2026-10-06 20:32:58.363000","257","False","False",""
"1","1","Fire Elemental","fdn","Near Mint","English","","","2026-05-03 23:09:59.423000","538","False","False",""
"1","1","Firebrand Archer","fdn","Near Mint","English","","","2026-09-16 22:48:19.077000","196","False","False","0.13"
"1","1","Fireshrieker","fdn","Near Mint","English","","","2026-09-16 21:53:54.097000","674","False","False",""
"1","1","Firespitter Whelp","fdc","Near Mint","English","","","2026-10-06 20:32:58.363000","157","False","False",""
"1","1","Firespitter Whelp","fdn","Near Mint","English","","","2026-09-16 22:48:19.077000","197","False","False","0.17"
"1","1","Firespitter Whelp","fdn","Near Mint","English","","","2026-05-03 23:09:59.423000","197","False","False",""
"1","1","Fish","tblb","Near Mint","English","","","2026-08-02 17:45:48.183000","7","False","False","0.21"
"3","3","Flame Lash","blb","Near Mint","English","","","2026-05-03 23:10:15.600000","391","False","False",""
"1","1","Flamebraider","ecl","Near Mint","English","","","2026-08-02 17:58:36.490000","139","False","False",""
"1","1","Flamebraider","ecl","Near Mint","English","","","2026-05-30 18:24:46.773000","139","False","False","0.12"
"1","1","Flamekin Village","ecc","Near Mint","English","","","2026-08-02 17:58:36.490000","149","False","False",""
"1","1","Flamewake Phoenix","fdn","Near Mint","English","","","2026-09-16 22:48:19.077000","198","False","False","0.16"
"1","1","Flashfreeze","fdn","Near Mint","English","","","2026-09-16 21:53:54.097000","590","False","False",""
"1","1","Flawless Maneuver","frc","Near Mint","English","","","2026-09-28 20:19:34.370000","25","False","False",""
"1","1","Flawless Maneuver","sld","Near Mint","English","","","2026-09-25 12:22:21.450000","1728","False","False","24.10"
"1","1","Fleeting Distraction","fdn","Near Mint","English","","","2026-05-03 23:09:59.423000","155","False","False",""
"1","1","Fleeting Flight","fdn","Near Mint","English","","","2026-09-16 22:48:19.077000","13","False","False","0.08"
"2","2","Flensing Raptor","one","Near Mint","English","","","2026-05-27 15:24:38.060000","12","False","False","0.09"
"1","1","Flesh Duplicate","spg","Near Mint","English","","","2026-10-06 01:05:27.830000","161","False","False","12.91"
"1","1","Fleshbag Marauder","fdc","Near Mint","English","","","2026-10-03 20:44:35.160000","99","False","False",""
"1","1","Fleshless Gladiator","one","Near Mint","English","","","2026-05-27 15:24:38.060000","94","False","False","0.06"
"1","1","Flourishing Grapple","fra","Near Mint","English","","","2026-10-06 01:05:27.830000","102","False","False","0.09"
"1","1","Flourishing Grapple","fra","Near Mint","English","","","2026-10-06 01:05:27.830000","372","False","False","0.29"
"1","1","Flourishing Grapple","fra","Near Mint","English","foil","","2026-10-04 19:55:44.163000","102","False","False","0.23"
"1","1","Fog Bank","fdn","Near Mint","English","","","2026-09-16 21:53:54.097000","591","False","False",""
"1","1","Follow the Lumarets","sos","Near Mint","English","","","2026-07-22 22:57:50.160000","148","False","False","0.04"
"1","1","Food","ttla","Near Mint","English","","","2026-09-25 12:22:21.450000","20","False","False",""
"1","1","Foot Elite","tmt","Near Mint","English","","","2026-07-13 23:12:52.803000","146","False","False","0.06"
"2","2","Foot Headquarters","tmt","Near Mint","English","","","2026-07-13 23:12:52.803000","185","False","False","0.07"
"1","1","Foot Mystic","tmt","Near Mint","English","","","2026-07-13 23:12:52.803000","63","False","False","0.06"
"2","2","Foot Ninjas","tmt","Near Mint","English","","","2026-07-13 23:12:52.803000","147","False","False","0.07"
"1","1","For the Common Good","pblb","Near Mint","English","foil","","2026-07-22 22:57:50.160000","172s","False","False","1.44"
"1","1","Forest","ltr","Near Mint","English","","","2026-05-14 23:46:10.743000","270","False","False","0.08"
"1","1","Forest","eoe","Near Mint","English","","","2026-06-30 23:34:55.230000","275","False","False","0.12"
"8","8","Forest","ecl","Near Mint","English","","","2026-08-02 17:58:36.490000","273","False","False",""
"9","9","Forest","blb","Near Mint","English","","","2026-05-03 23:10:57.657000","378","False","False",""
"1","1","Forest","hob","Near Mint","English","","","2026-08-09 20:07:25.990000","198","False","False","0.47"
"1","1","Forest","blb","Near Mint","English","","","2026-07-22 22:57:50.160000","279","False","False","0.19"
"1","1","Forest","blb","Near Mint","English","","","2026-09-26 20:04:24.937000","278","False","False","0.28"
"2","2","Forest","hob","Near Mint","English","","","2026-08-27 18:34:51.423000","198","False","False","0.40"
"1","1","Forest","blb","Near Mint","English","","","2026-08-02 17:45:48.183000","280","False","False","0.28"
"3","3","Forest","hob","Near Mint","English","","","2026-08-09 20:07:25.990000","193","False","False","0.23"
"1","1","Forest","blb","Near Mint","English","","","2026-05-03 23:08:48.333000","378","False","False","0.18"
"11","11","Forest","blb","Near Mint","English","","","2026-05-03 23:10:57.657000","377","False","False",""
"1","1","Forest","mid","Near Mint","English","foil","","2026-09-04 12:19:14.813000","276","False","False","0.67"
"1","1","Forest","hob","Near Mint","English","foil","","2026-08-09 20:07:25.990000","198","False","False","0.77"
"2","2","Forest","hob","Near Mint","English","foil","","2026-08-09 20:07:25.990000","193","False","False","0.23"
"1","1","Forest","fra","Near Mint","English","foil","","2026-10-04 19:55:44.163000","394","False","False","1.30"
"1","1","Forest","fra","Near Mint","English","","","2026-10-06 01:05:27.830000","289","False","False","0.14"
"1","1","Forest","one","Near Mint","English","","","2026-05-27 15:24:38.060000","271","False","False","0.49"
"8","8","Forest","fdn","Near Mint","English","","","2026-09-16 21:53:54.097000","281","False","False",""
"1","1","Forest","fdn","Near Mint","English","","","2026-09-16 21:53:54.097000","290","False","False",""
"23","23","Forest","fdn","Near Mint","English","","","2026-09-16 21:53:54.097000","280","False","False",""
"1","1","Forest","dft","Near Mint","English","","","2026-05-03 23:08:48.333000","290","False","False","0.08"
"12","12","Forest","j25","Near Mint","English","","","2026-08-02 17:59:49.867000","95","False","False",""
"1","1","Forest","fdn","Near Mint","English","","","2026-09-16 21:53:54.097000","291","False","False",""
"1","1","Forgotten Cave","fdc","Near Mint","English","","","2026-10-06 20:32:58.363000","301","False","False",""
"3","3","Formidable Commons","fra","Near Mint","English","","","2026-10-06 01:05:27.830000","178","False","False","0.08"
"1","1","Forsaken Monument","fdc","Near Mint","English","","","2026-09-28 20:19:02.393000","258","False","False",""
"1","1","Foul Play","mid","Near Mint","English","","","2026-08-02 17:45:48.183000","101","False","False","0.08"
"1","1","Foundation Breaker","ecc","Near Mint","English","","","2026-08-02 17:58:36.490000","108","False","False",""
"1","1","Foundry Inspector","fdc","Near Mint","English","","","2026-09-28 20:19:02.393000","259","False","False",""
"1","1","Foundry of the Consuls","fdc","Near Mint","English","","","2026-09-28 20:19:02.393000","302","False","False",""
"1","1","Fountainport Bell","blb","Near Mint","English","","","2026-08-02 17:45:48.183000","245","False","False","0.08"
"1","1","Fountainport Bell","blb","Near Mint","English","","","2026-07-22 22:57:50.160000","245","False","False","0.09"
"2","2","Fractal","tsos","Near Mint","English","","","2026-07-22 22:57:50.160000","4","False","False",""
"1","1","Fractal","tsos","Near Mint","English","foil","","2026-09-09 22:34:36.807000","4","False","False",""
"1","1","Fractal","tsos","Near Mint","English","","","2026-07-22 22:57:50.160000","5","False","False",""
"1","1","Fractal Tender","sos","Near Mint","English","","","2026-07-22 22:57:50.160000","190","False","False","0.10"
"1","1","Fractal Tender","sos","Near Mint","English","foil","","2026-09-09 22:34:36.807000","190","False","False","0.16"
"1","1","Frenzied Goblin","fdn","Near Mint","English","","","2026-05-03 23:09:59.423000","199","False","False",""
"1","1","Friendly Rivalry","ltr","Near Mint","English","","","2026-08-02 17:59:49.867000","204","False","False",""
"1","1","Frog Butler","tmt","Near Mint","English","","","2026-05-14 23:46:10.743000","114","False","False","0.10"
"1","1","Frog Butler","tmt","Near Mint","English","foil","","2026-07-13 23:07:19.073000","114","False","False","0.21"
"3","3","Front Porch Sentries","hob","Near Mint","English","","","2026-08-09 20:07:25.990000","67","False","False","0.10"
"1","1","Front Porch Sentries","hob","Near Mint","English","","","2026-10-04 20:00:42.057000","67","False","False","0.04"
"1","1","Frontier Bivouac","ecc","Near Mint","English","","","2026-08-02 17:58:36.490000","150","False","False",""
"1","1","Frontier Warmonger","mkc","Near Mint","English","","","2026-05-23 19:17:58.147000","154","False","False","0.22"
"1","1","Frontline War-Rager","eoe","Near Mint","English","foil","","2026-07-09 18:29:55.097000","134","False","False","0.09"
"1","1","Frostbite Pyromental","fra","Near Mint","English","","","2026-10-06 01:05:27.830000","135","False","False","0.02"
"1","1","Frostboil Snarl","soc","Near Mint","English","","","2026-05-03 23:10:23.627000","374","False","False",""
"1","1","Fuel the Flames","dft","Near Mint","English","","","2026-05-03 23:08:48.333000","126","False","False","0.18"
"1","1","Fugitive Droid","tmt","Near Mint","English","","","2026-07-13 23:07:19.073000","40","False","False","0.09"
"1","1","Full Moon's Rise","isd","Near Mint","English","","","2026-08-02 17:59:49.867000","180","False","False",""
"1","1","Fulminous Forte","fra","Near Mint","English","","","2026-10-06 01:05:27.830000","84","False","False","0.10"
"1","1","Fumigate","fdn","Near Mint","English","","","2026-09-16 21:53:54.097000","575","False","False",""
"1","1","Fumigate","eoc","Near Mint","English","","","2026-05-03 23:09:49.723000","65","False","False",""
"1","1","Fungal Colossus","eoe","Near Mint","English","","","2026-06-30 23:34:55.230000","184","False","False","0.09"
"1","1","Fury","ecc","Near Mint","English","","","2026-08-02 17:58:36.490000","50","False","False",""
"1","1","Furygale Flocking","soc","Near Mint","English","","","2026-05-03 23:10:23.627000","32","False","False",""
"1","1","Fynn, the Fangbearer","fdn","Near Mint","English","","","2026-09-16 21:53:54.097000","637","False","False",""
"1","1","Galazeth Prismari","soc","Near Mint","English","","","2026-05-03 23:10:23.627000","311","False","False",""
"1","1","Galedrifter // Waildrifter","mid","Near Mint","English","foil","","2026-09-04 12:19:14.813000","55","False","False","0.05"
"1","1","Galewind Moose","blb","Near Mint","English","","","2026-09-26 20:04:24.937000","173","False","False","0.15"
"1","1","Galion, Elvenking's Butler","hob","Near Mint","English","","","2026-08-09 20:07:25.990000","125","False","False","0.05"
"1","1","Gallant Fowlknight","ecl","Near Mint","English","","","2026-05-23 19:17:58.147000","17","False","False","0.05"
"1","1","Gallia, the Merrymaker","fra","Near Mint","English","foil","","2026-09-26 20:04:24.937000","245","False","False","0.15"
"1","1","Gallia, the Merrymaker","fra","Near Mint","English","","","2026-09-29 13:03:50.663000","245","False","False","0.13"
"1","1","Gallia, Tragic Host","fra","Near Mint","English","","","2026-09-29 13:03:50.663000","228","False","False","0.26"
"1","1","Galvanizing Sawship","eoe","Near Mint","English","","","2026-06-05 12:15:46.160000","136","False","False","0.11"
"1","1","Game Trail","blc","Near Mint","English","","","2026-09-25 12:22:21.450000","306","False","False","0.30"
"1","1","Gandalf, Goblins' Bane // Flameshape","hob","Near Mint","English","","","2026-08-20 10:56:15.293000","242","False","False",""
"1","1","Gandalf, Spark Starter","hob","Near Mint","English","","","2026-08-09 20:07:25.990000","203","False","False","0.46"
"1","1","Gandalf, Wandering Wizard","hob","Near Mint","English","","","2026-09-13 18:27:39.270000","41","False","False","0.06"
"1","1","Gandalf, Wandering Wizard","hob","Near Mint","English","","","2026-08-27 18:34:51.423000","41","False","False","0.02"
"2","2","Gandalf, Wandering Wizard","hob","Near Mint","English","","","2026-08-09 20:07:25.990000","41","False","False","0.14"
"1","1","Garna, Bloodfist of Keld","fdn","Near Mint","English","","","2026-09-16 21:53:54.097000","658","False","False",""
"1","1","Garruk, Cursed Huntsman","blc","Near Mint","English","foil","","2026-05-03 23:10:57.657000","99","False","False",""
"1","1","Garruk's Uprising","wot","Near Mint","English","","","2026-09-25 12:22:21.450000","53","False","False","0.70"
"1","1","Garruk's Uprising","fdn","Near Mint","English","","","2026-09-16 21:53:54.097000","220","False","False",""
"1","1","Garruk's Uprising","ecc","Near Mint","English","","","2026-08-02 17:58:36.490000","109","False","False",""
"1","1","Gate Colossus","fdn","Near Mint","English","","","2026-09-16 21:53:54.097000","675","False","False",""
"1","1","Gatekeeper of Malakir","fdn","Near Mint","English","foil","","2026-09-16 21:53:54.097000","713","False","False",""
"1","1","Gateway Sneak","fdn","Near Mint","English","","","2026-09-16 21:53:54.097000","592","False","False",""
"1","1","Gathering of Darkness","hob","Near Mint","English","","","2026-10-04 20:00:42.057000","68","False","False","0.07"
"1","1","Gathering of Darkness","hob","Near Mint","English","","","2026-08-09 20:07:25.990000","68","False","False","0.14"
"1","1","Gavel of the Righteous","eoc","Near Mint","English","","","2026-05-03 23:09:49.723000","55","False","False",""
"1","1","Gavony Trapper","mid","Near Mint","English","","","2026-08-02 17:45:48.183000","22","False","False","0.02"
"1","1","Geier Reach Bandit // Vildin-Pack Alpha","inr","Near Mint","English","","","2026-08-02 17:59:49.867000","464","False","False",""
"1","1","Geier Reach Sanitarium","fdc","Near Mint","English","","","2026-10-03 20:44:35.160000","303","False","False",""
"1","1","Geist of Saint Thalia","fra","Near Mint","English","","","2026-10-06 01:05:27.830000","214","False","False","0.32"
"1","1","Geist of Saint Thalia","fra","Near Mint","English","","","2026-10-06 01:05:27.830000","299","False","False","3.68"
"1","1","Gemrazer","iko","Near Mint","English","","","2026-05-23 19:17:58.147000","376","False","False","1.92"
"1","1","Gene Pollinator","eoe","Near Mint","English","","","2026-06-05 12:15:46.160000","186","False","False","0.14"
"1","1","Genemorph Imago","eoe","Near Mint","English","foil","","2026-07-09 18:29:55.097000","299","False","False","0.77"
"1","1","General Traag, Heart of Stone","tmt","Near Mint","English","","","2026-07-13 23:07:19.073000","90","False","False","0.05"
"1","1","Generous Gift","sld","Near Mint","English","","","2026-05-03 23:10:32.010000","2088","False","False",""
"3","3","Generous Revival","fra","Near Mint","English","","","2026-10-06 01:05:27.830000","8","False","False","0.10"
"1","1","Genghis Frog","tmt","Near Mint","English","foil","","2026-07-13 23:07:19.073000","148","False","False","0.15"
"1","1","Genghis Frog","tmt","Near Mint","English","","","2026-07-13 23:07:19.073000","148","False","False","0.04"
"1","1","Genghis Frog","tmt","Near Mint","English","","","2026-05-14 23:46:10.743000","148","False","False","0.08"
"1","1","Germinate Recruits","fra","Near Mint","English","","","2026-10-06 01:05:27.830000","9","False","False","0.02"
"1","1","Getaway Barrel","hob","Near Mint","English","","","2026-08-09 20:07:25.990000","98","False","False","0.19"
"2","2","Ghalta the Immovable","fra","Near Mint","English","","","2026-10-06 01:05:27.830000","197","False","False","0.02"
"1","1","Ghalta the Unstoppable","fra","Near Mint","English","foil","","2026-10-06 01:05:27.830000","260","False","False","0.57"
"2","2","Ghalta the Unstoppable","fra","Near Mint","English","","","2026-10-06 01:05:27.830000","260","False","False","0.02"
"2","2","Ghitu Lavarunner","fdn","Near Mint","English","","","2026-09-16 21:53:54.097000","623","False","False",""
"1","1","Ghoulcaller Gisa","fdc","Near Mint","English","foil","","2026-10-03 20:44:35.160000","6","False","False",""
"1","1","Giant Cindermaw","fdn","Near Mint","English","","","2026-09-16 21:53:54.097000","624","False","False",""
"2","2","Giant Growth","blb","Near Mint","English","","","2026-05-03 23:10:07.997000","393","False","False",""
"1","1","Giant Growth","soa","Near Mint","English","","","2026-07-22 22:57:50.160000","52","False","False","0.10"
"2","2","Giant Growth","fdn","Near Mint","English","","","2026-09-16 21:53:54.097000","223","False","False",""
"1","1","Giant Growth","fdn","Near Mint","English","","","2026-09-16 22:48:19.077000","223","False","False","0.07"
"1","1","Giant's Boulder","hob","Near Mint","English","","","2026-08-09 20:07:25.990000","173","False","False","0.33"
"1","1","Gigantic Big Bear","hob","Near Mint","English","","","2026-08-09 20:07:25.990000","126","False","False","0.89"
"1","1","Gigantosaurus","fdn","Near Mint","English","foil","","2026-09-16 21:53:54.097000","718","False","False",""
"1","1","Gigastorm Titan","eoe","Near Mint","English","","","2026-06-30 23:34:55.230000","57","False","False","0.05"
"1","1","Gilded Goose","blc","Near Mint","English","","","2026-05-03 23:10:57.657000","221","False","False",""
"1","1","Gilded Lotus","fdn","Near Mint","English","foil","","2026-09-16 21:53:54.097000","725","False","False",""
"1","1","Gilt-Leaf's Embrace","ecl","Near Mint","English","","","2026-05-30 18:24:46.773000","177","False","False","0.11"
"1","1","Ginger, Queen of Sweets","frc","Near Mint","English","","","2026-09-28 20:19:34.370000","14","False","False",""
"1","1","Gitaxian Raptor","one","Near Mint","English","","","2026-05-27 15:24:38.060000","53","False","False","0.03"
"1","1","Glacial Fortress","frc","Near Mint","English","","","2026-09-28 20:19:34.370000","73","False","False",""
"1","1","Glacial Fortress","eoc","Near Mint","English","","","2026-05-03 23:09:49.723000","160","False","False",""
"1","1","Glamermite","ecl","Near Mint","English","","","2026-05-30 18:24:46.773000","50","False","False","0.08"
"1","1","Gleaming Barrier","fdn","Near Mint","English","","","2026-09-16 22:48:19.077000","252","False","False","0.06"
"1","1","Gleaming Splendor","hob","Near Mint","English","","","2026-08-19 19:27:46.343000","239","False","False",""
"1","1","Glidedive Duo","blb","Near Mint","English","","","2026-09-26 20:04:24.937000","96","False","False","0.04"
"1","1","Glistener Seer","one","Near Mint","English","","","2026-05-27 15:24:38.060000","54","False","False","0.03"
"1","1","Glittering Massif","eoc","Near Mint","English","","","2026-05-03 23:09:49.723000","22","False","False",""
"2","2","Glóin the Mighty // Easy Pickings","hob","Near Mint","English","","","2026-08-09 20:07:34.537000","99","False","False","0.20"
"1","1","Gnarlback Rhino","fdn","Near Mint","English","","","2026-09-16 21:53:54.097000","638","False","False",""
"1","1","Gnarlbark Elm","ecl","Near Mint","English","","","2026-05-23 19:17:58.147000","103","False","False","0.06"
"1","1","Gnarlbark Elm","ecl","Near Mint","English","","","2026-05-30 18:24:46.773000","103","False","False","0.08"
"2","2","Gnashing of Teeth","hob","Near Mint","English","","","2026-08-09 20:07:34.537000","69","False","False","0.13"
"1","1","Go for the Throat","fdc","Near Mint","English","","","2026-10-03 20:44:35.160000","100","False","False",""
"1","1","Go Ninja Go","tmt","Near Mint","English","","","2026-07-13 23:07:19.073000","149","False","False","0.13"
"1","1","Goblin","tecl","Near Mint","English","","","2026-05-23 19:17:58.147000","6","False","False",""
"3","3","Goblin Army","thob","Near Mint","English","","","2026-08-27 18:34:51.423000","3","False","False",""
"6","6","Goblin Army","thob","Near Mint","English","","","2026-10-04 20:00:42.057000","4","False","False",""
"1","1","Goblin Firebomb","fdn","Near Mint","English","","","2026-05-03 23:09:59.423000","562","False","False",""
"1","1","Goblin Glasswright // Craft with Pride","sos","Near Mint","English","","","2026-07-22 22:57:50.160000","117","False","False","0.09"
"1","1","Goblin Negotiation","fdn","Near Mint","English","","","2026-09-16 21:53:54.097000","88","False","False",""
"1","1","Goblin Oriflamme","fdn","Near Mint","English","","","2026-05-03 23:09:59.423000","539","False","False",""
"1","1","Goblin Smuggler","fdn","Near Mint","English","","","2026-05-03 23:09:59.423000","540","False","False",""
"1","1","Goblin Surveyor","dft","Near Mint","English","","","2026-05-03 23:08:48.333000","131","False","False","0.04"
"2","2","Goblin-town Flunkies","hob","Near Mint","English","","","2026-08-09 20:07:25.990000","100","False","False","0.18"
"1","1","Goddric, Cloaked Reveler","fdc","Near Mint","English","","","2026-10-06 20:32:58.363000","158","False","False",""
"1","1","God-Eternal Bontu","fdc","Near Mint","English","","","2026-10-03 20:44:35.160000","101","False","False",""
"1","1","Gold-Forged Thopteryx","mat","Near Mint","English","","","2026-09-26 20:04:24.937000","31","False","False","0.21"
"1","1","Goldlust Triad","fdc","Near Mint","English","","","2026-10-06 20:32:58.363000","159","False","False",""
"1","1","Goldmeadow Nomad","ecl","Near Mint","English","","","2026-05-30 18:24:46.773000","18","False","False","0.15"
"1","1","Goldspan Dragon","soc","Near Mint","English","","","2026-05-03 23:10:23.627000","245","False","False",""
"1","1","Golem Foundry","eoc","Near Mint","English","","","2026-05-03 23:09:49.723000","138","False","False",""
"1","1","Golgari Guildgate","fdn","Near Mint","English","","","2026-09-16 21:53:54.097000","689","False","False",""
"1","1","Golgari Rot Farm","blc","Near Mint","English","","","2026-05-03 23:10:57.657000","308","False","False",""
"1","1","Golgari Signet","blc","Near Mint","English","","","2026-05-03 23:10:57.657000","272","False","False",""
"1","1","Goliath Daydreamer","ecl","Near Mint","English","","","2026-05-03 23:08:48.333000","143","False","False","0.23"
"1","1","Gollum the Abandoned","hob","Near Mint","English","","","2026-08-09 20:07:25.990000","72","False","False","0.15"
"1","1","Gollum, Riddle Master","hob","Near Mint","English","","","2026-09-01 14:17:07.680000","241","False","False","12.48"
"1","1","Gollum, Silent Slinker // Meager Meal","hob","Near Mint","English","foil","","2026-08-27 18:34:51.423000","71","False","False","0.10"
"2","2","Gollum, Silent Slinker // Meager Meal","hob","Near Mint","English","","","2026-08-09 20:07:34.537000","71","False","False","0.08"
"1","1","Gollum, Silent Slinker // Meager Meal","hob","Near Mint","English","","","2026-09-13 18:27:39.270000","71","False","False","0.05"
"1","1","Gongaga, Reactor Town","fin","Near Mint","English","","","2026-08-03 09:38:05.197000","280","False","False",""
"1","1","Gorehorn Raider","fdn","Near Mint","English","","","2026-09-16 22:48:19.077000","89","False","False","0.03"
"1","1","Gourmand's Talent","blc","Near Mint","English","","","2026-05-03 23:10:57.657000","31","False","False",""
"1","1","Graaz, Unstoppable Juggernaut","fdc","Near Mint","English","","","2026-09-28 20:19:02.393000","260","False","False",""
"2","2","Graft Surgeon","fra","Near Mint","English","","","2026-10-06 01:05:27.830000","10","False","False","0.07"
"1","1","Grand Crescendo","frc","Near Mint","English","","","2026-09-28 20:19:34.370000","26","False","False",""
"1","1","Gratuitous Violence","fdn","Near Mint","English","foil","","2026-09-16 21:53:54.097000","715","False","False",""
"1","1","Gravblade Heavy","eoe","Near Mint","English","","","2026-06-30 23:34:55.230000","102","False","False","0.05"
"1","1","Grave Researcher // Reanimate","sos","Near Mint","English","","","2026-09-09 22:34:36.807000","85","False","False","2.37"
"1","1","Grave Titan","fdc","Near Mint","English","","","2026-10-03 20:44:35.160000","102","False","False",""
"1","1","Graveborn Muse","fdc","Near Mint","English","","","2026-10-03 20:44:35.160000","103","False","False",""
"1","1","Gravecrawler","fdc","Near Mint","English","","","2026-10-03 20:44:35.160000","104","False","False",""
"1","1","Gray Merchant of Asphodel","fdc","Near Mint","English","","","2026-10-03 20:44:35.160000","105","False","False",""
"1","1","Great Fierce Bee","hob","Near Mint","English","","","2026-08-09 20:07:25.990000","73","False","False","0.16"
"1","1","Great Fierce Bee","hob","Near Mint","English","foil","","2026-08-19 19:35:28.020000","73","False","False",""
"1","1","Great Furnace","eoc","Near Mint","English","","","2026-05-03 23:09:49.723000","161","False","False",""
"1","1","Great Gilded Boat","hob","Near Mint","English","","","2026-08-09 20:07:25.990000","42","False","False","0.10"
"2","2","Great Ugly-Looking Goblin // Clap! Snap!","hob","Near Mint","English","","","2026-08-09 20:07:34.537000","74","False","False","0.15"
"2","2","Greenhouse Propagator","fra","Near Mint","English","","","2026-10-06 01:05:27.830000","104","False","False","0.11"
"1","1","Greenwarden of Murasa","ecc","Near Mint","English","","","2026-08-02 17:58:36.490000","110","False","False",""
"1","1","Grim Backwoods","blc","Near Mint","English","","","2026-05-03 23:10:57.657000","309","False","False",""
"1","1","Grim Repriser","fra","Near Mint","English","","","2026-09-26 20:04:24.937000","136","False","False","0.16"
"1","1","Grim Repriser","fra","Near Mint","English","","","2026-10-06 01:05:27.830000","136","False","False","0.12"
"2","2","Grounded for Life","tmt","Near Mint","English","","","2026-07-13 23:12:52.803000","7","False","False","0.07"
"1","1","Group Project","sos","Near Mint","English","","","2026-07-22 22:57:50.160000","17","False","False","0.07"
"1","1","Growing Rites of Itlimoc // Itlimoc, Cradle of the Sun","xln","Near Mint","English","","","2026-09-25 12:22:21.450000","191","False","False","6.12"
"1","1","Gruul Guildgate","fdn","Near Mint","English","","","2026-09-16 21:53:54.097000","690","False","False",""
"1","1","Guac & Marshmallow Pizza","tmt","Near Mint","English","","","2026-07-13 23:07:19.073000","116","False","False","0.08"
"1","1","Guardian of the Halls","hob","Near Mint","English","","","2026-08-27 18:34:51.423000","127","False","False","0.02"
"2","2","Guardian of the Halls","hob","Near Mint","English","","","2026-08-09 20:07:25.990000","127","False","False","0.44"
"1","1","Guidelight Matrix","dft","Near Mint","English","","","2026-05-03 23:08:48.333000","233","False","False","0.07"
"1","1","Guidelight Optimizer","dft","Near Mint","English","","","2026-05-03 23:08:48.333000","45","False","False","0.06"
"1","1","Guidelight Synergist","dft","Near Mint","English","","","2026-05-03 23:08:48.333000","16","False","False","0.09"
"1","1","Guiding Hydra","fra","Near Mint","English","","","2026-10-06 01:05:27.830000","11","False","False","0.02"
"2","2","Guiding Hydra","fra","Near Mint","English","","","2026-10-06 01:05:27.830000","360","False","False","1.10"
"3","3","Gundabad Opportunist","hob","Near Mint","English","","","2026-08-09 20:07:25.990000","101","False","False","0.11"
"1","1","Gundabad Opportunist","hob","Near Mint","English","","","2026-10-04 20:00:42.057000","101","False","False","0.04"
"1","1","Gundabad Opportunist","hob","Near Mint","English","","","2026-09-13 18:27:39.270000","101","False","False","0.02"
"2","2","Gutless Plunderer","fdn","Near Mint","English","","","2026-09-16 22:48:19.077000","60","False","False","0.08"
"1","1","Guttersnipe","fdn","Near Mint","English","foil","","2026-09-16 21:53:54.097000","716","False","False",""
"1","1","Halana and Alena, Partners","fdn","Near Mint","English","","","2026-09-16 21:53:54.097000","659","False","False",""
"1","1","Hall of Echoes","fra","Near Mint","English","","","2026-10-06 01:05:27.830000","179","False","False","1.27"
"1","1","Hall of Oracles","soc","Near Mint","English","","","2026-05-03 23:10:23.627000","378","False","False",""
"1","1","Hallowed Respite","mid","Near Mint","English","","","2026-09-04 12:19:14.813000","227","False","False","0.20"
"2","2","Hallway Heckler // Vicious Verse","fra","Near Mint","English","","","2026-09-26 20:04:24.937000","85","False","False","0.09"
"3","3","Hallway Heckler // Vicious Verse","fra","Near Mint","English","","","2026-10-06 01:05:27.830000","85","False","False","0.06"
"1","1","Hamato Guardian Stance","tmt","Near Mint","English","","","2026-07-13 23:12:52.803000","8","False","False","0.03"
"1","1","Hammer of Nazahn","sld","Near Mint","English","","","2026-05-07 23:05:28.650000","2098","False","False",""
"1","1","Hangarback Walker","eoc","Near Mint","English","","","2026-05-03 23:09:49.723000","139","False","False",""
"2","2","Hapatra, the Desert Fang","fra","Near Mint","English","","","2026-10-06 01:05:27.830000","271","False","False","0.02"
"2","2","Hapatra, the Desert Frost","fra","Near Mint","English","","","2026-10-06 01:05:27.830000","215","False","False","0.02"
"1","1","Haradrim Spearmaster","ltr","Near Mint","English","","","2026-05-14 23:46:10.743000","135","False","False","0.05"
"1","1","Harbinger of the Tides","fdn","Near Mint","English","","","2026-09-16 21:53:54.097000","593","False","False",""
"1","1","Hare Apparent","fdn","Near Mint","English","","","2026-09-16 22:48:19.077000","15","False","False","1.64"
"1","1","Harmless Offering","fdn","Near Mint","English","","","2026-09-16 21:53:54.097000","625","False","False",""
"1","1","Harmonic Prodigy","soc","Near Mint","English","","","2026-05-03 23:10:23.627000","123","False","False",""
"1","1","Harmonized Crescendo","ecl","Near Mint","English","foil","","2026-05-14 23:46:10.743000","408","False","False","0.34"
"1","1","Harmonized Trio // Brainstorm","sos","Near Mint","English","","","2026-07-22 22:57:50.160000","52","False","False","0.43"
"1","1","Harnesser of Storms","blb","Near Mint","English","","","2026-09-26 20:04:24.937000","137","False","False","0.13"
"2","2","Harvesttide Infiltrator // Harvesttide Assailant","mid","Near Mint","English","","","2026-09-04 12:19:14.813000","293","False","False","0.09"
"1","1","Haunted Mire","blc","Near Mint","English","","","2026-05-03 23:10:57.657000","311","False","False",""
"1","1","Haunting Voyage","ecc","Near Mint","English","","","2026-08-02 17:58:36.490000","75","False","False",""
"1","1","Haven of the Spirit Dragon","fdc","Near Mint","English","","","2026-10-06 20:32:58.363000","304","False","False",""
"1","1","Haywire Mite","blc","Near Mint","English","","","2026-05-03 23:10:57.657000","274","False","False",""
"1","1","Hazel of the Rootbloom","blc","Near Mint","English","foil","","2026-05-03 23:10:57.657000","2","False","False",""
"1","1","Hazel's Brewmaster","blc","Near Mint","English","","","2026-05-03 23:10:57.657000","17","False","False",""
"1","1","Hazel's Nocturne","blb","Near Mint","English","foil","","2026-07-22 22:57:50.160000","97","False","False","0.26"
"1","1","Hazel's Nocturne","blb","Near Mint","English","","","2026-08-02 17:45:48.183000","97","False","False","0.18"
"1","1","Hazoret's Monument","fdc","Near Mint","English","","","2026-10-06 20:32:58.363000","261","False","False",""
"1","1","Head of the Homestead","blb","Near Mint","English","","","2026-09-26 20:04:24.937000","216","False","False","0.04"
"1","1","Head of the Hunt","hob","Near Mint","English","foil","","2026-08-20 10:56:43.000000","260","False","False",""
"1","1","Headless Rider","fdc","Near Mint","English","","","2026-10-03 20:44:35.160000","106","False","False",""
"2","2","Heartfire Immolator","fdn","Near Mint","English","","","2026-09-16 21:53:54.097000","201","False","False",""
"2","2","Heartstring Puller","fra","Near Mint","English","","","2026-10-06 01:05:27.830000","86","False","False","0.05"
"1","1","Heartwood","tfra","Near Mint","English","foil","","2026-10-04 19:55:44.163000","11","False","False",""
"3","3","Heartwood","tfra","Near Mint","English","","","2026-10-06 01:05:27.830000","11","False","False",""
"1","1","Heartwood Crafter // Soul Tether","fra","Near Mint","English","","","2026-10-06 01:05:27.830000","105","False","False","0.18"
"1","1","Heated Argument","sos","Near Mint","English","","","2026-07-22 22:57:50.160000","118","False","False","0.06"
"1","1","Hedron Archive","fdc","Near Mint","English","","","2026-09-28 20:19:02.393000","262","False","False",""
"1","1","Hedron Archive","fdn","Near Mint","English","foil","","2026-09-16 21:53:54.097000","726","False","False",""
"1","1","Heirloom Blade","c20","Near Mint","English","","","2026-08-02 17:59:49.867000","242","False","False",""
"1","1","Heirloom Mirror // Inherited Fiend","mid","Near Mint","English","","","2026-08-27 18:34:51.423000","105","False","False","0.07"
"1","1","Heirloom Mirror // Inherited Fiend","mid","Near Mint","English","foil","","2026-09-04 12:19:14.813000","105","False","False","0.18"
"1","1","Hellkite Charger","fdc","Near Mint","English","","","2026-10-06 20:32:58.363000","160","False","False",""
"1","1","Hellkite Overlord","ala","Near Mint","English","","","2026-08-02 17:45:48.183000","172","False","False","0.73"
"1","1","Helpful Hunter","fdn","Near Mint","English","","","2026-05-03 23:09:59.423000","16","False","False",""
"1","1","Herald of Faith","fdn","Near Mint","English","","","2026-05-03 23:09:59.423000","494","False","False",""
"1","1","Heraldic Banner","fdn","Near Mint","English","","","2026-09-16 21:53:54.097000","254","False","False",""
"1","1","Herald's Horn","fdc","Near Mint","English","","","2026-10-06 20:32:58.363000","264","False","False",""
"1","1","Hermit of the Natterknolls // Lone Wolf of the Natterknolls","soi","Near Mint","English","","","2026-08-02 17:59:49.867000","209","False","False",""
"1","1","Heroes' Bane","fdn","Near Mint","English","","","2026-09-16 21:53:54.097000","639","False","False",""
"1","1","Heroic Intervention","cmm","Near Mint","English","","","2026-09-25 12:22:21.450000","295","False","False","13.51"
"1","1","Heroic Reinforcements","fdn","Near Mint","English","","","2026-09-16 21:53:54.097000","241","False","False",""
"1","1","Heroic Reinforcements","fdn","Near Mint","English","","","2026-09-16 22:48:19.077000","241","False","False","0.04"
"3","3","Hero's Downfall","fdn","Near Mint","English","","","2026-09-16 21:53:54.097000","175","False","False",""
"3","3","Hexhaven Battalion","fra","Near Mint","English","","","2026-10-06 01:05:27.830000","12","False","False","0.05"
"1","1","Hexhaven Dueling Arena","fra","Near Mint","English","foil","","2026-10-06 01:05:27.830000","181","False","False","0.24"
"1","1","Hidden Blade","acr","Near Mint","English","foil","","2026-05-14 23:46:10.743000","307","False","False","0.15"
"1","1","Hidetsugu's Second Rite","fdn","Near Mint","English","","","2026-09-16 21:53:54.097000","202","False","False",""
"1","1","Highborn Vampire","fdn","Near Mint","English","","","2026-05-03 23:09:59.423000","522","False","False",""
"1","1","High-Flying Ace","tmt","Near Mint","English","","","2026-07-13 23:12:52.803000","9","False","False","0.04"
"5","5","Hinterland Sanctifier","fdn","Near Mint","English","","","2026-09-16 21:53:54.097000","730","False","False",""
"1","1","Hired Claw","blb","Near Mint","English","","","2026-07-22 22:57:50.160000","140","False","False","1.02"
"1","1","Hit the Mother Lode","fdc","Near Mint","English","","","2026-10-06 20:32:58.363000","161","False","False",""
"1","1","Hithlain Knots","ltr","Near Mint","English","","","2026-05-14 23:46:10.743000","54","False","False","0.07"
"1","1","Hoarding Dragon","fdn","Near Mint","English","","","2026-09-16 21:53:54.097000","626","False","False",""
"3","3","Hobbit Hole","hob","Near Mint","English","","","2026-08-09 20:07:34.537000","184","False","False","0.16"
"1","1","Hobbit Hole","hob","Near Mint","English","foil","","2026-08-09 20:07:25.990000","184","False","False","0.34"
"1","1","Hollowhenge Overlord","voc","Near Mint","English","","","2026-09-25 12:22:21.450000","36","False","False","7.00"
"1","1","Homesickness","sos","Near Mint","English","","","2026-07-22 22:57:50.160000","53","False","False","0.07"
"1","1","Homestead Courage","mid","Near Mint","English","","","2026-08-02 17:45:48.183000","24","False","False","0.15"
"1","1","Honored Dreyleader","blb","Near Mint","English","","","2026-05-23 19:17:58.147000","178","False","False","0.16"
"2","2","Honored Dreyleader","blb","Near Mint","English","","","2026-09-26 20:04:24.937000","178","False","False","0.15"
"1","1","Honored Dreyleader","blb","Near Mint","English","","","2026-05-03 23:10:57.657000","178","False","False",""
"1","1","Honored Knight-Captain","eoe","Near Mint","English","","","2026-06-05 12:15:46.160000","22","False","False","0.06"
"1","1","Hoofprints of the Stag","ecc","Near Mint","English","","","2026-08-02 17:58:36.490000","64","False","False",""
"2","2","Hop to It","blb","Near Mint","English","","","2026-05-03 23:10:07.997000","16","False","False",""
"1","1","Horde of Notions","ecc","Near Mint","English","","","2026-08-02 17:58:36.490000","124","False","False",""
"1","1","Horrid Vigor","dsk","Near Mint","English","","","2026-08-02 17:59:49.867000","184","False","False",""
"1","1","Hound Tamer // Untamed Pup","mid","Near Mint","English","","","2026-08-02 17:59:49.867000","187","False","False",""
"1","1","Howlpack Piper // Wildsong Howler","vow","Near Mint","English","","","2026-08-02 17:59:49.867000","205","False","False",""
"1","1","Howlpack Resurgence","soi","Near Mint","English","","","2026-08-02 17:59:49.867000","211","False","False",""
"1","1","Human","tmid","Near Mint","English","foil","","2026-09-04 12:19:14.813000","1","False","False",""
"2","2","Human Soldier","teoe","Near Mint","English","","","2026-06-30 23:34:55.230000","2","False","False",""
"1","1","Human Soldier","tiko","Near Mint","English","","","2026-05-23 19:17:58.147000","3","False","False","0.16"
"10","10","Human Soldier","thob","Near Mint","English","","","2026-10-04 20:00:42.057000","2","False","False",""
"1","1","Hungering Puppetbeast","fra","Near Mint","English","","","2026-10-04 19:55:44.163000","346","False","False","0.20"
"1","1","Hungering Puppetbeast","fra","Near Mint","English","","","2026-10-06 01:05:27.830000","107","False","False","0.02"
"1","1","Hungry Ghoul","fdn","Near Mint","English","","","2026-05-03 23:09:59.423000","62","False","False",""
"1","1","Hungry Ghoul","fdn","Near Mint","English","","","2026-09-16 22:48:19.077000","62","False","False","0.03"
"1","1","Hungry Graffalon","sos","Near Mint","English","","","2026-07-22 22:57:50.160000","151","False","False","0.03"
"1","1","Hungry Ridgewolf","inr","Near Mint","English","","","2026-09-25 12:22:21.450000","160","False","False","0.08"
"1","1","Hunter's Axe","fra","Near Mint","English","","","2026-10-06 01:05:27.830000","108","False","False","0.16"
"1","1","Hunter's Talent","blb","Near Mint","English","","","2026-05-14 23:46:10.743000","179","False","False","0.43"
"1","1","Huntmaster of the Fells // Ravager of the Fells","inr","Near Mint","English","","","2026-08-02 17:59:49.867000","470","False","False",""
"1","1","Hylderblade","eoe","Near Mint","English","foil","","2026-07-09 18:29:55.097000","106","False","False","0.17"
"1","1","Hylderblade","eoe","Near Mint","English","","","2026-06-05 12:15:46.160000","106","False","False","0.11"
"2","2","Ice Cream Kitty","tmt","Near Mint","English","","","2026-07-13 23:07:19.073000","150","False","False","0.07"
"1","1","Icecave Crasher","eoe","Near Mint","English","","","2026-06-05 12:15:46.160000","191","False","False","0.05"
"1","1","Icewind Elemental","fdn","Near Mint","English","","","2026-05-03 23:09:59.423000","42","False","False",""
"1","1","Ichor Wellspring","fdc","Near Mint","English","","","2026-09-28 20:19:02.393000","265","False","False",""
"3","3","Icy Reception","fra","Near Mint","English","","","2026-10-06 01:05:27.830000","30","False","False","0.12"
"1","1","Identity Echo","fra","Near Mint","English","foil","","2026-10-04 19:55:44.163000","87","False","False","0.61"
"1","1","Idol of Oblivion","blc","Near Mint","English","","","2026-05-03 23:10:57.657000","277","False","False",""
"2","2","Igneous Elemental","mh1","Near Mint","English","","","2026-09-25 12:22:21.450000","133","False","False","0.11"
"1","1","Illegitimate Business","tmt","Near Mint","English","","","2026-07-13 23:07:19.073000","186","False","False","0.12"
"1","1","Ill-Tempered Loner // Howlpack Avenger","vow","Near Mint","English","","","2026-08-02 17:59:49.867000","162","False","False",""
"1","1","Illvoi Galeblade","eoe","Near Mint","English","","","2026-06-30 23:34:55.230000","58","False","False","0.15"
"1","1","Illvoi Galeblade","eoe","Near Mint","English","","","2026-06-05 12:15:46.160000","58","False","False","0.11"
"1","1","Immersturm Predator","fdn","Near Mint","English","","","2026-09-16 21:53:54.097000","660","False","False",""
"1","1","Immerwolf","dka","Near Mint","English","","","2026-08-02 17:59:49.867000","141","False","False",""
"1","1","Impact Tremors","fdn","Near Mint","English","foil","","2026-09-16 21:53:54.097000","717","False","False",""
"1","1","Imperious Inkmage","sos","Near Mint","English","","","2026-07-22 22:57:50.160000","195","False","False","0.07"
"2","2","Imperious Perfect","fdn","Near Mint","English","foil","","2026-09-16 21:53:54.097000","719","False","False",""
"1","1","Impolite Entrance","ecl","Near Mint","English","","","2026-05-23 19:17:58.147000","146","False","False","0.25"
"1","1","Impulsivity","ecc","Near Mint","English","","","2026-08-02 17:58:36.490000","13","False","False",""
"1","1","Incandescent Soulstoke","ecc","Near Mint","English","","","2026-08-02 17:58:36.490000","94","False","False",""
"1","1","Incinerating Blast","fdn","Near Mint","English","","","2026-05-03 23:09:59.423000","90","False","False",""
"1","1","Infernal Grasp","mid","Near Mint","English","","","2026-08-02 17:45:48.183000","107","False","False","0.47"
"1","1","Infernal Idol","fdc","Near Mint","English","","","2026-10-03 20:44:35.160000","266","False","False",""
"2","2","Infestation Sage","fdn","Near Mint","English","","","2026-09-16 21:53:54.097000","64","False","False",""
"3","3","Infinite Coursework","fra","Near Mint","English","","","2026-10-06 01:05:27.830000","31","False","False","0.06"
"1","1","Ingenious Leonin","fdn","Near Mint","English","","","2026-05-03 23:09:59.423000","495","False","False",""
"1","1","Ingot Chewer","ecc","Near Mint","English","","","2026-08-02 17:58:36.490000","95","False","False",""
"1","1","Inkling","tsos","Near Mint","English","foil","","2026-09-09 22:34:36.807000","6","False","False",""
"1","1","Inkling Mascot","sos","Near Mint","English","foil","","2026-07-22 22:57:50.160000","196","False","False","0.03"
"1","1","Innovative Commons","fra","Near Mint","English","","","2026-10-06 01:05:27.830000","182","False","False","0.13"
"1","1","Insatiable Frugivore","blc","Near Mint","English","","","2026-05-03 23:10:57.657000","18","False","False",""
"1","1","Insatiable Hemophage","iko","Near Mint","English","","","2026-05-23 19:17:58.147000","290","False","False","0.15"
"1","1","Insatiable Skittermaw","eoe","Near Mint","English","","","2026-06-30 23:34:55.230000","108","False","False","0.03"
"1","1","Insatiable Skittermaw","eoe","Near Mint","English","","","2026-06-05 12:15:46.160000","108","False","False","0.04"
"2","2","Insect","tmid","Near Mint","English","foil","","2026-09-04 12:19:14.813000","9","False","False",""
"3","3","Insectoid Exterminator","tmt","Near Mint","English","","","2026-07-13 23:12:52.803000","64","False","False","0.03"
"1","1","Insight Engine","eoc","Near Mint","English","","","2026-05-03 23:09:49.723000","6","False","False",""
"1","1","Inspired Skypainter // Maestro's Gift","soc","Near Mint","English","","","2026-05-03 23:10:23.627000","48","False","False",""
"2","2","Inspired Tethermage","fra","Near Mint","English","","","2026-10-06 01:05:27.830000","109","False","False","0.02"
"2","2","Inspiring Overseer","fdn","Near Mint","English","","","2026-09-16 21:53:54.097000","496","False","False",""
"1","1","Inspirit, Flagship Vessel","eoc","Near Mint","English","foil","","2026-05-03 23:09:49.723000","2","False","False",""
"1","1","Instigator Gang // Wildblood Pack","isd","Near Mint","English","","","2026-08-02 17:59:49.867000","149","False","False",""
"1","1","Interceptor Mechan","eoe","Near Mint","English","foil","","2026-07-09 18:29:55.097000","220","False","False","0.10"
"1","1","Interjection","sos","Near Mint","English","foil","","2026-07-22 22:57:50.160000","22","False","False","0.07"
"1","1","Into the Night","vow","Near Mint","English","","","2026-08-02 17:59:49.867000","163","False","False",""
"2","2","Into the Roil","fdn","Near Mint","English","","","2026-09-16 21:53:54.097000","509","False","False",""
"1","1","Intrepid Tenderfoot","eoe","Near Mint","English","","","2026-06-30 23:34:55.230000","193","False","False","0.04"
"1","1","Iron Hills","hob","Near Mint","English","foil","","2026-10-04 20:00:42.057000","185","False","False","0.12"
"3","3","Iron Hills","hob","Near Mint","English","","","2026-08-09 20:07:25.990000","185","False","False","0.14"
"1","1","Iron Hills","hob","Near Mint","English","foil","","2026-09-13 18:27:39.270000","185","False","False","0.09"
"1","1","Iron Hills Blacksmith","hob","Near Mint","English","","","2026-09-13 18:27:39.270000","16","False","False","0.10"
"4","4","Iron Hills Stalwart","hob","Near Mint","English","","","2026-08-09 20:07:25.990000","102","False","False","0.09"
"1","1","Iron Hills Stalwart","hob","Near Mint","English","","","2026-08-27 18:34:51.423000","102","False","False","0.02"
"1","1","Irrigated Farmland","eoc","Near Mint","English","","","2026-05-03 23:09:49.723000","162","False","False",""
"8","8","Island","sos","Near Mint","English","","","2026-05-03 23:10:23.627000","275","False","False",""
"2","2","Island","eoe","Near Mint","English","","","2026-05-03 23:09:49.723000","269","False","False",""
"1","1","Island","eoe","Near Mint","English","","","2026-05-03 23:09:49.723000","270","False","False",""
"2","2","Island","ecl","Near Mint","English","","","2026-08-02 17:58:36.490000","270","False","False",""
"1","1","Island","eoe","Near Mint","English","","","2026-06-05 12:15:46.160000","269","False","False","0.02"
"1","1","Island","blb","Near Mint","English","","","2026-05-23 19:17:58.147000","266","False","False","0.19"
"5","5","Island","blb","Near Mint","English","","","2026-05-03 23:10:15.600000","372","False","False",""
"1","1","Island","blb","Near Mint","English","","","2026-07-22 22:57:50.160000","267","False","False","0.23"
"1","1","Island","hob","Near Mint","English","foil","","2026-08-09 20:07:25.990000","195","False","False","0.75"
"2","2","Island","hob","Near Mint","English","","","2026-08-09 20:07:25.990000","190","False","False","0.20"
"6","6","Island","blb","Near Mint","English","","","2026-05-03 23:10:15.600000","371","False","False",""
"1","1","Island","tmt","Near Mint","English","","","2026-07-13 23:07:19.073000","192","False","False","0.08"
"2","2","Island","hob","Near Mint","English","foil","","2026-08-09 20:07:25.990000","190","False","False","0.24"
"1","1","Island","hob","Near Mint","English","","","2026-08-09 20:07:25.990000","195","False","False","0.45"
"1","1","Island","mid","Near Mint","English","","","2026-08-27 18:34:51.423000","270","False","False","0.26"
"1","1","Island","sos","Near Mint","English","","","2026-07-22 22:57:50.160000","275","False","False","0.12"
"1","1","Island","ecl","Near Mint","English","","","2026-05-03 23:08:48.333000","270","False","False","0.10"
"8","8","Island","fdn","Near Mint","English","","","2026-09-16 21:53:54.097000","275","False","False",""
"1","1","Island","fdn","Near Mint","English","","","2026-09-16 21:53:54.097000","284","False","False",""
"1","1","Island","fra","Near Mint","English","foil","","2026-10-06 01:05:27.830000","385","False","False","1.09"
"3","3","Island","fra","Near Mint","English","","","2026-09-28 20:19:34.370000","283","False","False",""
"1","1","Island","fra","Near Mint","English","","","2026-10-06 01:05:27.830000","385","False","False","0.58"
"1","1","Island","fdn","Near Mint","English","foil","","2026-09-16 22:48:19.077000","274","False","False","0.09"
"1","1","Island","fdn","Near Mint","English","","","2026-09-16 21:53:54.097000","285","False","False",""
"1","1","Island","fra","Near Mint","English","","","2026-09-29 13:03:50.663000","283","False","False","0.05"
"1","1","Island","fra","Near Mint","English","","","2026-10-06 01:05:27.830000","284","False","False","0.12"
"56","56","Island","fdn","Near Mint","English","","","2026-09-28 20:19:02.393000","274","False","False",""
"1","1","Island","fra","Near Mint","English","","","2026-10-06 01:05:27.830000","386","False","False","0.56"
"1","1","Island","fra","Near Mint","English","foil","","2026-09-26 20:04:24.937000","385","False","False","1.53"
"1","1","Isolated Chapel","frc","Near Mint","English","","","2026-09-28 20:19:34.370000","74","False","False",""
"1","1","Izzet Guildgate","fdn","Near Mint","English","","","2026-09-16 21:53:54.097000","691","False","False",""
"1","1","Izzet Signet","frc","Near Mint","English","","","2026-09-28 20:19:34.370000","58","False","False",""
"6","6","Jace","tfra","Near Mint","English","","","2026-10-06 01:05:27.830000","5","False","False",""
"1","1","Jace, Multiverse Architect","frc","Near Mint","English","","","2026-09-28 20:19:34.370000","1","False","False",""
"1","1","Jace, Reality Sculptor","fra","Near Mint","English","","","2026-10-06 01:05:27.830000","300","False","False","2.70"
"1","1","Jace's Machinations","fra","Near Mint","English","","","2026-10-06 01:05:27.830000","32","False","False","0.43"
"1","1","Jace's Machinations","fra","Near Mint","English","","","2026-09-26 20:04:24.937000","32","False","False","2.07"
"1","1","Jackdaw Savior","blb","Near Mint","English","","","2026-09-26 20:04:24.937000","18","False","False","0.35"
"1","1","Jack-o'-Lantern","mid","Near Mint","English","","","2026-08-27 18:34:51.423000","254","False","False","0.14"
"1","1","Jazal Goldmane","fdn","Near Mint","English","","","2026-05-03 23:09:59.423000","497","False","False",""
"1","1","Jegantha, the Wellspring","ecc","Near Mint","English","","","2026-08-02 17:58:36.490000","125","False","False",""
"1","1","Jegantha, the Wellspring","iko","Near Mint","English","foil","","2026-05-30 18:24:46.773000","222","False","False","0.79"
"1","1","Jennika, Bad Apple Big Sister","tmt","Near Mint","English","foil","","2026-07-13 23:12:52.803000","10","False","False","0.22"
"1","1","Jennika, Bad Apple Big Sister","tmt","Near Mint","English","","","2026-07-13 23:07:19.073000","203","False","False","0.08"
"1","1","Jhoira, Weatherlight Captain","eoc","Near Mint","English","","","2026-05-03 23:09:49.723000","118","False","False",""
"1","1","Jhoira, Weatherlight Corsair","frc","Near Mint","English","","","2026-09-28 20:19:34.370000","8","False","False",""
"2","2","Jiang Yanggu, Alone","fra","Near Mint","English","","","2026-10-06 01:05:27.830000","246","False","False","0.04"
"1","1","Jiang Yanggu, Alone","fra","Near Mint","English","foil","","2026-10-04 19:55:44.163000","246","False","False","0.11"
"2","2","Jiang Yanggu, Never Alone","fra","Near Mint","English","","","2026-10-06 01:05:27.830000","261","False","False","0.02"
"1","1","Joraga Invocation","fdn","Near Mint","English","","","2026-05-03 23:09:59.423000","555","False","False",""
"1","1","Josu Vess, Lich Knight","fdc","Near Mint","English","","","2026-10-03 20:44:35.160000","107","False","False",""
"1","1","Joust Through","fdn","Near Mint","English","","","2026-09-16 21:53:54.097000","19","False","False",""
"1","1","Jubilation","ecc","Near Mint","English","","","2026-08-02 17:58:36.490000","17","False","False",""
"1","1","Jungle Hollow","blc","Near Mint","English","","","2026-05-03 23:10:57.657000","313","False","False",""
"2","2","Jungle Hollow","fdn","Near Mint","English","","","2026-09-16 21:53:54.097000","263","False","False",""
"1","1","Jungle Shrine","ecc","Near Mint","English","","","2026-08-02 17:58:36.490000","154","False","False",""
"1","1","Kalakscion, Hunger Tyrant","dft","Near Mint","English","","","2026-05-03 23:08:48.333000","93","False","False","0.17"
"1","1","Kalastria Highborn","fdn","Near Mint","English","","","2026-09-16 21:53:54.097000","607","False","False",""
"1","1","Kalitas, Traitor of Ghet","fdc","Near Mint","English","","","2026-10-03 20:44:35.160000","108","False","False",""
"1","1","Kappa Cannoneer","fdc","Near Mint","English","","","2026-09-28 20:19:02.393000","64","False","False",""
"1","1","Kappa Cannoneer","eoc","Near Mint","English","","","2026-05-03 23:09:49.723000","74","False","False",""
"1","1","Karai, Future of the Foot","tmt","Near Mint","English","","","2026-07-13 23:12:52.803000","151","False","False","0.10"
"1","1","Kargan Dragonrider","fdn","Near Mint","English","","","2026-05-03 23:09:59.423000","541","False","False",""
"1","1","Karn, Argent Defender","fra","Near Mint","English","","","2026-10-06 01:05:27.830000","320","False","False","2.58"
"1","1","Karn's Bastion","eoc","Near Mint","English","","","2026-05-03 23:09:49.723000","163","False","False",""
"1","1","Karplusan Forest","eoc","Near Mint","English","","","2026-09-25 12:22:21.450000","164","False","False","0.87"
"1","1","Kav Landseeker","eoe","Near Mint","English","","","2026-06-30 23:34:55.230000","138","False","False","0.05"
"1","1","Keen Buccaneer","dft","Near Mint","English","","","2026-05-03 23:08:48.333000","48","False","False","0.04"
"1","1","Keeper of the Quiet Hour","fra","Near Mint","English","","","2026-09-26 20:04:24.937000","171","False","False","0.11"
"2","2","Keeper of the Quiet Hour","fra","Near Mint","English","","","2026-10-06 01:05:27.830000","171","False","False","0.06"
"1","1","Keeper of the Quiet Hour","fra","Near Mint","English","foil","","2026-09-26 20:04:24.937000","171","False","False","0.32"
"1","1","Keeper of the Quiet Hour","fra","Near Mint","English","foil","","2026-10-04 19:55:44.163000","171","False","False","0.13"
"1","1","Keruga, the Macrosage","iko","Near Mint","English","","","2026-05-30 18:24:46.773000","354","False","False","0.60"
"1","1","Kessig Forgemaster // Flameheart Werewolf","soi","Near Mint","English","","","2026-08-02 17:59:49.867000","169","False","False",""
"1","1","Kessig Naturalist // Lord of the Ulvenwald","mid","Near Mint","English","","","2026-08-02 17:59:49.867000","310","False","False",""
"1","1","Kessig Naturalist // Lord of the Ulvenwald","mid","Near Mint","English","","","2026-09-04 12:19:14.813000","310","False","False","0.20"
"1","1","Kessig Wolf Run","mkc","Near Mint","English","","","2026-08-02 17:59:49.867000","269","False","False",""
"1","1","Kher Keep","frc","Near Mint","English","","","2026-09-28 20:19:34.370000","75","False","False",""
"1","1","Kilo, Apogee Mind","eoc","Near Mint","English","foil","","2026-05-03 23:09:49.723000","3","False","False",""
"1","1","Kindled Fury","fdn","Near Mint","English","","","2026-05-03 23:09:59.423000","542","False","False",""
"2","2","Kindlespark Duo","blb","Near Mint","English","","","2026-07-22 22:57:50.160000","142","False","False","0.12"
"1","1","Kindred Summons","ecc","Near Mint","English","","","2026-08-02 17:58:36.490000","112","False","False",""
"2","2","Kiora of Fire and Ashes","fra","Near Mint","English","","","2026-10-06 01:05:27.830000","247","False","False","0.04"
"3","3","Kiora of Salt and Sand","fra","Near Mint","English","","","2026-10-06 01:05:27.830000","273","False","False","0.06"
"1","1","Kitesail Corsair","fdn","Near Mint","English","","","2026-05-03 23:09:59.423000","510","False","False",""
"1","1","Knight of Grace","fdn","Near Mint","English","","","2026-09-16 21:53:54.097000","576","False","False",""
"1","1","Knight of Malice","fdn","Near Mint","English","","","2026-09-16 21:53:54.097000","608","False","False",""
"2","2","Knightfisher","blb","Near Mint","English","","","2026-08-02 17:45:48.183000","55","False","False","0.13"
"1","1","Knockout Blow","snc","Near Mint","English","","","2026-05-23 19:17:58.147000","20","False","False","0.04"
"1","1","Knuckles the Echidna","sld","Near Mint","English","","","2026-05-03 23:10:41.487000","2082","False","False",""
"1","1","Kodama's Reach","ecc","Near Mint","English","","","2026-08-02 17:58:36.490000","113","False","False",""
"1","1","Konstrari Annex","fra","Near Mint","English","","","2026-09-26 20:04:24.937000","183","False","False","0.15"
"1","1","Konstrari Annex","fra","Near Mint","English","","","2026-10-06 01:05:27.830000","183","False","False","0.10"
"1","1","Konstrari Charm","fra","Near Mint","English","","","2026-10-06 01:05:27.830000","138","False","False","0.02"
"1","1","Konstrari Charm","fra","Near Mint","English","","","2026-09-26 20:04:24.937000","138","False","False","0.05"
"1","1","Konstrari Improviser // Soul Tether","fra","Near Mint","English","","","2026-09-26 20:04:24.937000","139","False","False","0.11"
"3","3","Konstrari Improviser // Soul Tether","fra","Near Mint","English","","","2026-10-06 01:05:27.830000","139","False","False","0.10"
"1","1","Konstrari Improviser // Soul Tether","fra","Near Mint","English","foil","","2026-10-06 01:05:27.830000","139","False","False","0.20"
"1","1","Koth of the Homestead","fra","Near Mint","English","","","2026-10-06 01:05:27.830000","199","False","False","0.02"
"1","1","Koth, the Geomancer","fra","Near Mint","English","","","2026-10-06 01:05:27.830000","248","False","False","0.07"
"1","1","Koya, Death from Above","tmt","Near Mint","English","foil","","2026-07-13 23:07:19.073000","11","False","False","0.08"
"1","1","Kruin Outlaw // Terror of Kruin Pass","inr","Near Mint","English","","","2026-08-02 17:59:49.867000","161","False","False",""
"1","1","Kulrath Mystic","ecl","Near Mint","English","","","2026-05-23 19:17:58.147000","56","False","False","0.06"
"1","1","Kulrath Zealot","ecl","Near Mint","English","","","2026-05-23 19:17:58.147000","148","False","False","0.08"
"2","2","Lakeshore Apothecary","hob","Near Mint","English","","","2026-08-09 20:07:25.990000","43","False","False","0.14"
"1","1","Lakeshore Apothecary","hob","Near Mint","English","","","2026-08-27 18:34:51.423000","43","False","False","0.02"
"2","2","Lake-town","hob","Near Mint","English","","","2026-08-09 20:07:25.990000","186","False","False","0.17"
"1","1","Lake-town Lookout","hob","Near Mint","English","","","2026-08-09 20:07:25.990000","18","False","False","0.14"
"1","1","Lake-town Mariners // Gone Fishing","hob","Near Mint","English","","","2026-08-09 20:07:25.990000","44","False","False","0.19"
"1","1","Lake-town Mariners // Gone Fishing","hob","Near Mint","English","foil","","2026-08-09 20:07:25.990000","44","False","False","0.22"
"1","1","Lake-town Toymaker","hob","Near Mint","English","","","2026-10-04 20:00:42.057000","19","False","False","0.05"
"1","1","Lambholt Harrier","mid","Near Mint","English","foil","","2026-09-04 12:19:14.813000","145","False","False","0.19"
"1","1","Lamentation","ecc","Near Mint","English","","","2026-08-02 17:58:36.490000","10","False","False",""
"1","1","Lander","teoe","Near Mint","English","","","2026-06-30 23:34:55.230000","8","False","False",""
"1","1","Lander","teoe","Near Mint","English","","","2026-06-05 12:15:46.160000","5","False","False",""
"2","2","Lander","teoe","Near Mint","English","","","2026-06-30 23:34:55.230000","4","False","False",""
"4","4","Last Gasp","fra","Near Mint","English","","","2026-10-06 01:05:27.830000","56","False","False","0.06"
"1","1","Lasting Tarfire","ecl","Near Mint","English","","","2026-05-03 23:08:48.333000","149","False","False","0.10"
"1","1","Lathliss, Dragon Queen","fdn","Near Mint","English","","","2026-09-16 21:53:54.097000","627","False","False",""
"1","1","Lathliss, Dragon Queen","fdc","Near Mint","English","foil","","2026-10-06 20:32:58.363000","7","False","False",""
"1","1","Lattice-Blade Mantis","one","Near Mint","English","","","2026-05-27 15:24:38.060000","173","False","False","0.05"
"1","1","Launch Mishap","fdc","Near Mint","English","","","2026-09-28 20:19:02.393000","65","False","False",""
"1","1","Lava Serpent","iko","Near Mint","English","","","2026-05-23 19:17:58.147000","124","False","False","0.03"
"1","1","Lavakin Brawler","m20","Near Mint","English","","","2026-09-25 12:22:21.450000","147","False","False","0.09"
"1","1","Leader's Talent","tmt","Near Mint","English","","","2026-07-13 23:12:52.803000","13","False","False","0.45"
"1","1","Lecturing Scornmage","sos","Near Mint","English","foil","","2026-09-09 22:34:36.807000","87","False","False","0.11"
"1","1","Leech Collector // Bloodletting","sos","Near Mint","English","foil","","2026-07-22 22:57:50.160000","88","False","False","0.29"
"1","1","Leitmotif Composer","soc","Near Mint","English","","","2026-05-03 23:10:23.627000","20","False","False",""
"1","1","Leonardo, Big Brother","tmt","Near Mint","English","","","2026-05-14 23:46:10.743000","14","False","False","0.14"
"1","1","Leonardo, Big Brother","tmt","Near Mint","English","","","2026-07-13 23:12:52.803000","14","False","False","0.19"
"1","1","Leonardo, Leader in Blue","tmt","Near Mint","English","foil","","2026-07-13 23:07:19.073000","16","False","False","0.18"
"1","1","Leonardo's Technique","tmt","Near Mint","English","","","2026-07-13 23:12:52.803000","18","False","False","0.28"
"1","1","Leonin Skyhunter","fdn","Near Mint","English","","","2026-05-03 23:09:59.423000","498","False","False",""
"1","1","Leonin Vanguard","fdn","Near Mint","English","","","2026-05-03 23:09:59.423000","499","False","False",""
"2","2","Lessons from Life","tmt","Near Mint","English","","","2026-07-13 23:07:19.073000","155","False","False","0.21"
"1","1","Leviathan","tfra","Near Mint","English","","","2026-10-06 01:05:27.830000","6","False","False",""
"1","1","Leyline Tyrant","fdc","Near Mint","English","","","2026-10-06 20:32:58.363000","162","False","False",""
"1","1","Lich's Relic","fra","Near Mint","English","","","2026-09-26 20:04:24.937000","57","False","False","1.97"
"1","1","Lightning Bolt","fdc","Near Mint","English","","","2026-10-06 20:32:58.363000","163","False","False",""
"1","1","Lightning Greaves","soc","Near Mint","English","","","2026-05-03 23:10:23.627000","350","False","False",""
"1","1","Lightning Greaves","sld","Near Mint","English","","","2026-05-07 23:04:16.000000","2099","False","False",""
"1","1","Lightshell Duo","fdn","Near Mint","English","foil","","2026-09-26 20:04:24.937000","157","False","False","0.07"
"1","1","Liliana the Faultless","fra","Near Mint","English","","","2026-10-06 01:05:27.830000","200","False","False","2.02"
"1","1","Liliana the Repentant","fra","Near Mint","English","","","2026-10-06 01:05:27.830000","231","False","False","0.33"
"1","1","Liliana's Mastery","fdc","Near Mint","English","","","2026-10-03 20:44:35.160000","109","False","False",""
"1","1","Liliana's Reaver","fdc","Near Mint","English","","","2026-10-03 20:44:35.160000","110","False","False",""
"1","1","Lilysplash Mentor","blb","Near Mint","English","","","2026-08-02 17:45:48.183000","222","False","False","0.12"
"1","1","Linden, the Steadfast Queen","fdn","Near Mint","English","","","2026-09-16 21:53:54.097000","577","False","False",""
"1","1","Lingering Souls","frc","Near Mint","English","","","2026-09-28 20:19:34.370000","27","False","False",""
"1","1","Little Bear","hob","Near Mint","English","","","2026-08-09 20:07:25.990000","128","False","False","0.13"
"1","1","Living Library","fra","Near Mint","English","","","2026-10-06 01:05:27.830000","172","False","False","0.09"
"1","1","Living Library","fra","Near Mint","English","","","2026-09-29 13:03:50.663000","172","False","False","0.06"
"5","5","Llanowar Elves","fdn","Near Mint","English","","","2026-09-16 21:53:54.097000","227","False","False",""
"1","1","Llanowar Wastes","blc","Near Mint","English","","","2026-05-03 23:10:57.657000","315","False","False",""
"1","1","Locked in the Cemetery","mid","Near Mint","English","","","2026-08-02 17:45:48.183000","60","False","False","0.04"
"1","1","Locust Spray","soa","Near Mint","English","","","2026-07-22 22:57:50.160000","31","False","False","0.05"
"1","1","Lonely Sandbar","eoc","Near Mint","English","","","2026-05-03 23:09:49.723000","166","False","False",""
"1","1","Lonely Sandbar","fdc","Near Mint","English","","","2026-09-28 20:19:02.393000","305","False","False",""
"3","3","Long Lake Nuisance","hob","Near Mint","English","","","2026-08-09 20:07:25.990000","45","False","False","0.09"
"1","1","Long Lake Nuisance","hob","Near Mint","English","foil","","2026-08-27 18:34:51.423000","45","False","False","0.08"
"3","3","Long-Bodied Grey Dog","hob","Near Mint","English","","","2026-08-09 20:07:25.990000","1","False","False","0.14"
"1","1","Long-Range Sensor","eoc","Near Mint","English","","","2026-05-03 23:09:49.723000","11","False","False",""
"1","1","Longstalk Brawl","blb","Near Mint","English","","","2026-05-14 23:46:10.743000","182","False","False","0.07"
"1","1","Loot, Exuberant Explorer","fdn","Near Mint","English","","","2026-09-16 22:48:19.077000","106","False","False","2.60"
"1","1","Loot, the Anomaly","fra","Near Mint","English","","","2026-10-06 01:05:27.830000","232","False","False","0.13"
"1","1","Loot, the Anomaly","fra","Near Mint","English","","","2026-09-26 20:04:24.937000","232","False","False","0.14"
"1","1","Loot, the Nexus","fra","Near Mint","English","","","2026-10-06 01:05:27.830000","262","False","False","0.02"
"1","1","Lord Dregg, Insect Invader","tmt","Near Mint","English","","","2026-07-13 23:07:19.073000","65","False","False","0.06"
"1","1","Lord of the Accursed","fdc","Near Mint","English","","","2026-10-03 20:44:35.160000","111","False","False",""
"1","1","Lord of the Undead","fdc","Near Mint","English","","","2026-10-03 20:44:35.160000","112","False","False",""
"1","1","Loyal Gryff","mid","Near Mint","English","foil","","2026-09-04 12:19:14.813000","26","False","False","0.11"
"1","1","Loyal Tutor","fra","Near Mint","English","","","2026-10-06 01:05:27.830000","14","False","False","0.54"
"1","1","Lumaret's Favor","sos","Near Mint","English","","","2026-07-22 22:57:50.160000","153","False","False","0.08"
"1","1","Lunar Convocation","blb","Near Mint","English","","","2026-05-23 19:17:58.147000","223","False","False","0.69"
"1","1","Lunar Frenzy","mid","Near Mint","English","","","2026-08-27 18:34:51.423000","147","False","False","0.15"
"1","1","Lunarch Veteran // Luminous Phantom","inr","Near Mint","English","","","2026-08-27 18:34:51.423000","32","False","False","0.23"
"1","1","Lunarch Veteran // Luminous Phantom","mid","Near Mint","English","","","2026-08-02 17:45:48.183000","27","False","False","0.26"
"1","1","Lupinflower Village","blb","Near Mint","English","","","2026-05-23 19:17:58.147000","256","False","False","0.15"
"1","1","Lux Artillery","eoc","Near Mint","English","","","2026-05-03 23:09:49.723000","140","False","False",""
"1","1","Lux Cannon","eoc","Near Mint","English","","","2026-05-03 23:09:49.723000","141","False","False",""
"1","1","Luxknight Breacher","eoe","Near Mint","English","","","2026-06-05 12:15:46.160000","26","False","False","0.07"
"1","1","Lyra Dawnbringer","fdn","Near Mint","English","foil","","2026-09-16 21:53:54.097000","707","False","False",""
"1","1","Lyra, Archangel of Dawn","fra","Near Mint","English","","","2026-10-06 01:05:27.830000","201","False","False","1.25"
"1","1","Lyra, Archangel of Dawn","fra","Near Mint","English","","","2026-10-04 19:55:44.163000","294","False","False","4.18"
"1","1","Lyra, Tolarian Archangel","fra","Near Mint","English","","","2026-10-06 01:05:27.830000","217","False","False","0.02"
"1","1","Maalfeld Twins","fdn","Near Mint","English","","","2026-05-03 23:09:59.423000","523","False","False",""
"1","1","Mabel, Bitter Recluse","fra","Near Mint","English","","","2026-10-06 01:05:27.830000","233","False","False","0.05"
"2","2","Mabel, Bitter Recluse","fra","Near Mint","English","","","2026-09-26 20:04:24.937000","233","False","False","0.14"
"1","1","Mabel, Heir to Cragflame","blb","Near Mint","English","","","2026-05-03 23:08:48.333000","336","False","False","0.93"
"1","1","Mabel, Heir to Cragflame","blb","Near Mint","English","","","2026-05-14 23:46:10.743000","224","False","False","0.32"
"1","1","Mabel, Valley Hero","fra","Near Mint","English","","","2026-10-06 01:05:27.830000","274","False","False","0.07"
"2","2","Mabel, Valley Hero","fra","Near Mint","English","","","2026-09-26 20:04:24.937000","274","False","False",""
"1","1","Madame Null, Power Broker","tmt","Near Mint","English","","","2026-07-13 23:12:52.803000","66","False","False","0.27"
"1","1","Maelstrom Pulse","fdn","Near Mint","English","","","2026-09-16 21:53:54.097000","661","False","False",""
"1","1","Maelstrom Pulse","blc","Near Mint","English","","","2026-05-03 23:10:57.657000","126","False","False",""
"1","1","Maelstrom Wanderer","ecc","Near Mint","English","","","2026-08-02 17:58:36.490000","127","False","False",""
"1","1","Mage's Attendant","clb","Near Mint","English","","","2026-05-23 19:17:58.147000","698","False","False","0.17"
"1","1","Magma Opus","soc","Near Mint","English","","","2026-05-03 23:10:23.627000","318","False","False",""
"1","1","Magmaquake","fdc","Near Mint","English","","","2026-10-06 20:32:58.363000","164","False","False",""
"2","2","Magnificent End","hob","Near Mint","English","","","2026-08-27 18:34:51.423000","20","False","False","0.02"
"2","2","Magnificent End","hob","Near Mint","English","","","2026-08-09 20:07:25.990000","20","False","False","0.17"
"1","1","Magnigoth Sentry","fdn","Near Mint","English","","","2026-05-03 23:09:59.423000","556","False","False",""
"1","1","Majestic Auricorn","iko","Near Mint","English","","","2026-05-30 18:24:46.773000","281","False","False","0.21"
"1","1","Make a Stand","fdn","Near Mint","English","foil","","2026-09-16 21:53:54.097000","708","False","False",""
"2","2","Make Your Move","tmt","Near Mint","English","","","2026-07-13 23:12:52.803000","20","False","False","0.04"
"1","1","Mana Geyser","soc","Near Mint","English","","","2026-05-03 23:10:23.627000","247","False","False",""
"1","1","Mana Geyser","fdc","Near Mint","English","","","2026-10-06 20:32:58.363000","165","False","False",""
"1","1","Manaform Hellkite","soc","Near Mint","English","","","2026-05-03 23:10:23.627000","248","False","False",""
"1","1","Manhole Missile","tmt","Near Mint","English","","","2026-07-13 23:07:19.073000","94","False","False","0.05"
"1","1","Marauding Blight-Priest","fdn","Near Mint","English","","","2026-09-16 21:53:54.097000","178","False","False",""
"1","1","Marchesa's Decree","fdc","Near Mint","English","","","2026-10-03 20:44:35.160000","113","False","False",""
"1","1","Martial Coup","frc","Near Mint","English","","","2026-09-28 20:19:34.370000","28","False","False",""
"1","1","Marwyn, the Clearcutter","fra","Near Mint","English","","","2026-10-06 01:05:27.830000","249","False","False","0.15"
"1","1","Marwyn, the Preserver","fra","Near Mint","English","","","2026-10-06 01:05:27.830000","263","False","False","0.17"
"1","1","Maskwood Nexus","blc","Near Mint","English","","","2026-05-03 23:10:57.657000","279","False","False",""
"1","1","Mass of Mysteries","ecc","Near Mint","English","foil","","2026-08-02 17:58:36.490000","3","False","False",""
"1","1","Mass Polymorph","frc","Near Mint","English","","","2026-09-28 20:19:34.370000","42","False","False",""
"1","1","Massacre Girl, Most Wanted","fra","Near Mint","English","foil","","2026-10-04 19:55:44.163000","234","False","False","0.18"
"1","1","Massacre Girl, Most Wanted","fra","Near Mint","English","","","2026-10-06 01:05:27.830000","234","False","False","0.16"
"1","1","Massacre Wurm","fdn","Near Mint","English","foil","","2026-09-16 21:53:54.097000","714","False","False",""
"2","2","Master of Barbs","fra","Near Mint","English","","","2026-10-06 01:05:27.830000","88","False","False","0.05"
"1","1","Master of Etherium","fdc","Near Mint","English","","","2026-09-28 20:19:02.393000","66","False","False",""
"1","1","Master of the Wild Hunt","a25","Near Mint","English","","","2026-09-13 18:27:39.270000","181","False","False","1.65"
"1","1","Master Transmuter","fdc","Near Mint","English","","","2026-09-28 20:19:02.393000","67","False","False",""
"2","2","Master's Councillors","hob","Near Mint","English","","","2026-08-09 20:07:25.990000","47","False","False","0.08"
"1","1","Mayor of Avabruck // Howlpack Alpha","inr","Near Mint","English","","","2026-08-02 17:59:49.867000","207","False","False",""
"1","1","Mazemind Tome","fdc","Near Mint","English","","","2026-09-28 20:19:02.393000","268","False","False",""
"1","1","Mazemind Tome","fdn","Near Mint","English","","","2026-09-16 21:53:54.097000","676","False","False",""
"1","1","Maze's End","fdn","Near Mint","English","foil","","2026-09-16 21:53:54.097000","727","False","False",""
"1","1","Mechan Navigator","eoe","Near Mint","English","","","2026-06-05 12:15:46.160000","64","False","False","0.13"
"1","1","Mechan Shieldmate","eoe","Near Mint","English","foil","","2026-07-09 18:29:55.097000","65","False","False","0.08"
"2","2","Mechanized Ninja Cavalry","tmt","Near Mint","English","","","2026-07-13 23:12:52.803000","156","False","False","0.09"
"1","1","Medic's Kitesail","fra","Near Mint","English","foil","","2026-10-06 01:05:27.830000","173","False","False","0.19"
"3","3","Medic's Kitesail","fra","Near Mint","English","","","2026-10-06 01:05:27.830000","173","False","False","0.10"
"1","1","Medic's Kitesail","fra","Near Mint","English","","","2026-09-26 20:04:24.937000","173","False","False","0.06"
"1","1","Meldweb Strider","one","Near Mint","English","","","2026-05-27 15:24:38.060000","60","False","False","0.05"
"1","1","Meltstrider Eulogist","eoe","Near Mint","English","","","2026-06-05 12:15:46.160000","197","False","False","0.17"
"1","1","Meltstrider's Gear","eoe","Near Mint","English","","","2026-06-30 23:34:55.230000","198","False","False","0.06"
"1","1","Memnarch, the Warden","frc","Near Mint","English","","","2026-09-28 20:19:34.370000","15","False","False",""
"1","1","Memorial to Folly","fdc","Near Mint","English","","","2026-10-03 20:44:35.160000","306","False","False",""
"1","1","Memory Guardian","fdc","Near Mint","English","","","2026-09-28 20:19:02.393000","68","False","False",""
"2","2","Memory Trap","fra","Near Mint","English","","","2026-10-06 01:05:27.830000","15","False","False","0.05"
"1","1","Memory Trap","fra","Near Mint","English","","","2026-09-29 13:03:50.663000","15","False","False","0.08"
"2","2","Memory Trap","fra","Near Mint","English","","","2026-09-26 20:04:24.937000","15","False","False","0.11"
"1","1","Mentor of the Meek","fdn","Near Mint","English","","","2026-09-16 21:53:54.097000","578","False","False",""
"2","2","Merfolk","tecl","Near Mint","English","","","2026-05-30 18:24:46.773000","8","False","False",""
"1","1","Merrow Skyswimmer","ecl","Near Mint","English","","","2026-05-23 19:17:58.147000","234","False","False","0.13"
"1","1","Metalhead","tmt","Near Mint","English","","","2026-07-13 23:07:19.073000","44","False","False","0.05"
"1","1","Metastatic Evangel","mh3","Near Mint","English","","","2026-09-16 22:58:06.643000","35","False","False",""
"2","2","Meteor Golem","fdn","Near Mint","English","","","2026-09-28 20:19:02.393000","256","False","False",""
"1","1","Meticulous Commons","fra","Near Mint","English","","","2026-10-06 01:05:27.830000","184","False","False","0.11"
"2","2","Michelangelo, Game Master","tmt","Near Mint","English","","","2026-07-13 23:07:19.073000","118","False","False","0.05"
"1","1","Micromancer","fdn","Near Mint","English","","","2026-09-16 21:53:54.097000","158","False","False",""
"1","1","Midnight Reaper","fdn","Near Mint","English","","","2026-09-16 21:53:54.097000","609","False","False",""
"1","1","Midnight Reaper","fdc","Near Mint","English","","","2026-10-03 20:44:35.160000","114","False","False",""
"1","1","Midnight Snack","fdn","Near Mint","English","","","2026-09-16 22:48:19.077000","65","False","False","0.11"
"1","1","Midnight Snack","fdn","Near Mint","English","","","2026-09-16 21:53:54.097000","65","False","False",""
"1","1","Migloz, Maze Crusher","one","Near Mint","English","","","2026-05-27 15:24:38.060000","210","False","False","0.19"
"1","1","Migrating Ketradon","dft","Near Mint","English","","","2026-05-03 23:08:48.333000","170","False","False","0.04"
"1","1","Mild-Mannered Librarian","fdn","Near Mint","English","","","2026-05-03 23:09:59.423000","228","False","False",""
"1","1","Miles ""Tails"" Prower","sld","Near Mint","English","","","2026-05-03 23:10:41.487000","2085","False","False",""
"2","2","Mind Drill Assailant","blb","Near Mint","English","","","2026-09-26 20:04:24.937000","225","False","False","0.06"
"2","2","Mind Meanderer","fra","Near Mint","English","","","2026-10-06 01:05:27.830000","141","False","False","0.20"
"1","1","Mind Roots","sos","Near Mint","English","","","2026-07-22 22:57:50.160000","203","False","False","0.13"
"1","1","Mind Spiral","blb","Near Mint","English","","","2026-08-02 17:45:48.183000","59","False","False","0.03"
"1","1","Mind Spring","blb","Near Mint","English","","","2026-05-03 23:10:15.600000","389","False","False",""
"2","2","Mind Stone","fdc","Near Mint","English","","","2026-10-03 20:44:35.160000","271","False","False",""
"1","1","Mind Transfer Protocol","tmt","Near Mint","English","","","2026-07-13 23:07:19.073000","45","False","False","0.04"
"1","1","Mindless Automaton","eoc","Near Mint","English","","","2026-05-03 23:09:49.723000","142","False","False",""
"1","1","Mind's Eye","fdc","Near Mint","English","","","2026-09-28 20:19:02.393000","272","False","False",""
"3","3","Mindseeker Oculus","fra","Near Mint","English","","","2026-10-06 01:05:27.830000","33","False","False","0.09"
"2","2","Mindseeker Oculus","fra","Near Mint","English","","","2026-09-26 20:04:24.937000","33","False","False","0.11"
"1","1","Mindseeker Oculus","fra","Near Mint","English","foil","","2026-09-29 13:03:50.663000","33","False","False","0.20"
"1","1","Mindsparker","fdn","Near Mint","English","","","2026-09-16 21:53:54.097000","628","False","False",""
"1","1","Minion of the Mighty","fdc","Near Mint","English","","","2026-10-06 20:32:58.363000","166","False","False",""
"1","1","Mire Triton","fdc","Near Mint","English","","","2026-10-03 20:44:35.160000","115","False","False",""
"2","2","Mirkwood","hob","Near Mint","English","","","2026-08-09 20:07:25.990000","188","False","False","0.15"
"3","3","Mirkwood Meditator","hob","Near Mint","English","","","2026-08-09 20:07:25.990000","48","False","False","0.12"
"1","1","Mirkwood Nurturer","hob","Near Mint","English","foil","","2026-08-27 18:34:51.423000","160","False","False","0.09"
"1","1","Mirkwood Pathmaker","hob","Near Mint","English","foil","","2026-08-09 20:07:25.990000","129","False","False","0.02"
"2","2","Mirkwood Pathmaker","hob","Near Mint","English","","","2026-08-09 20:07:25.990000","129","False","False","0.08"
"1","1","Mirrorwing Dragon","soc","Near Mint","English","","","2026-05-03 23:10:23.627000","249","False","False",""
"3","3","Mischievous Mystic","fdn","Near Mint","English","","","2026-09-16 21:53:54.097000","47","False","False",""
"1","1","Misleading Signpost","fdc","Near Mint","English","","","2026-09-28 20:19:02.393000","69","False","False",""
"2","2","Misty Mountains Raider","hob","Near Mint","English","","","2026-08-09 20:07:34.537000","105","False","False","0.12"
"1","1","Mm'menon, the Right Hand","eoe","Near Mint","English","","","2026-06-05 12:15:46.160000","290","False","False","1.11"
"1","1","Moan of the Unhallowed","fdc","Near Mint","English","","","2026-10-03 20:44:35.160000","116","False","False",""
"1","1","Mocking Sprite","fdn","Near Mint","English","","","2026-09-16 21:53:54.097000","159","False","False",""
"1","1","Mockingbird","blb","Near Mint","English","","","2026-05-03 23:10:15.600000","61","False","False",""
"1","1","Mold Adder","fdn","Near Mint","English","","","2026-09-16 21:53:54.097000","640","False","False",""
"1","1","Moldervine Reclamation","blc","Near Mint","English","","","2026-05-03 23:10:57.657000","255","False","False",""
"1","1","Molten Note","sos","Near Mint","English","","","2026-07-22 22:57:50.160000","204","False","False","0.12"
"1","1","Molten Tributary","soc","Near Mint","English","","","2026-05-03 23:10:23.627000","387","False","False",""
"2","2","Moment of Craving","fdn","Near Mint","English","","","2026-09-16 21:53:54.097000","524","False","False",""
"3","3","Moment of Glory","hob","Near Mint","English","","","2026-08-09 20:07:25.990000","21","False","False","0.15"
"1","1","Moment of Reckoning","sos","Near Mint","English","","","2026-07-22 22:57:50.160000","205","False","False","0.28"
"1","1","Moment of Triumph","fdn","Near Mint","English","","","2026-05-03 23:09:59.423000","500","False","False",""
"1","1","Moonlight Hunt","soi","Near Mint","English","","","2026-08-02 17:59:49.867000","219","False","False",""
"1","1","Moonlit Meditation","eoe","Near Mint","English","","","2026-06-30 23:34:55.230000","69","False","False","0.39"
"1","1","Moonlit Meditation","eoe","Near Mint","English","","","2026-05-03 23:08:48.333000","69","False","False","0.35"
"1","1","Moonmist","isd","Near Mint","English","","","2026-08-02 17:59:49.867000","195","False","False",""
"1","1","Moonrager's Slash","mid","Near Mint","English","","","2026-08-02 17:45:48.183000","148","False","False","0.09"
"1","1","Moonstone Eulogist","blc","Near Mint","English","","","2026-05-03 23:10:57.657000","19","False","False",""
"1","1","Morbid Opportunist","blc","Near Mint","English","","","2026-05-03 23:10:57.657000","183","False","False",""
"1","1","Mortify","fdn","Near Mint","English","","","2026-09-16 21:53:54.097000","662","False","False",""
"1","1","Mountain","eoe","Near Mint","English","","","2026-05-03 23:09:49.723000","274","False","False",""
"2","2","Mountain","eoe","Near Mint","English","","","2026-05-03 23:09:49.723000","273","False","False",""
"1","1","Mountain","ecl","Near Mint","English","","","2026-05-30 18:24:46.773000","272","False","False","0.10"
"1","1","Mountain","eoe","Near Mint","English","","","2026-07-09 18:29:55.097000","265","False","False","1.52"
"1","1","Mountain","blb","Near Mint","English","","","2026-09-26 20:04:24.937000","277","False","False","0.46"
"1","1","Mountain","blb","Near Mint","English","foil","","2026-07-22 22:57:50.160000","274","False","False","0.46"
"6","6","Mountain","blb","Near Mint","English","","","2026-05-03 23:10:15.600000","376","False","False",""
"6","6","Mountain","blb","Near Mint","English","","","2026-05-03 23:10:15.600000","375","False","False",""
"2","2","Mountain","hob","Near Mint","English","foil","","2026-08-09 20:07:34.537000","197","False","False","0.77"
"2","2","Mountain","ecl","Near Mint","English","","","2026-08-02 17:58:36.490000","272","False","False",""
"2","2","Mountain","mid","Near Mint","English","","","2026-08-02 17:45:48.183000","274","False","False","0.31"
"7","7","Mountain","sos","Near Mint","English","","","2026-05-03 23:10:23.627000","279","False","False",""
"2","2","Mountain","hob","Near Mint","English","","","2026-08-09 20:07:25.990000","197","False","False","0.46"
"2","2","Mountain","hob","Near Mint","English","","","2026-08-09 20:07:25.990000","192","False","False","0.20"
"1","1","Mountain","sos","Near Mint","English","foil","","2026-07-22 22:57:50.160000","270","False","False","0.72"
"3","3","Mountain","hob","Near Mint","English","foil","","2026-08-09 20:07:25.990000","192","False","False","0.23"
"1","1","Mountain","one","Near Mint","English","","","2026-05-27 15:24:38.060000","270","False","False","0.50"
"12","12","Mountain","j25","Near Mint","English","","","2026-08-02 17:59:49.867000","90","False","False",""
"1","1","Mountain","fra","Near Mint","English","","","2026-10-06 01:05:27.830000","391","False","False","0.49"
"24","24","Mountain","fdn","Near Mint","English","","","2026-10-06 20:32:58.363000","279","False","False",""
"1","1","Mountain","fdn","Near Mint","English","","","2026-09-16 21:53:54.097000","289","False","False",""
"2","2","Mountain","fra","Near Mint","English","","","2026-09-28 20:19:34.370000","287","False","False",""
"1","1","Mountain","fra","Near Mint","English","foil","","2026-10-06 01:05:27.830000","288","False","False","0.17"
"1","1","Mountain","fdn","Near Mint","English","","","2026-09-16 21:53:54.097000","288","False","False",""
"39","39","Mountain","fdn","Near Mint","English","","","2026-10-06 20:32:58.363000","278","False","False",""
"1","1","Mourning Patrol // Morning Apparition","mid","Near Mint","English","foil","","2026-08-02 17:45:48.183000","28","False","False","0.06"
"1","1","Mouser Attack!","tmt","Near Mint","English","","","2026-05-14 23:46:10.743000","95","False","False","0.05"
"2","2","Mouser Foundry","tmt","Near Mint","English","","","2026-07-13 23:07:19.073000","96","False","False","0.07"
"2","2","Mouser Mark III","tmt","Near Mint","English","","","2026-07-13 23:07:19.073000","159","False","False","0.02"
"1","1","Mouth of the Storm","eoe","Near Mint","English","","","2026-05-03 23:08:48.333000","70","False","False","0.05"
"1","1","Mowu","tfra","Near Mint","English","","","2026-09-29 13:03:50.663000","10","False","False",""
"1","1","Moxite Refinery","eoc","Near Mint","English","","","2026-05-03 23:09:49.723000","17","False","False",""
"1","1","Muddle, the Ever-Changing","soc","Near Mint","English","","","2026-05-03 23:10:23.627000","5","False","False",""
"1","1","Mudflat Village","blb","Near Mint","English","","","2026-07-22 22:57:50.160000","257","False","False","0.16"
"1","1","Muerra, Trash Tactician","blb","Near Mint","English","","","2026-07-22 22:57:50.160000","227","False","False","0.24"
"1","1","Muldrotha, the Gravetide","ecc","Near Mint","English","","","2026-08-02 17:58:36.490000","128","False","False",""
"1","1","Mulldrifter","ecc","Near Mint","English","","","2026-08-02 17:58:36.490000","67","False","False",""
"1","1","Multiply by Zero","fra","Near Mint","English","","","2026-10-06 01:05:27.830000","58","False","False","0.02"
"1","1","Multiply by Zero","fra","Near Mint","English","foil","","2026-10-04 19:55:44.163000","58","False","False","0.96"
"1","1","Multiply by Zero","fra","Near Mint","English","foil","","2026-09-29 13:03:50.663000","58","False","False","0.95"
"2","2","Murmuring Volume","fra","Near Mint","English","","","2026-10-06 01:05:27.830000","174","False","False","0.02"
"1","1","Mutant Chain Reaction","tmt","Near Mint","English","","","2026-07-13 23:07:19.073000","125","False","False","0.03"
"1","1","Mutant Surveyor","dft","Near Mint","English","","","2026-05-03 23:08:48.333000","98","False","False","0.07"
"1","1","Mutilate","fdc","Near Mint","English","","","2026-10-03 20:44:35.160000","117","False","False",""
"1","1","Mutual Destruction","iko","Near Mint","English","","","2026-05-23 19:17:58.147000","96","False","False","0.02"
"1","1","My Precious // Allure of Power","hob","Near Mint","English","","","2026-10-04 20:00:42.057000","235","False","False","2.28"
"1","1","Myojin of Night's Reach","fdn","Near Mint","English","","","2026-09-16 21:53:54.097000","610","False","False",""
"1","1","Myr","sld","Near Mint","English","","","2026-05-07 23:04:55.173000","2101","False","False",""
"1","1","Myr Battlesphere","fdc","Near Mint","English","","","2026-09-28 20:19:02.393000","273","False","False",""
"1","1","Myr Battlesphere","sld","Near Mint","English","","","2026-05-07 23:04:34.343000","2097","False","False",""
"1","1","Myr Retriever","fdc","Near Mint","English","","","2026-09-28 20:19:02.393000","274","False","False",""
"1","1","Mystic Archaeologist","fdn","Near Mint","English","","","2026-05-03 23:09:59.423000","511","False","False",""
"1","1","Mystic Gate","frc","Near Mint","English","","","2026-09-28 20:19:34.370000","76","False","False",""
"1","1","Mystic Monastery","eoc","Near Mint","English","","","2026-05-03 23:09:49.723000","170","False","False",""
"1","1","Mystic Sanctuary","soc","Near Mint","English","","","2026-05-03 23:10:23.627000","388","False","False",""
"1","1","Mystical Teachings","fdn","Near Mint","English","","","2026-09-16 21:53:54.097000","594","False","False",""
"1","1","Nadier's Nightblade","blc","Near Mint","English","","","2026-05-03 23:10:57.657000","184","False","False",""
"1","1","Nahiri's Resolve","mat","Near Mint","English","","","2026-09-26 20:04:24.937000","37","False","False","0.55"
"1","1","Nasty Little Rabbit","hob","Near Mint","English","","","2026-08-09 20:07:25.990000","130","False","False","0.06"
"1","1","Necroblossom Snarl","blc","Near Mint","English","","","2026-05-03 23:10:57.657000","319","False","False",""
"1","1","Necrotic Hex","fdc","Near Mint","English","","","2026-10-03 20:44:35.160000","118","False","False",""
"1","1","Negate","tmt","Near Mint","English","","","2026-07-13 23:07:19.073000","47","False","False","0.09"
"1","1","Negate","tmt","Near Mint","English","","","2026-05-14 23:46:10.743000","47","False","False","0.07"
"1","1","Negate","fdn","Near Mint","English","foil","","2026-09-16 21:53:54.097000","710","False","False",""
"1","1","Negate","fdc","Near Mint","English","","","2026-09-28 20:19:02.393000","70","False","False",""
"1","1","Nested Shambler","blc","Near Mint","English","","","2026-05-03 23:10:57.657000","185","False","False",""
"1","1","Nettle Guard","blb","Near Mint","English","","","2026-09-26 20:04:24.937000","23","False","False","0.08"
"1","1","Nettle Guard","blb","Near Mint","English","","","2026-08-02 17:45:48.183000","23","False","False","0.07"
"1","1","Nettlecyst","fdc","Near Mint","English","","","2026-09-28 20:19:02.393000","275","False","False",""
"1","1","Nevinyrral's Disk","fdc","Near Mint","English","","","2026-09-28 20:19:02.393000","276","False","False",""
"1","1","New Generation's Technique","tmt","Near Mint","English","","","2026-07-13 23:07:19.073000","126","False","False","0.14"
"1","1","New Horizons","fdn","Near Mint","English","","","2026-05-03 23:09:59.423000","557","False","False",""
"1","1","Nighthowl Pursuer","hob","Near Mint","English","","","2026-08-09 20:07:25.990000","78","False","False","0.11"
"1","1","Nightmare Sower","ecl","Near Mint","English","foil","","2026-05-30 18:24:46.773000","114","False","False","0.16"
"1","1","Nightmare Sower","ecl","Near Mint","English","","","2026-05-30 18:24:46.773000","114","False","False","0.18"
"1","1","Nightmare Sower","ecl","Near Mint","English","","","2026-05-03 23:08:48.333000","114","False","False","0.10"
"1","1","Nightpack Ambusher","m20","Near Mint","English","","","2026-08-02 17:59:49.867000","185","False","False",""
"1","1","Night's Whisper","fdc","Near Mint","English","","","2026-10-03 20:44:35.160000","119","False","False",""
"1","1","Nightwhorl Hermit","blb","Near Mint","English","","","2026-09-26 20:04:24.937000","62","False","False","0.04"
"1","1","Nimraiser Paladin","one","Near Mint","English","","","2026-05-27 15:24:38.060000","101","False","False","0.06"
"1","1","Ninja Teen","tmt","Near Mint","English","","","2026-05-14 23:46:10.743000","67","False","False","1.45"
"1","1","Nissa, Leyline Tamer","frc","Near Mint","English","","","2026-09-28 20:19:34.370000","2","False","False",""
"1","1","Niv-Mizzet, Ghost Counsel","frc","Near Mint","English","","","2026-09-28 20:19:34.370000","10","False","False",""
"3","3","No Admittance","fra","Near Mint","English","","","2026-10-06 01:05:27.830000","89","False","False","0.09"
"2","2","Nobody","tmt","Near Mint","English","","","2026-07-13 23:07:19.073000","161","False","False","0.03"
"1","1","Nocturnal Hunger","blb","Near Mint","English","","","2026-08-02 17:45:48.183000","102","False","False","0.07"
"1","1","Nogi, Draco-Zealot","fdc","Near Mint","English","","","2026-10-06 20:32:58.363000","167","False","False",""
"1","1","Nori, Teller of Tales","hob","Near Mint","English","","","2026-09-13 18:27:39.270000","161","False","False","0.04"
"3","3","Nori, Teller of Tales","hob","Near Mint","English","","","2026-08-09 20:07:25.990000","161","False","False","0.14"
"1","1","Nori, Teller of Tales","hob","Near Mint","English","","","2026-10-04 20:00:42.057000","161","False","False","0.05"
"1","1","Noxious Assault","one","Near Mint","English","","","2026-05-27 15:24:38.060000","176","False","False","0.14"
"1","1","Noxious Ghoul","fdc","Near Mint","English","","","2026-10-03 20:44:35.160000","120","False","False",""
"1","1","Noxious Newt","sos","Near Mint","English","foil","","2026-07-22 22:57:50.160000","155","False","False","0.20"
"1","1","Null Group Biological Assets","tmt","Near Mint","English","","","2026-07-13 23:07:19.073000","98","False","False","0.05"
"1","1","Null Summoner","fra","Near Mint","English","","","2026-10-06 01:05:27.830000","142","False","False","0.02"
"1","1","Nullpriest of Oblivion","fdn","Near Mint","English","","","2026-09-16 21:53:54.097000","611","False","False",""
"1","1","Nut Collector","ody","Near Mint","English","","","2026-08-27 18:34:51.423000","259","False","False","2.41"
"1","1","Oakhollow Village","blb","Near Mint","English","","","2026-07-22 22:57:50.160000","258","False","False","0.44"
"1","1","Ob Nixilis, the Ascended","frc","Near Mint","English","","","2026-09-28 20:19:34.370000","5","False","False",""
"1","1","Obliterating Bolt","fdn","Near Mint","English","","","2026-09-16 21:53:54.097000","629","False","False",""
"1","1","Occult Epiphany","frc","Near Mint","English","","","2026-09-28 20:19:34.370000","43","False","False",""
"1","1","Odric's Outrider","mid","Near Mint","English","","","2026-09-25 12:22:21.450000","29","False","False","0.08"
"1","1","Offer Immortality","fdn","Near Mint","English","","","2026-05-03 23:09:59.423000","525","False","False",""
"1","1","Ogre Sentry","cn2","Near Mint","English","","","2026-09-13 18:27:39.270000","168","False","False","0.02"
"1","1","Ogre Slumlord","blc","Near Mint","English","","","2026-05-03 23:10:57.657000","186","False","False",""
"1","1","Óin the Brave","hob","Near Mint","English","foil","","2026-08-09 20:07:25.990000","106","False","False","0.26"
"2","2","Óin the Brave","hob","Near Mint","English","","","2026-10-04 20:00:42.057000","106","False","False","0.05"
"2","2","Óin the Brave","hob","Near Mint","English","","","2026-08-09 20:07:25.990000","106","False","False","0.17"
"1","1","Old Fat Spider","hob","Near Mint","English","","","2026-10-04 20:00:42.057000","132","False","False","0.08"
"1","1","Old Fat Spider Can't See Me","hob","Near Mint","English","","","2026-09-13 18:27:39.270000","50","False","False","0.07"
"1","1","Old Stickfingers","mid","Near Mint","English","","","2026-09-04 12:19:14.813000","321","False","False","0.35"
"1","1","Old Thrush","hob","Near Mint","English","foil","","2026-10-04 20:00:42.057000","2","False","False","0.08"
"2","2","Old Thrush","hob","Near Mint","English","","","2026-10-04 20:00:42.057000","2","False","False","0.04"
"3","3","Old Thrush","hob","Near Mint","English","","","2026-08-09 20:07:34.537000","2","False","False","0.16"
"1","1","Ominous Cemetery","who","Near Mint","English","","","2026-08-02 17:59:49.867000","189","False","False",""
"1","1","Omnath, Locus of Rage","ecc","Near Mint","English","","","2026-08-02 17:58:36.490000","129","False","False",""
"1","1","Omnath, Locus of the Roil","ecc","Near Mint","English","","","2026-08-02 17:58:36.490000","130","False","False",""
"1","1","Omnath, Locus of the Void","frc","Near Mint","English","","","2026-09-28 20:19:34.370000","3","False","False",""
"2","2","Omni-Cheese Pizza","tmt","Near Mint","English","","","2026-07-13 23:12:52.803000","176","False","False","0.07"
"1","1","Omnipresence","fra","Near Mint","English","","","2026-10-06 01:05:27.830000","110","False","False","1.66"
"3","3","On an Adventure","thob","Near Mint","English","","","2026-08-09 20:07:34.537000","15","False","False",""
"1","1","Ooze","tmid","Near Mint","English","","","2026-08-27 18:34:51.423000","10","False","False","0.13"
"1","1","Ooze Patrol","dft","Near Mint","English","","","2026-05-03 23:08:48.333000","172","False","False","0.14"
"1","1","Ooze Spill","tmt","Near Mint","English","","","2026-07-13 23:07:19.073000","48","False","False","0.07"
"1","1","Opal Palace","ecc","Near Mint","English","","","2026-08-02 17:58:36.490000","156","False","False",""
"1","1","Open the Armory","sld","Near Mint","English","","","2026-05-03 23:10:32.010000","2089","False","False",""
"1","1","Open the Graves","fdc","Near Mint","English","","","2026-10-03 20:44:35.160000","121","False","False",""
"5","5","Opt","fdn","Near Mint","English","","","2026-09-16 21:53:54.097000","512","False","False",""
"1","1","Opulent Palace","ecc","Near Mint","English","","","2026-08-02 17:58:36.490000","157","False","False",""
"1","1","Oracle's Restoration","sos","Near Mint","English","","","2026-07-22 22:57:50.160000","156","False","False","0.06"
"1","1","Oran-Rief, the Vastwood","blc","Near Mint","English","","","2026-05-03 23:10:57.657000","320","False","False",""
"1","1","Orb of Dragonkind","fdc","Near Mint","English","","","2026-10-06 20:32:58.363000","168","False","False",""
"1","1","Ordeal of Nylea","fdn","Near Mint","English","","","2026-09-16 21:53:54.097000","641","False","False",""
"3","3","Ordinary Bear","hob","Near Mint","English","","","2026-08-09 20:07:25.990000","133","False","False","0.17"
"1","1","Ordinary Bear","hob","Near Mint","English","","","2026-10-04 20:00:42.057000","133","False","False","0.04"
"1","1","Ordinary Bear","hob","Near Mint","English","foil","","2026-08-19 19:38:32.203000","133","False","False",""
"1","1","Oreplate Pangolin","eoe","Near Mint","English","","","2026-06-05 12:15:46.160000","150","False","False","0.06"
"1","1","Oreplate Pangolin","eoe","Near Mint","English","","","2026-06-30 23:34:55.230000","150","False","False","0.02"
"1","1","Organic Extinction","eoc","Near Mint","English","","","2026-05-03 23:09:49.723000","66","False","False",""
"2","2","Ori, Keeper of Songs","hob","Near Mint","English","","","2026-08-09 20:07:25.990000","23","False","False","0.14"
"1","1","Ornithopter of Paradise","fdc","Near Mint","English","","","2026-09-28 20:19:02.393000","277","False","False",""
"3","3","Oroku Saki, Shredder Rising","tmt","Near Mint","English","","","2026-07-13 23:12:52.803000","68","False","False","0.07"
"1","1","Orzhov Guildgate","fdn","Near Mint","English","","","2026-09-16 21:53:54.097000","692","False","False",""
"1","1","Otherworldly Gaze","dsc","Near Mint","English","","","2026-08-27 18:34:51.423000","122","False","False","0.38"
"1","1","Otterball Antics","blb","Near Mint","English","","","2026-07-22 22:57:50.160000","63","False","False","0.16"
"1","1","Outland Liberator // Frenzied Trapbreaker","mid","Near Mint","English","","","2026-08-02 17:59:49.867000","303","False","False",""
"1","1","Outland Liberator // Frenzied Trapbreaker","mid","Near Mint","English","foil","","2026-09-04 12:19:14.813000","303","False","False","0.76"
"1","1","Outpost Siege","fdc","Near Mint","English","","","2026-10-06 20:32:58.363000","169","False","False",""
"1","1","Overgrown Farmland","fra","Near Mint","English","","","2026-09-26 20:04:24.937000","185","False","False","1.58"
"1","1","Overlord of the Mistmoors","frc","Near Mint","English","","","2026-09-28 20:19:34.370000","29","False","False",""
"1","1","Overprotect","blb","Near Mint","English","","","2026-07-22 22:57:50.160000","185","False","False","1.36"
"1","1","Overrun","fdn","Near Mint","English","","","2026-09-16 21:53:54.097000","230","False","False",""
"1","1","Oversold Cemetery","fdc","Near Mint","English","","","2026-10-03 20:44:35.160000","122","False","False",""
"1","1","Ovika, Enigma Goliath","fdn","Near Mint","English","","","2026-09-16 21:53:54.097000","663","False","False",""
"1","1","Owlin Historian","sos","Near Mint","English","","","2026-07-22 22:57:50.160000","24","False","False","0.06"
"1","1","Pacifism","fdn","Near Mint","English","","","2026-05-03 23:09:59.423000","501","False","False",""
"1","1","Packsong Pup","vow","Near Mint","English","","","2026-08-02 17:59:49.867000","213","False","False",""
"1","1","Padeem, Consul of Innovation","fdc","Near Mint","English","","","2026-09-28 20:19:02.393000","71","False","False",""
"1","1","Pain 101","tmt","Near Mint","English","","","2026-07-13 23:12:52.803000","69","False","False","0.03"
"1","1","Pain 101","tmt","Near Mint","English","","","2026-05-14 23:46:10.743000","69","False","False","0.11"
"1","1","Paladin of Predation","one","Near Mint","English","","","2026-05-27 15:24:38.060000","178","False","False","0.09"
"1","1","Palladium Myr","cmm","Near Mint","English","","","2026-05-14 23:46:10.743000","967","False","False","0.65"
"1","1","Palladium Myr","fdc","Near Mint","English","","","2026-09-28 20:19:02.393000","278","False","False",""
"1","1","Paradox Gardens","sos","Near Mint","English","foil","","2026-07-22 22:57:50.160000","258","False","False","0.11"
"1","1","Paradox Surveyor","sos","Near Mint","English","","","2026-07-22 22:57:50.160000","208","False","False","0.10"
"1","1","Parapet Thrasher","fdc","Near Mint","English","","","2026-10-06 20:32:58.363000","170","False","False",""
"1","1","Parting Gust","blb","Near Mint","English","","","2026-07-22 22:57:50.160000","24","False","False","1.36"
"1","1","Parting Gust","blb","Near Mint","English","","","2026-09-26 20:04:24.937000","24","False","False","1.26"
"1","1","Patch Up","snc","Near Mint","English","","","2026-05-23 19:17:58.147000","23","False","False","0.11"
"1","1","Patchwork Banner","fdc","Near Mint","English","","","2026-10-03 20:44:35.160000","279","False","False",""
"1","1","Path of Ancestry","blc","Near Mint","English","","","2026-05-03 23:10:57.657000","322","False","False",""
"1","1","Path of Ancestry","soc","Near Mint","English","","","2026-05-03 23:10:23.627000","393","False","False",""
"1","1","Path of Ancestry","ecc","Near Mint","English","","","2026-08-02 17:58:36.490000","158","False","False",""
"1","1","Path of Ancestry","cmr","Near Mint","English","","","2026-08-02 17:59:49.867000","353","False","False",""
"1","1","Path of Ancestry","frc","Near Mint","English","","","2026-09-28 20:19:34.370000","77","False","False",""
"1","1","Path to Exile","frc","Near Mint","English","","","2026-09-28 20:19:34.370000","30","False","False",""
"1","1","Path to Exile","ecc","Near Mint","English","","","2026-08-02 17:58:36.490000","65","False","False",""
"3","3","Patient Instructor","hob","Near Mint","English","","","2026-08-09 20:07:25.990000","162","False","False","0.13"
"1","1","Patient Instructor","hob","Near Mint","English","","","2026-10-04 20:00:42.057000","162","False","False","0.10"
"1","1","Patrolling Peacemaker","eoc","Near Mint","English","","","2026-05-03 23:09:49.723000","5","False","False",""
"3","3","Pearl of Wisdom","blb","Near Mint","English","","","2026-05-03 23:10:15.600000","64","False","False",""
"1","1","Pearl of Wisdom","blb","Near Mint","English","","","2026-07-22 22:57:50.160000","64","False","False","0.23"
"1","1","Pelakka Wurm","fdn","Near Mint","English","foil","","2026-09-16 21:53:54.097000","720","False","False",""
"1","1","Pentad Prism","eoc","Near Mint","English","","","2026-05-03 23:09:49.723000","56","False","False",""
"1","1","Perfected Theory","fra","Near Mint","English","","","2026-09-26 20:04:24.937000","34","False","False","0.16"
"1","1","Perfected Theory","fra","Near Mint","English","","","2026-09-29 13:03:50.663000","34","False","False","0.07"
"1","1","Perforating Artist","fdn","Near Mint","English","","","2026-09-16 21:53:54.097000","124","False","False",""
"1","1","Perilous Landscape","frc","Near Mint","English","","","2026-09-28 20:19:34.370000","78","False","False",""
"1","1","Perimeter Sergeant","iko","Near Mint","English","foil","","2026-05-30 18:24:46.773000","27","False","False","0.09"
"2","2","Pest","tsos","Near Mint","English","","","2026-07-22 22:57:50.160000","8","False","False",""
"1","1","Phyrexian Arena","fdc","Near Mint","English","","","2026-10-03 20:44:35.160000","123","False","False",""
"1","1","Phyrexian Goblin","tone","Near Mint","English","","","2026-05-27 15:24:38.060000","3","False","False","0.16"
"1","1","Phyrexian Metamorph","eoc","Near Mint","English","","","2026-05-03 23:09:49.723000","75","False","False",""
"1","1","Pia, Aether Ascetic","fra","Near Mint","English","","","2026-09-26 20:04:24.937000","264","False","False","0.13"
"1","1","Pia, Aether Ascetic","fra","Near Mint","English","","","2026-10-06 01:05:27.830000","264","False","False","0.20"
"1","1","Pia, Determined Rebuilder","fra","Near Mint","English","","","2026-10-06 01:05:27.830000","250","False","False","0.05"
"1","1","Pigment Wrangler // Striking Palette","sos","Near Mint","English","foil","","2026-07-22 22:57:50.160000","126","False","False","0.07"
"3","3","Pileated Provisioner","blb","Near Mint","English","","","2026-05-03 23:10:07.997000","25","False","False",""
"3","3","Pileated Provisioner","blb","Near Mint","English","","","2026-07-22 22:57:50.160000","25","False","False","0.05"
"1","1","Pinecone Strike","hob","Near Mint","English","","","2026-10-04 20:00:42.057000","107","False","False","0.06"
"3","3","Pinecone Strike","hob","Near Mint","English","","","2026-08-09 20:07:34.537000","107","False","False","0.14"
"1","1","Pinnacle Kill-Ship","eoe","Near Mint","English","","","2026-06-05 12:15:46.160000","244","False","False","0.15"
"1","1","Pirate's Cutlass","fdn","Near Mint","English","","","2026-05-03 23:09:59.423000","563","False","False",""
"1","1","Plaguecrafter","blc","Near Mint","English","","","2026-05-03 23:10:57.657000","187","False","False",""
"1","1","Plains","eoe","Near Mint","English","","","2026-05-03 23:09:49.723000","268","False","False",""
"1","1","Plains","iko","Near Mint","English","","","2026-05-23 19:17:58.147000","261","False","False","0.06"
"2","2","Plains","eoe","Near Mint","English","","","2026-05-03 23:09:49.723000","267","False","False",""
"1","1","Plains","fdn","Near Mint","English","","","2026-09-16 22:48:19.077000","273","False","False","0.08"
"2","2","Plains","ecl","Near Mint","English","","","2026-08-02 17:58:36.490000","269","False","False",""
"6","6","Plains","blb","Near Mint","English","","","2026-05-03 23:10:07.997000","369","False","False",""
"6","6","Plains","blb","Near Mint","English","","","2026-05-03 23:10:07.997000","370","False","False",""
"14","14","Plains","fdn","Near Mint","English","","","2026-09-16 21:53:54.097000","273","False","False",""
"1","1","Plains","hob","Near Mint","English","foil","","2026-08-09 20:07:25.990000","316","False","False","1.28"
"1","1","Plains","mid","Near Mint","English","foil","","2026-08-27 18:34:51.423000","269","False","False","0.53"
"1","1","Plains","hob","Near Mint","English","foil","","2026-08-09 20:07:25.990000","194","False","False","1.22"
"1","1","Plains","hob","Near Mint","English","","","2026-08-09 20:07:25.990000","194","False","False","0.53"
"3","3","Plains","hob","Near Mint","English","","","2026-08-09 20:07:25.990000","313","False","False","1.13"
"1","1","Plains","hob","Near Mint","English","","","2026-08-09 20:07:25.990000","316","False","False","1.10"
"1","1","Plains","blb","Near Mint","English","","","2026-05-14 23:46:10.743000","262","False","False","0.16"
"1","1","Plains","sos","Near Mint","English","foil","","2026-09-09 22:34:36.807000","267","False","False","0.92"
"1","1","Plains","mh3","Near Mint","English","","","2026-07-13 23:12:52.803000","311","False","False","0.10"
"10","10","Plains","mh3","Near Mint","English","","","2026-07-13 23:12:52.803000","310","False","False","0.07"
"1","1","Plains","hob","Near Mint","English","","","2026-10-04 20:00:42.057000","194","False","False","0.31"
"3","3","Plains","hob","Near Mint","English","foil","","2026-08-09 20:07:25.990000","313","False","False","1.55"
"3","3","Plains","hob","Near Mint","English","","","2026-08-09 20:07:25.990000","189","False","False","0.22"
"2","2","Plains","hob","Near Mint","English","foil","","2026-08-09 20:07:25.990000","189","False","False","0.24"
"1","1","Plains","fra","Near Mint","English","","","2026-10-06 01:05:27.830000","384","False","False","0.45"
"1","1","Plains","fra","Near Mint","English","","","2026-09-26 20:04:24.937000","382","False","False","0.80"
"1","1","Plains","fdn","Near Mint","English","","","2026-09-16 21:53:54.097000","282","False","False",""
"1","1","Plains","fdn","Near Mint","English","","","2026-09-16 21:53:54.097000","283","False","False",""
"1","1","Plains","fra","Near Mint","English","","","2026-10-06 01:05:27.830000","383","False","False","0.47"
"4","4","Plains","fra","Near Mint","English","","","2026-09-28 20:19:34.370000","281","False","False",""
"1","1","Plains","fra","Near Mint","English","","","2026-09-26 20:04:24.937000","282","False","False","0.06"
"16","16","Plains","fdn","Near Mint","English","","","2026-09-16 21:53:54.097000","272","False","False",""
"1","1","Plains","fra","Near Mint","English","","","2026-10-06 01:05:27.830000","282","False","False","0.15"
"2","2","Plan for All Outcomes","fra","Near Mint","English","","","2026-10-06 01:05:27.830000","35","False","False","0.06"
"1","1","Plan for All Outcomes","fra","Near Mint","English","","","2026-09-28 20:19:34.370000","35","False","False",""
"1","1","Plargg and Nassari","soc","Near Mint","English","","","2026-05-03 23:10:23.627000","250","False","False",""
"1","1","Playful Shove","blb","Near Mint","English","","","2026-07-22 22:57:50.160000","145","False","False","0.15"
"1","1","Plumb the Forbidden","blc","Near Mint","English","","","2026-05-03 23:10:57.657000","188","False","False",""
"1","1","Plumecreed Mentor","blb","Near Mint","English","","","2026-09-26 20:04:24.937000","228","False","False","0.11"
"3","3","Plunder the Trollshaws","hob","Near Mint","English","","","2026-08-09 20:07:25.990000","51","False","False","0.15"
"1","1","Poison-Tip Archer","blc","Near Mint","English","","","2026-05-03 23:10:57.657000","256","False","False",""
"1","1","Pompous Battlemage // Improvised Act","fra","Near Mint","English","","","2026-10-06 01:05:27.830000","90","False","False","1.43"
"2","2","Pond Prophet","blb","Near Mint","English","","","2026-07-22 22:57:50.160000","229","False","False","0.08"
"1","1","Pond Prophet","blb","Near Mint","English","","","2026-09-26 20:04:24.937000","229","False","False","0.07"
"1","1","Potioner's Trove","sos","Near Mint","English","","","2026-07-22 22:57:50.160000","251","False","False","0.06"
"1","1","Practiced Offense","sos","Near Mint","English","","","2026-07-22 22:57:50.160000","25","False","False","0.54"
"1","1","Prairie Stream","frc","Near Mint","English","","","2026-09-28 20:19:34.370000","79","False","False",""
"1","1","Prayer of Binding","fdn","Near Mint","English","","","2026-05-03 23:09:59.423000","502","False","False",""
"1","1","Precise Redaction","fra","Near Mint","English","","","2026-10-06 01:05:27.830000","36","False","False","0.02"
"1","1","Predator Ooze","fdn","Near Mint","English","","","2026-09-16 21:53:54.097000","642","False","False",""
"3","3","Predictive Preparations","fra","Near Mint","English","","","2026-10-06 01:05:27.830000","16","False","False","0.11"
"1","1","Prideful Parent","fdn","Near Mint","English","","","2026-05-03 23:09:59.423000","21","False","False",""
"1","1","Primal Beyond","ecc","Near Mint","English","","","2026-08-02 17:58:36.490000","159","False","False",""
"1","1","Primal Might","fdn","Near Mint","English","","","2026-09-16 21:53:54.097000","643","False","False",""
"1","1","Prime Speaker Zegana","fdn","Near Mint","English","","","2026-09-16 21:53:54.097000","664","False","False",""
"1","1","Primeval Bounty","fdn","Near Mint","English","","","2026-09-16 21:53:54.097000","644","False","False",""
"2","2","Primordial Pachyderm","tmt","Near Mint","English","","","2026-07-13 23:07:19.073000","129","False","False","0.08"
"1","1","Prismari Campus","soc","Near Mint","English","","","2026-05-03 23:10:23.627000","394","False","False",""
"1","1","Prismari Charm","sos","Near Mint","English","","","2026-05-03 23:10:23.627000","211","False","False",""
"1","1","Prismari Command","soc","Near Mint","English","","","2026-05-03 23:10:23.627000","323","False","False",""
"1","1","Prismari Pianist","soc","Near Mint","English","","","2026-05-03 23:10:23.627000","34","False","False",""
"1","1","Prizefight","snc","Near Mint","English","","","2026-05-23 19:17:58.147000","154","False","False","0.17"
"1","1","Procrastinate","sos","Near Mint","English","","","2026-07-22 22:57:50.160000","64","False","False","0.08"
"1","1","Proctor's Gaze","sos","Near Mint","English","","","2026-07-22 22:57:50.160000","213","False","False","0.16"
"2","2","Proft, Consulting Detective","fra","Near Mint","English","","","2026-10-06 01:05:27.830000","218","False","False","0.03"
"1","1","Proft, Sinister Mastermind","fra","Near Mint","English","","","2026-10-06 01:05:27.830000","235","False","False","0.04"
"1","1","Propaganda","fdc","Near Mint","English","","","2026-09-28 20:19:02.393000","72","False","False",""
"2","2","Prophesied End","fra","Near Mint","English","","","2026-10-06 01:05:27.830000","17","False","False","0.02"
"1","1","Prophetic Prism","one","Near Mint","English","","","2026-05-27 15:24:38.060000","238","False","False","0.07"
"1","1","Prosperous Innkeeper","blc","Near Mint","English","","","2026-05-03 23:10:57.657000","121","False","False",""
"1","1","Protege's Awakening","fra","Near Mint","English","foil","","2026-10-06 01:05:27.830000","37","False","False","0.07"
"2","2","Protege's Awakening","fra","Near Mint","English","","","2026-10-06 01:05:27.830000","37","False","False","0.02"
"1","1","Protege's Awakening","fra","Near Mint","English","","","2026-09-26 20:04:24.937000","37","False","False","0.05"
"1","1","Protege's Awakening","fra","Near Mint","English","","","2026-09-29 13:03:50.663000","37","False","False","0.03"
"1","1","Proteus Staff","frc","Near Mint","English","","","2026-09-28 20:19:34.370000","59","False","False",""
"2","2","Prudent Fateseer // Peer Review","fra","Near Mint","English","","","2026-10-06 01:05:27.830000","146","False","False","0.17"
"1","1","Psychic Whorl","blb","Near Mint","English","","","2026-07-22 22:57:50.160000","105","False","False","0.05"
"1","1","Psychosis Crawler","fdc","Near Mint","English","","","2026-09-28 20:19:02.393000","280","False","False",""
"2","2","Pterafractyl","sos","Near Mint","English","","","2026-07-22 22:57:50.160000","215","False","False","0.10"
"3","3","Pull from the Grave","sos","Near Mint","English","","","2026-07-22 22:57:50.160000","95","False","False","0.05"
"1","1","Pull from the Grave","sos","Near Mint","English","foil","","2026-09-09 22:34:36.807000","95","False","False","0.07"
"1","1","Pull from Tomorrow","fdc","Near Mint","English","","","2026-09-28 20:19:02.393000","73","False","False",""
"1","1","Pull from Tomorrow","eoc","Near Mint","English","","","2026-05-03 23:09:49.723000","76","False","False",""
"1","1","Pulsar Squadron Ace","eoe","Near Mint","English","","","2026-06-30 23:34:55.230000","28","False","False","0.05"
"1","1","Pulse Tracker","fdn","Near Mint","English","","","2026-09-16 21:53:54.097000","612","False","False",""
"1","1","Pummeler for Hire","ecl","Near Mint","English","","","2026-05-23 19:17:58.147000","190","False","False","0.03"
"1","1","Punk Frogs","tmt","Near Mint","English","","","2026-07-13 23:07:19.073000","164","False","False","0.04"
"1","1","Puppet Crafting","fra","Near Mint","English","","","2026-10-06 01:05:27.830000","111","False","False","0.02"
"1","1","Purifying Dragon","mid","Near Mint","English","foil","","2026-08-27 18:34:51.423000","155","False","False","0.15"
"1","1","Putrefy","blc","Near Mint","English","","","2026-05-03 23:10:57.657000","257","False","False",""
"1","1","Pyreheart Wolf","dka","Near Mint","English","","","2026-09-25 12:22:21.450000","101","False","False","0.35"
"1","1","Pyromancer's Goggles","fdn","Near Mint","English","","","2026-09-16 21:53:54.097000","677","False","False",""
"1","1","Quakestrider Ceratops","fdn","Near Mint","English","","","2026-09-16 21:53:54.097000","110","False","False",""
"2","2","Quaketusk Boar","blb","Near Mint","English","","","2026-05-03 23:10:15.600000","146","False","False",""
"3","3","Quarrel","hob","Near Mint","English","","","2026-08-09 20:07:25.990000","135","False","False","0.10"
"1","1","Quarrel","hob","Near Mint","English","","","2026-08-27 18:34:51.423000","135","False","False","0.04"
"1","1","Queza, Augur of Agonies","snc","Near Mint","English","","","2026-05-23 19:17:58.147000","326","False","False","0.20"
"1","1","Quick Study","sos","Near Mint","English","","","2026-07-22 22:57:50.160000","65","False","False","0.09"
"1","1","Quick Study","fdn","Near Mint","English","","","2026-05-03 23:09:59.423000","513","False","False",""
"1","1","Quick-Draw Katana","fdn","Near Mint","English","","","2026-05-03 23:09:59.423000","130","False","False",""
"1","1","Quick-Draw Katana","fdn","Near Mint","English","","","2026-09-16 22:48:19.077000","130","False","False","0.03"
"1","1","Quicksilver Fisher","one","Near Mint","English","","","2026-05-27 15:24:38.060000","66","False","False","0.03"
"1","1","Quilled Greatwurm","fdn","Near Mint","English","","","2026-09-16 22:48:19.077000","111","False","False","3.45"
"1","1","Quintessential Katana","tmt","Near Mint","English","","","2026-07-13 23:07:19.073000","23","False","False","0.16"
"1","1","Rabbit Response","blb","Near Mint","English","","","2026-09-26 20:04:24.937000","26","False","False","0.06"
"2","2","Rabbit Response","blb","Near Mint","English","","","2026-05-03 23:10:07.997000","26","False","False",""
"2","2","Rabid Bite","blb","Near Mint","English","","","2026-05-03 23:10:07.997000","394","False","False",""
"2","2","Rabid Gnaw","blb","Near Mint","English","","","2026-05-03 23:10:15.600000","147","False","False",""
"1","1","Raccoon Rallier","blb","Near Mint","English","","","2026-05-23 19:17:58.147000","148","False","False","0.09"
"1","1","Raccoon Rallier","blb","Near Mint","English","foil","","2026-07-22 22:57:50.160000","148","False","False","0.15"
"1","1","Radiant Summit","frc","Near Mint","English","","","2026-09-28 20:19:34.370000","80","False","False",""
"1","1","Radiant Summit","eoc","Near Mint","English","","","2026-05-03 23:09:49.723000","23","False","False",""
"1","1","Ragamuffin Raptor","tmt","Near Mint","English","","","2026-07-13 23:07:19.073000","130","False","False","0.07"
"2","2","Rage into the Valley","hob","Near Mint","English","","","2026-08-09 20:07:34.537000","79","False","False","0.18"
"1","1","Ragged Short Spear","hob","Near Mint","English","","","2026-08-09 20:07:25.990000","108","False","False","0.19"
"1","1","Ragged Short Spear","hob","Near Mint","English","","","2026-08-27 18:34:51.423000","108","False","False","0.05"
"2","2","Raging Ravine","ecc","Near Mint","English","","","2026-08-03 09:38:20.503000","160","False","False",""
"1","1","Raging Redcap","fdn","Near Mint","English","","","2026-05-03 23:09:59.423000","543","False","False",""
"1","1","Rain-Slicked Copse","ecc","Near Mint","English","","","2026-08-02 17:58:36.490000","23","False","False",""
"1","1","Rakdos Guildgate","fdn","Near Mint","English","","","2026-09-16 21:53:54.097000","693","False","False",""
"1","1","Rakdos Signet","frc","Near Mint","English","","","2026-09-28 20:19:34.370000","60","False","False",""
"1","1","Rally at the Hornburg","ltr","Near Mint","English","","","2026-05-14 23:46:10.743000","142","False","False","0.22"
"1","1","Ramos, Dragon Engine","fdn","Near Mint","English","","","2026-09-16 21:53:54.097000","678","False","False",""
"1","1","Rampaging Baloths","fdn","Near Mint","English","","","2026-09-16 21:53:54.097000","645","False","False",""
"1","1","Rampant Growth","otc","Near Mint","English","","","2026-08-02 17:59:49.867000","201","False","False",""
"1","1","Rampart Hunter","fra","Near Mint","English","","","2026-10-06 01:05:27.830000","60","False","False","0.02"
"1","1","Rampart Hunter","fra","Near Mint","English","","","2026-09-29 13:03:50.663000","60","False","False","0.04"
"1","1","Ranger Class","afr","Near Mint","English","","","2026-08-02 17:59:49.867000","202","False","False",""
"4","4","Rank Rat","fra","Near Mint","English","","","2026-10-06 01:05:27.830000","61","False","False","0.02"
"1","1","Rapacious Dragon","fdn","Near Mint","English","","","2026-05-03 23:09:59.423000","544","False","False",""
"1","1","Rapacious Dragon","fdc","Near Mint","English","","","2026-10-06 20:32:58.363000","171","False","False",""
"1","1","Raphael, Tough Turtle","tmt","Near Mint","English","","","2026-07-13 23:07:19.073000","104","False","False","0.14"
"1","1","Rapier Wit","sos","Near Mint","English","","","2026-07-22 22:57:50.160000","28","False","False","0.06"
"1","1","Rat King, Verminister","tmt","Near Mint","English","","","2026-07-13 23:07:19.073000","71","False","False","0.75"
"1","1","Raugrin Triome","iko","Near Mint","English","","","2026-05-30 18:24:46.773000","311","False","False","12.44"
"3","3","Ravening Warg","hob","Near Mint","English","","","2026-08-09 20:07:34.537000","80","False","False","0.12"
"1","1","Ravening Warg","hob","Near Mint","English","","","2026-09-13 18:27:39.270000","80","False","False","0.06"
"1","1","Ravenous Amulet","fdn","Near Mint","English","","","2026-09-16 21:53:54.097000","131","False","False",""
"1","1","Ravenous Giant","fdn","Near Mint","English","","","2026-09-16 21:53:54.097000","630","False","False",""
"1","1","Ravenous Rotbelly","mic","Near Mint","English","","","2026-09-04 12:19:14.813000","22","False","False","0.59"
"1","1","Ravenous Squirrel","blc","Near Mint","English","","","2026-05-03 23:10:57.657000","258","False","False",""
"1","1","Ravine Raider","blb","Near Mint","English","","","2026-05-14 23:46:10.743000","106","False","False","0.08"
"1","1","Razorlash Transmogrant","fdc","Near Mint","English","","","2026-10-03 20:44:35.160000","124","False","False",""
"1","1","Razortide Bridge","eoc","Near Mint","English","","","2026-05-03 23:09:49.723000","171","False","False",""
"1","1","Reality Shift","ecc","Near Mint","English","","","2026-08-02 17:58:36.490000","68","False","False",""
"1","1","Reality Shift","soc","Near Mint","English","","","2026-05-03 23:10:23.627000","199","False","False",""
"1","1","Realmwalker","ecc","Near Mint","English","","","2026-09-25 12:22:21.450000","114","False","False","1.79"
"1","1","Realmwalker","ecc","Near Mint","English","","","2026-08-02 17:58:36.490000","114","False","False",""
"1","1","Reassembling Skeleton","fdn","Near Mint","English","","","2026-05-03 23:09:59.423000","182","False","False",""
"1","1","Reckless Handling","mat","Near Mint","English","","","2026-09-26 20:04:24.937000","19","False","False","0.21"
"1","1","Reckless Stormseeker // Storm-Charged Slasher","mid","Near Mint","English","","","2026-08-02 17:59:49.867000","157","False","False",""
"1","1","Reckless Stormseeker // Storm-Charged Slasher","mid","Near Mint","English","foil","","2026-09-04 12:19:14.813000","157","False","False","1.34"
"1","1","Reclamation Sage","fdn","Near Mint","English","","","2026-09-16 21:53:54.097000","340","False","False",""
"2","2","Recursive Recruitment","fra","Near Mint","English","","","2026-10-06 01:05:27.830000","147","False","False","0.13"
"1","1","Red Tiger Mechan","eoe","Near Mint","English","","","2026-06-30 23:34:55.230000","154","False","False","0.07"
"1","1","Redcap Gutter-Dweller","fdn","Near Mint","English","","","2026-09-16 21:53:54.097000","631","False","False",""
"1","1","Redoubled Stormsinger","soc","Near Mint","English","","","2026-05-03 23:10:23.627000","251","False","False",""
"1","1","Reflecting Pool","frc","Near Mint","English","","","2026-09-28 20:19:34.370000","23","False","False",""
"1","1","Refute","fdn","Near Mint","English","","","2026-09-16 21:53:54.097000","313","False","False",""
"1","1","Refute Destiny","fra","Near Mint","English","","","2026-10-06 01:05:27.830000","18","False","False","0.02"
"1","1","Refute Destiny","fra","Near Mint","English","","","2026-10-06 01:05:27.830000","361","False","False","0.34"
"1","1","Regal Caracal","fdn","Near Mint","English","","","2026-09-16 21:53:54.097000","579","False","False",""
"1","1","Rehearsed Debater","sos","Near Mint","English","","","2026-07-22 22:57:50.160000","29","False","False","0.04"
"1","1","Release the Dogs","fdn","Near Mint","English","","","2026-09-16 21:53:54.097000","580","False","False",""
"1","1","Relentless Rohirrim","ltr","Near Mint","English","","","2026-05-14 23:46:10.743000","144","False","False","0.05"
"1","1","Reliquary Tower","soc","Near Mint","English","","","2026-05-03 23:10:23.627000","398","False","False",""
"1","1","Remnant Elemental","eoe","Near Mint","English","","","2026-06-30 23:34:55.230000","155","False","False","0.05"
"1","1","Remote Isle","fdc","Near Mint","English","","","2026-09-28 20:19:02.393000","309","False","False",""
"1","1","Renegade Bull","soc","Near Mint","English","","","2026-05-03 23:10:23.627000","36","False","False",""
"2","2","Repel Calamity","blb","Near Mint","English","","","2026-05-03 23:10:07.997000","27","False","False",""
"1","1","Replication Technique","soc","Near Mint","English","","","2026-05-03 23:10:23.627000","200","False","False",""
"1","1","Reprieve","ltr","Near Mint","English","","","2026-05-14 23:46:10.743000","26","False","False","0.66"
"1","1","Reptilian Recruiter","blb","Near Mint","English","","","2026-08-02 17:45:48.183000","149","False","False","0.06"
"1","1","Requiem Monolith","eoe","Near Mint","English","","","2026-07-09 18:29:55.097000","333","False","False","0.41"
"1","1","Rescue Girl, First Responder","fra","Near Mint","English","","","2026-10-06 01:05:27.830000","202","False","False","0.19"
"1","1","Rescue Girl, First Responder","fra","Near Mint","English","foil","","2026-10-04 19:55:44.163000","202","False","False","0.20"
"1","1","Resculpt","soc","Near Mint","English","","","2026-05-03 23:10:23.627000","201","False","False",""
"1","1","Research Thief","fdc","Near Mint","English","","","2026-09-28 20:19:02.393000","74","False","False",""
"1","1","Resolute Reinforcements","fdn","Near Mint","English","","","2026-09-16 21:53:54.097000","145","False","False",""
"1","1","Resourceful Defense","eoc","Near Mint","English","","","2026-05-03 23:09:49.723000","67","False","False",""
"1","1","Restless Anchorage","frc","Near Mint","English","","","2026-09-28 20:19:34.370000","81","False","False",""
"1","1","Restless Spire","frc","Near Mint","English","","","2026-09-28 20:19:34.370000","82","False","False",""
"1","1","Restless Spire","soc","Near Mint","English","","","2026-05-03 23:10:23.627000","399","False","False",""
"1","1","Restore with Empathy","fra","Near Mint","English","","","2026-10-06 01:05:27.830000","112","False","False","0.07"
"1","1","Retro-Mutation","tmt","Near Mint","English","","","2026-07-13 23:07:19.073000","51","False","False","0.06"
"1","1","Return of the Wildspeaker","ecc","Near Mint","English","","","2026-08-02 17:58:36.490000","115","False","False",""
"1","1","Return to the Sewers","tmt","Near Mint","English","","","2026-07-13 23:07:19.073000","52","False","False","0.09"
"1","1","Revenge of the Drowned","mid","Near Mint","English","foil","","2026-09-04 12:19:14.813000","72","False","False","0.11"
"3","3","Reverent Howl","hob","Near Mint","English","","","2026-08-09 20:07:25.990000","81","False","False","0.14"
"1","1","Reverent Howl","hob","Near Mint","English","foil","","2026-08-09 20:07:34.537000","81","False","False","0.24"
"2","2","Rewrite Regrets","fra","Near Mint","English","","","2026-10-06 01:05:27.830000","62","False","False","0.05"
"1","1","Rhythm of the Wild","nec","Near Mint","English","","","2026-09-25 12:22:21.450000","142","False","False","3.91"
"1","1","Riddles in the Dark","hob","Near Mint","English","","","2026-10-04 20:00:42.057000","53","False","False","0.43"
"1","1","Ride's End","dft","Near Mint","English","","","2026-05-03 23:08:48.333000","25","False","False","0.10"
"1","1","Rigo, Streetwise Mentor","snc","Near Mint","English","","","2026-05-23 19:17:58.147000","215","False","False","0.19"
"1","1","Rimekin Recluse","ecl","Near Mint","English","","","2026-05-03 23:08:48.333000","66","False","False","0.07"
"1","1","Rionya, Fire Dancer","soc","Near Mint","English","","","2026-05-03 23:10:23.627000","252","False","False",""
"1","1","Ripples of Potential","eoc","Near Mint","English","","","2026-05-03 23:09:49.723000","77","False","False",""
"1","1","Risen Reef","ecc","Near Mint","English","","","2026-08-02 17:58:36.490000","132","False","False",""
"1","1","Rite of Harmony","mid","Near Mint","English","","","2026-09-04 12:19:14.813000","236","False","False","1.06"
"1","1","Rite of Harmony","mid","Near Mint","English","","","2026-08-27 18:34:51.423000","236","False","False","0.78"
"1","1","Rite of Replication","fdn","Near Mint","English","foil","","2026-09-16 21:53:54.097000","711","False","False",""
"1","1","Rite of Replication","soc","Near Mint","English","","","2026-05-03 23:10:23.627000","202","False","False",""
"1","1","River's Rebuke","fdn","Near Mint","English","","","2026-09-16 21:53:54.097000","595","False","False",""
"1","1","Riveteers Requisitioner","snc","Near Mint","English","","","2026-05-23 19:17:58.147000","121","False","False","0.09"
"1","1","Robot","teoe","Near Mint","English","foil","","2026-07-09 18:29:55.097000","10","False","False",""
"2","2","Robot","teoe","Near Mint","English","","","2026-06-30 23:34:55.230000","10","False","False",""
"1","1","Robot","ttmt","Near Mint","English","","","2026-05-14 23:46:10.743000","10","False","False",""
"1","1","Rock Soldiers","tmt","Near Mint","English","","","2026-05-14 23:46:10.743000","107","False","False","0.07"
"1","1","Rockfall Vale","fra","Near Mint","English","","","2026-10-06 01:05:27.830000","400","False","False","0.87"
"1","1","Rockfall Vale","fra","Near Mint","English","","","2026-10-06 01:05:27.830000","186","False","False","0.44"
"2","2","Rocksteady, Crash Courser","tmt","Near Mint","English","","","2026-07-13 23:07:19.073000","131","False","False","0.07"
"1","1","Rogue's Passage","fdn","Near Mint","English","","","2026-09-16 21:53:54.097000","264","False","False",""
"1","1","Rohirrim Lancer","ltr","Near Mint","English","","","2026-05-14 23:46:10.743000","146","False","False","0.05"
"1","1","Roiling Canopy","fra","Near Mint","English","","","2026-10-06 01:05:27.830000","187","False","False","0.44"
"1","1","Roll-Roll-Roll-Roll","hob","Near Mint","English","","","2026-08-09 20:07:25.990000","54","False","False","0.10"
"1","1","Room of Refuge","fra","Near Mint","English","","","2026-10-06 01:05:27.830000","188","False","False","0.04"
"1","1","Rootbound Crag","blc","Near Mint","English","","","2026-09-25 12:22:21.450000","326","False","False","0.58"
"1","1","Rootcast Apprenticeship","blc","Near Mint","English","","","2026-05-03 23:10:57.657000","32","False","False",""
"1","1","Rootcoil Creeper","mid","Near Mint","English","","","2026-08-02 17:45:48.183000","238","False","False","0.12"
"1","1","Rootha, Mastering the Moment","soc","Near Mint","English","","","2026-05-03 23:10:23.627000","8","False","False",""
"1","1","Rootha, Mercurial Artist","soc","Near Mint","English","","","2026-05-03 23:10:23.627000","329","False","False",""
"1","1","Rousing Refrain","soc","Near Mint","English","","","2026-05-03 23:10:23.627000","253","False","False",""
"1","1","Roving Actuator","eoe","Near Mint","English","","","2026-06-05 12:15:46.160000","157","False","False","0.06"
"1","1","Ruby, Daring Tracker","fdn","Near Mint","English","","","2026-09-16 21:53:54.097000","245","False","False",""
"1","1","Rugged Highlands","dft","Near Mint","English","","","2026-05-03 23:08:48.333000","262","False","False","0.03"
"1","1","Rugged Highlands","m21","Near Mint","English","","","2026-08-02 17:59:49.867000","249","False","False",""
"2","2","Rugged Highlands","fdn","Near Mint","English","","","2026-09-16 21:53:54.097000","265","False","False",""
"1","1","Rugged Prairie","eoc","Near Mint","English","","","2026-05-03 23:09:49.723000","174","False","False",""
"1","1","Ruinous Intrusion","lcc","Near Mint","English","","","2026-08-02 17:59:49.867000","255","False","False",""
"1","1","Run Away Together","ecl","Near Mint","English","","","2026-05-03 23:08:48.333000","67","False","False","0.04"
"1","1","Run Away Together","blb","Near Mint","English","","","2026-09-26 20:04:24.937000","67","False","False","0.07"
"1","1","Run Behind","sos","Near Mint","English","","","2026-07-22 22:57:50.160000","66","False","False","0.05"
"1","1","Run Over","dft","Near Mint","English","","","2026-05-03 23:08:48.333000","179","False","False","0.08"
"1","1","Runebound Wolf","vow","Near Mint","English","","","2026-08-02 17:59:49.867000","176","False","False",""
"2","2","Ruric Thar, Biomagus","fra","Near Mint","English","","","2026-10-06 01:05:27.830000","219","False","False","0.02"
"1","1","Ruric Thar, Biomagus","fra","Near Mint","English","foil","","2026-10-06 01:05:27.830000","219","False","False","0.13"
"1","1","Ruric Thar, Magecrusher","fra","Near Mint","English","","","2026-10-06 01:05:27.830000","265","False","False","0.03"
"1","1","Ruric Thar, Magecrusher","fra","Near Mint","English","foil","","2026-10-06 01:05:27.830000","265","False","False","0.18"
"1","1","Rustvale Bridge","eoc","Near Mint","English","","","2026-05-03 23:09:49.723000","175","False","False",""
"1","1","Safewright Cavalry","ecl","Near Mint","English","","","2026-05-03 23:08:48.333000","191","False","False","0.03"
"1","1","Sage of Ancient Lore // Werewolf of Ancient Hunger","soi","Near Mint","English","","","2026-08-02 17:59:49.867000","225","False","False",""
"1","1","Sai, Master Thopterist","fdc","Near Mint","English","foil","","2026-09-28 20:19:02.393000","5","False","False",""
"1","1","Sally Pride, Lioness Leader","tmt","Near Mint","English","","","2026-07-13 23:07:19.073000","24","False","False","0.26"
"1","1","Sami, Ship's Engineer","eoe","Near Mint","English","","","2026-06-05 12:15:46.160000","225","False","False","0.09"
"1","1","Samut, Hazoret's Champion","fra","Near Mint","English","","","2026-10-06 01:05:27.830000","251","False","False","1.29"
"1","1","Samut, Tyrant of Naktamun","fra","Near Mint","English","","","2026-09-29 13:03:50.663000","220","False","False","10.18"
"1","1","Sanctum Lurker","fra","Near Mint","English","","","2026-10-06 01:05:27.830000","64","False","False","0.75"
"1","1","Sandsteppe Citadel","ecc","Near Mint","English","","","2026-08-02 17:58:36.490000","164","False","False",""
"1","1","Sanguine Indulgence","fdn","Near Mint","English","","","2026-09-16 21:53:54.097000","613","False","False",""
"1","1","Sarkhan, Dragon Ascendant","fdc","Near Mint","English","","","2026-10-06 20:32:58.363000","172","False","False",""
"1","1","Savage Lands","ecc","Near Mint","English","","","2026-08-02 17:58:36.490000","165","False","False",""
"1","1","Savage Mansion","spm","Near Mint","English","","","2026-08-02 17:59:49.867000","183","False","False",""
"1","1","Savage Ventmaw","fdn","Near Mint","English","","","2026-09-16 21:53:54.097000","665","False","False",""
"2","2","Savannah Lions","fdn","Near Mint","English","","","2026-09-16 21:53:54.097000","146","False","False",""
"1","1","Saw in Half","blc","Near Mint","English","","","2026-05-03 23:10:57.657000","113","False","False",""
"1","1","Scampering Scorcher","m20","Near Mint","English","","","2026-09-25 12:22:21.450000","158","False","False","0.18"
"1","1","Scorched Geyser","soc","Near Mint","English","","","2026-05-03 23:10:23.627000","54","False","False",""
"1","1","Scorching Dragonfire","fdn","Near Mint","English","","","2026-05-03 23:09:59.423000","545","False","False",""
"1","1","Scorned Villager // Moonscarred Werewolf","dka","Near Mint","English","","","2026-08-02 17:59:49.867000","125","False","False",""
"2","2","Scoured Barrens","fdn","Near Mint","English","","","2026-09-16 21:53:54.097000","266","False","False",""
"1","1","Scourge of the Throne","fdc","Near Mint","English","","","2026-10-06 20:32:58.363000","173","False","False",""
"1","1","Scourge of Valkas","fdc","Near Mint","English","","","2026-10-06 20:32:58.363000","174","False","False",""
"1","1","Scrawling Crawler","fdn","Near Mint","English","","","2026-09-28 20:19:02.393000","132","False","False",""
"3","3","Screeching Soulbreaker","fra","Near Mint","English","","","2026-10-06 01:05:27.830000","65","False","False","0.14"
"1","1","Scroll of Fate","c19","Near Mint","English","","","2026-08-02 17:59:49.867000","58","False","False",""
"1","1","Scroll of Fate","dsc","Near Mint","English","","","2026-08-03 09:38:50.743000","251","False","False",""
"1","1","Scrounge for Eternity","eoe","Near Mint","English","foil","","2026-07-09 18:29:55.097000","114","False","False","0.19"
"1","1","Scurry of Squirrels","blc","Near Mint","English","","","2026-05-03 23:10:57.657000","33","False","False",""
"1","1","Seachrome Coast","one","Near Mint","English","foil","","2026-05-27 15:24:38.060000","374","False","False","2.81"
"1","1","Search Party Captain","mid","Near Mint","English","","","2026-09-25 12:22:21.450000","32","False","False","0.12"
"1","1","Seaside Citadel","ecc","Near Mint","English","","","2026-08-02 17:58:36.490000","166","False","False",""
"1","1","Season of the Bold","blb","Near Mint","English","","","2026-07-22 22:57:50.160000","152","False","False","1.06"
"1","1","Seasoned Warrenguard","blb","Near Mint","English","foil","","2026-07-22 22:57:50.160000","30","False","False","0.11"
"1","1","Seat of the Synod","eoc","Near Mint","English","","","2026-05-03 23:09:49.723000","176","False","False",""
"1","1","Secluded Courtyard","ecc","Near Mint","English","","","2026-08-02 17:58:36.490000","62","False","False",""
"1","1","Secluded Steppe","eoc","Near Mint","English","","","2026-05-03 23:09:49.723000","177","False","False",""
"1","1","Second Harvest","blc","Near Mint","English","","","2026-05-03 23:10:57.657000","123","False","False",""
"1","1","Secure the Wastes","frc","Near Mint","English","","","2026-09-28 20:19:34.370000","31","False","False",""
"1","1","Seedpod Squire","blb","Near Mint","English","","","2026-07-22 22:57:50.160000","232","False","False","0.06"
"1","1","Seedship Impact","eoe","Near Mint","English","","","2026-06-30 23:34:55.230000","205","False","False","0.19"
"1","1","Seeker's Folly","fdn","Near Mint","English","","","2026-09-16 21:53:54.097000","69","False","False",""
"1","1","Seismic Rupture","fdn","Near Mint","English","","","2026-09-16 21:53:54.097000","205","False","False",""
"1","1","Seize the Spoils","fdn","Near Mint","English","","","2026-05-03 23:09:59.423000","546","False","False",""
"1","1","Seize the Storm","inr","Near Mint","English","","","2026-08-27 18:34:51.423000","170","False","False","0.12"
"1","1","Selesnya Guildgate","fdn","Near Mint","English","","","2026-09-16 21:53:54.097000","694","False","False",""
"1","1","Selfcraft Mechan","eoe","Near Mint","English","foil","","2026-06-30 23:34:55.230000","74","False","False","0.11"
"1","1","Selvala, Heart of the Wilds","ecc","Near Mint","English","","","2026-08-02 17:58:36.490000","116","False","False",""
"1","1","Semester Foreseer // Peer Review","fra","Near Mint","English","foil","","2026-10-06 01:05:27.830000","39","False","False","0.23"
"2","2","Semester Foreseer // Peer Review","fra","Near Mint","English","","","2026-10-06 01:05:27.830000","39","False","False","0.05"
"1","1","Semester Foreseer // Peer Review","fra","Near Mint","English","","","2026-09-26 20:04:24.937000","39","False","False","0.10"
"1","1","Send in the Pest","sos","Near Mint","English","","","2026-07-22 22:57:50.160000","100","False","False","0.08"
"1","1","Serra Redeemer","blb","Near Mint","English","","","2026-05-03 23:10:07.997000","387","False","False",""
"1","1","Serra's Emissary","frc","Near Mint","English","","","2026-09-28 20:19:34.370000","32","False","False",""
"3","3","Sewer-veillance Cam","tmt","Near Mint","English","","","2026-07-13 23:07:19.073000","53","False","False","0.25"
"1","1","Shadow the Hedgehog","sld","Near Mint","English","","","2026-05-03 23:10:41.487000","2086","False","False",""
"1","1","Shamanic Revelation","blc","Near Mint","English","","","2026-05-03 23:10:57.657000","237","False","False",""
"1","1","Shambling Vent","eos","Near Mint","English","","","2026-07-09 18:29:55.097000","38","False","False","0.48"
"1","1","Shapeshifter","tecl","Near Mint","English","","","2026-05-30 18:24:46.773000","1","False","False",""
"1","1","Shark","tdsc","Near Mint","English","","","2026-05-23 19:17:58.147000","4","False","False","0.40"
"1","1","Shark Typhoon","frc","Near Mint","English","","","2026-09-28 20:19:34.370000","44","False","False",""
"1","1","Shatter the Sky","ecc","Near Mint","English","","","2026-08-02 17:58:36.490000","66","False","False",""
"3","3","Shatterwing Pegasus","fra","Near Mint","English","","","2026-10-06 01:05:27.830000","21","False","False","0.06"
"2","2","Shatterwing Pegasus","fra","Near Mint","English","","","2026-09-26 20:04:24.937000","21","False","False","0.21"
"1","1","Sheltered Thicket","cmm","Near Mint","English","","","2026-08-02 17:59:49.867000","1032","False","False",""
"1","1","Shimmer Dragon","fdc","Near Mint","English","","","2026-09-28 20:19:02.393000","75","False","False",""
"1","1","Shimmer Myr","fdc","Near Mint","English","","","2026-09-28 20:19:02.393000","283","False","False",""
"1","1","Shimmercreep","ecl","Near Mint","English","","","2026-08-02 17:58:36.490000","120","False","False",""
"1","1","Shipwreck Dowser","fdn","Near Mint","English","","","2026-09-16 21:53:54.097000","596","False","False",""
"1","1","Shipwreck Marsh","fra","Near Mint","English","","","2026-09-26 20:04:24.937000","189","False","False","2.74"
"1","1","Shipwreck Marsh","fra","Near Mint","English","","","2026-10-06 01:05:27.830000","189","False","False","1.68"
"1","1","Shipwreck Marsh","fra","Near Mint","English","foil","","2026-10-04 19:55:44.163000","189","False","False","2.48"
"1","1","Shivan Devastator","fdc","Near Mint","English","","","2026-10-06 20:32:58.363000","175","False","False",""
"1","1","Shivan Reef","frc","Near Mint","English","","","2026-09-28 20:19:34.370000","83","False","False",""
"1","1","Shivan Reef","soc","Near Mint","English","","","2026-05-03 23:10:23.627000","404","False","False",""
"1","1","Shivan Reef","eoc","Near Mint","English","","","2026-05-03 23:09:49.723000","179","False","False",""
"1","1","Shore Lurker","ecl","Near Mint","English","","","2026-05-03 23:08:48.333000","34","False","False","0.06"
"1","1","Shore Up","blb","Near Mint","English","foil","","2026-07-22 22:57:50.160000","69","False","False","0.19"
"1","1","Shore Up","blb","Near Mint","English","","","2026-07-22 22:57:50.160000","69","False","False","0.13"
"1","1","Shoreline Looter","blb","Near Mint","English","","","2026-09-26 20:04:24.937000","70","False","False","0.28"
"1","1","Short Bow","blb","Near Mint","English","foil","","2026-09-26 20:04:24.937000","248","False","False","0.19"
"1","1","Shredder, Unrelenting","tmt","Near Mint","English","","","2026-07-13 23:12:52.803000","210","False","False","0.19"
"1","1","Shredder's Revenge","tmt","Near Mint","English","","","2026-07-13 23:12:52.803000","76","False","False","0.04"
"1","1","Shriekmaw","ecc","Near Mint","English","","","2026-08-02 17:58:36.490000","85","False","False",""
"1","1","Shrike Force","blb","Near Mint","English","","","2026-09-26 20:04:24.937000","31","False","False","0.23"
"1","1","Sign in Blood","fdc","Near Mint","English","","","2026-10-03 20:44:35.160000","125","False","False",""
"2","2","Silence the Echo","fra","Near Mint","English","","","2026-10-06 01:05:27.830000","66","False","False","0.07"
"1","1","Silence the Echo","fra","Near Mint","English","foil","","2026-10-04 19:55:44.163000","66","False","False","0.18"
"1","1","Silken Strength","dft","Near Mint","English","","","2026-05-03 23:08:48.333000","180","False","False","0.07"
"2","2","Silvan Reveler","hob","Near Mint","English","","","2026-08-09 20:07:25.990000","163","False","False","0.20"
"1","1","Silver Myr","fdc","Near Mint","English","","","2026-09-28 20:19:02.393000","284","False","False",""
"1","1","Silverbluff Bridge","eoc","Near Mint","English","","","2026-05-03 23:09:49.723000","180","False","False",""
"1","1","Silverfur Partisan","soi","Near Mint","English","","","2026-08-02 17:59:49.867000","228","False","False",""
"1","1","Simic Guildgate","fdn","Near Mint","English","","","2026-09-16 21:53:54.097000","695","False","False",""
"1","1","Sinew Dancer","one","Near Mint","English","","","2026-05-27 15:24:38.060000","32","False","False","0.10"
"1","1","Sinister Monolith","blb","Near Mint","English","","","2026-07-22 22:57:50.160000","113","False","False","0.14"
"1","1","Siphon Insight","mid","Near Mint","English","","","2026-08-02 17:45:48.183000","241","False","False","0.29"
"1","1","Skateboard","tmt","Near Mint","English","","","2026-07-13 23:07:19.073000","178","False","False","0.33"
"1","1","Skeleton Archer","fdn","Near Mint","English","","","2026-05-03 23:09:59.423000","526","False","False",""
"4","4","Skilled Battlecarver","fra","Near Mint","English","","","2026-10-06 01:05:27.830000","92","False","False","0.10"
"1","1","Skittering Surveyor","mom","Near Mint","English","","","2026-09-25 12:22:21.450000","264","False","False","0.08"
"1","1","Skrelv's Hive","frc","Near Mint","English","","","2026-09-28 20:19:34.370000","33","False","False",""
"1","1","Skullclamp","blc","Near Mint","English","","","2026-05-03 23:10:57.657000","283","False","False",""
"1","1","Skybridge Towers","snc","Near Mint","English","","","2026-05-23 19:17:58.147000","354","False","False","0.04"
"1","1","Skycloud Expanse","eoc","Near Mint","English","","","2026-05-03 23:09:49.723000","181","False","False",""
"1","1","Skyfisher Spider","blc","Near Mint","English","","","2026-05-03 23:10:57.657000","261","False","False",""
"1","1","Skyline Despot","fdc","Near Mint","English","","","2026-10-06 20:32:58.363000","176","False","False",""
"1","1","Skyraker Giant","fdn","Near Mint","English","","","2026-05-03 23:09:59.423000","547","False","False",""
"1","1","Skyscythe Engulfer","one","Near Mint","English","","","2026-05-27 15:24:38.060000","183","False","False","0.03"
"1","1","Skyship Buccaneer","fdn","Near Mint","English","","","2026-05-03 23:09:59.423000","50","False","False",""
"1","1","Skyskipper Duo","blb","Near Mint","English","","","2026-09-26 20:04:24.937000","71","False","False","0.08"
"1","1","Skysovereign, Consul Flagship","fdc","Near Mint","English","","","2026-09-28 20:19:02.393000","285","False","False",""
"1","1","Skystinger","eoe","Near Mint","English","","","2026-06-05 12:15:46.160000","207","False","False","0.02"
"1","1","Slaughter Singer","one","Near Mint","English","","","2026-05-27 15:24:38.060000","216","False","False","0.06"
"1","1","Slithering Cryptid","tmt","Near Mint","English","","","2026-07-13 23:07:19.073000","168","False","False","0.02"
"1","1","Slithermuse","ecc","Near Mint","English","","","2026-08-02 17:58:36.490000","69","False","False",""
"1","1","Smallpox","soa","Near Mint","English","foil","","2026-09-09 22:34:36.807000","33","False","False","1.68"
"1","1","Smaug the Impenetrable","hoc","Near Mint","English","","","2026-08-27 18:34:51.423000","9","False","False","24.78"
"1","1","Smaug the Magnificent","hob","Near Mint","English","","","2026-08-09 20:07:25.990000","110","False","False","15.71"
"1","1","Smaug, the Great Calamity // Spew Flame","hob","Near Mint","English","foil","","2026-08-09 20:07:34.537000","109","False","False","0.18"
"2","2","Smaug, the Great Calamity // Spew Flame","hob","Near Mint","English","","","2026-08-09 20:07:25.990000","109","False","False","0.13"
"1","1","Smaug, Wicked Worm","hob","Near Mint","English","","","2026-09-01 14:17:07.680000","245","False","False","11.58"
"1","1","Smaug's Fury","hob","Near Mint","English","","","2026-08-09 20:07:25.990000","111","False","False","0.15"
"1","1","Smaug's Fury","hob","Near Mint","English","foil","","2026-08-27 18:34:51.423000","111","False","False","0.09"
"1","1","Smaug's Fury","hob","Near Mint","English","foil","","2026-10-04 20:00:42.057000","111","False","False","0.10"
"1","1","Smokebraider","ecc","Near Mint","English","","","2026-08-02 17:58:36.490000","96","False","False",""
"1","1","Snail","tblb","Near Mint","English","","","2026-07-22 22:57:50.160000","14","False","False","0.34"
"1","1","Snakeskin Veil","fdn","Near Mint","English","","","2026-09-16 22:48:19.077000","233","False","False","0.06"
"1","1","Snakeskin Veil","khm","Near Mint","English","","","2026-08-02 17:59:49.867000","194","False","False",""
"2","2","Snakeskin Veil","fdn","Near Mint","English","","","2026-09-16 21:53:54.097000","233","False","False",""
"1","1","Snare Tactician","iko","Near Mint","English","foil","","2026-05-30 18:24:46.773000","30","False","False","0.07"
"1","1","Sneering Shadewriter","sos","Near Mint","English","","","2026-07-22 22:57:50.160000","101","False","False","0.02"
"2","2","Snowslope Hunter","hob","Near Mint","English","","","2026-08-09 20:07:25.990000","112","False","False","0.23"
"1","1","Sodden Verdure","ecc","Near Mint","English","","","2026-08-02 17:58:36.490000","24","False","False",""
"1","1","Sol Ring","tdc","Near Mint","English","","","2026-08-02 17:59:49.867000","106","False","False",""
"2","2","Sol Ring","fdc","Near Mint","English","","","2026-10-06 20:32:58.363000","286","False","False",""
"1","1","Sol Ring","eoc","Near Mint","English","","","2026-05-03 23:09:49.723000","57","False","False",""
"1","1","Sol Ring","frc","Near Mint","English","","","2026-09-28 20:19:34.370000","21","False","False",""
"1","1","Sol Ring","blc","Near Mint","English","","","2026-05-03 23:10:57.657000","129","False","False",""
"1","1","Sol Ring","sld","Near Mint","English","","","2026-05-03 23:10:32.010000","2093","False","False",""
"1","1","Sol Ring","soc","Near Mint","English","","","2026-05-03 23:10:23.627000","128","False","False",""
"2","2","Sol Ring","fdc","Near Mint","English","foil","","2026-09-28 20:19:02.393000","2","False","False",""
"1","1","Sol Ring","ecc","Near Mint","English","","","2026-08-02 17:58:36.490000","57","False","False",""
"1","1","Solar Array","eoc","Near Mint","English","","","2026-05-03 23:09:49.723000","18","False","False",""
"1","1","Solemn Simulacrum","soc","Near Mint","English","","","2026-05-03 23:10:23.627000","355","False","False",""
"1","1","Solitary Cell","fra","Near Mint","English","","","2026-10-04 19:55:44.163000","355","False","False","0.54"
"3","3","Solve for Disappointment","fra","Near Mint","English","","","2026-10-06 01:05:27.830000","67","False","False","0.06"
"1","1","Solve for Disappointment","fra","Near Mint","English","","","2026-09-26 20:04:24.937000","67","False","False","0.13"
"3","3","Something Worth Saving","fra","Near Mint","English","","","2026-10-06 01:05:27.830000","114","False","False","0.08"
"1","1","Sonic the Hedgehog","sld","Near Mint","English","","","2026-05-03 23:10:41.487000","2087","False","False",""
"1","1","Sorcerous Spyglass","fdn","Near Mint","English","","","2026-09-16 21:53:54.097000","679","False","False",""
"1","1","Soul-Guide Gryff","mid","Near Mint","English","","","2026-08-02 17:45:48.183000","35","False","False","0.05"
"1","1","Soul-Guide Lantern","fdc","Near Mint","English","","","2026-09-28 20:19:02.393000","287","False","False",""
"1","1","Soul-Guide Lantern","eoc","Near Mint","English","","","2026-05-03 23:09:49.723000","143","False","False",""
"1","1","Soul-Guide Lantern","fdn","Near Mint","English","","","2026-09-16 21:53:54.097000","680","False","False",""
"1","1","Soulless One","fdc","Near Mint","English","","","2026-10-03 20:44:35.160000","126","False","False",""
"1","1","Sound the Trumpets","hob","Near Mint","English","","","2026-08-09 20:07:25.990000","55","False","False","0.15"
"1","1","Sound the Trumpets","hob","Near Mint","English","foil","","2026-08-19 19:34:01.257000","55","False","False",""
"1","1","Spectacle Summit","sos","Near Mint","English","","","2026-05-03 23:10:23.627000","262","False","False",""
"1","1","Spectacle Summit","sos","Near Mint","English","","","2026-07-22 22:57:50.160000","262","False","False","0.10"
"3","3","Spectral Sailor","fdn","Near Mint","English","","","2026-09-16 21:53:54.097000","164","False","False",""
"1","1","Spellgyre","blb","Near Mint","English","","","2026-05-23 19:17:58.147000","72","False","False","0.18"
"1","1","Sphinx of False Conclusions","fra","Near Mint","English","","","2026-09-26 20:04:24.937000","40","False","False","0.88"
"1","1","Sphinx of the Final Word","fdn","Near Mint","English","","","2026-09-16 21:53:54.097000","597","False","False",""
"3","3","Sphinx's Approach","fra","Near Mint","English","","","2026-10-06 01:05:27.830000","41","False","False","0.87"
"2","2","Sphinx's Approach","fra","Near Mint","English","","","2026-09-26 20:04:24.937000","41","False","False","2.10"
"2","2","Spicy Oatmeal Pizza","tmt","Near Mint","English","","","2026-07-13 23:07:19.073000","109","False","False","0.06"
"1","1","Spinerock Knoll","fdc","Near Mint","English","","","2026-10-06 20:32:58.363000","314","False","False",""
"1","1","Spiral into Solitude","ecl","Near Mint","English","","","2026-05-30 18:24:46.773000","36","False","False","0.07"
"1","1","Spire Golem","fdc","Near Mint","English","","","2026-09-28 20:19:02.393000","288","False","False",""
"1","1","Spire of Industry","eoc","Near Mint","English","","","2026-05-03 23:09:49.723000","183","False","False",""
"1","1","Spirit","tsos","Near Mint","English","","","2026-07-22 22:57:50.160000","11","False","False",""
"1","1","Spirit of Resilience","soc","Near Mint","English","","","2026-09-09 22:34:36.807000","37","False","False","0.22"
"1","1","Spit Flame","fdc","Near Mint","English","","","2026-10-06 20:32:58.363000","177","False","False",""
"1","1","Splash Lasher","blb","Near Mint","English","","","2026-05-14 23:46:10.743000","73","False","False","0.12"
"1","1","Splinter, Hamato Yoshi","tmt","Near Mint","English","","","2026-07-13 23:12:52.803000","79","False","False","0.14"
"1","1","Splinter's Technique","tmt","Near Mint","English","","","2026-07-13 23:12:52.803000","80","False","False","2.03"
"1","1","Springbloom Druid","fdn","Near Mint","English","","","2026-09-16 21:53:54.097000","646","False","False",""
"1","1","Springleaf Parade","ecc","Near Mint","English","","","2026-08-02 17:58:36.490000","19","False","False",""
"1","1","Sprite Dragon","iko","Near Mint","English","","","2026-05-30 18:24:46.773000","382","False","False","0.66"
"1","1","Squire's Lightblade","eoe","Near Mint","English","","","2026-06-05 12:15:46.160000","36","False","False","0.07"
"1","1","Squirrel Nest","blc","Near Mint","English","","","2026-05-03 23:10:57.657000","239","False","False",""
"1","1","Squirrel Sovereign","blc","Near Mint","English","","","2026-05-03 23:10:57.657000","240","False","False",""
"2","2","Squirrelanoids","tmt","Near Mint","English","","","2026-07-13 23:07:19.073000","81","False","False","0.07"
"1","1","Squirrelanoids","tmt","Near Mint","English","","","2026-05-14 23:46:10.743000","81","False","False","0.10"
"1","1","Stadium Tidalmage","sos","Near Mint","English","","","2026-07-22 22:57:50.160000","232","False","False","0.05"
"1","1","Staff of the Storyteller","frc","Near Mint","English","","","2026-09-28 20:19:34.370000","34","False","False",""
"1","1","Starbreach Whale","eoe","Near Mint","English","","","2026-06-30 23:34:55.230000","77","False","False","0.03"
"1","1","Stargaze","blb","Near Mint","English","","","2026-05-14 23:46:10.743000","114","False","False","0.11"
"1","1","Stargaze","soa","Near Mint","English","","","2026-07-22 22:57:50.160000","34","False","False","0.10"
"1","1","Starlight Snare","fdn","Near Mint","English","","","2026-05-03 23:09:59.423000","514","False","False",""
"1","1","Starlit Soothsayer","blb","Near Mint","English","","","2026-07-22 22:57:50.160000","115","False","False","0.03"
"1","1","Starport Security","eoe","Near Mint","English","foil","","2026-07-09 18:29:55.097000","39","False","False","0.10"
"1","1","Starseer Mentor","blb","Near Mint","English","","","2026-08-02 17:45:48.183000","233","False","False","0.16"
"1","1","Starting Column","dft","Near Mint","English","","","2026-05-03 23:08:48.333000","244","False","False","0.07"
"2","2","Stasis Snare","fdn","Near Mint","English","","","2026-09-16 21:53:54.097000","581","False","False",""
"1","1","Steampath Charger","blb","Near Mint","English","","","2026-09-26 20:04:24.937000","153","False","False","0.05"
"1","1","Steel Hellkite","fdc","Near Mint","English","","","2026-09-28 20:19:02.393000","289","False","False",""
"1","1","Steel Hellkite","fdn","Near Mint","English","","","2026-09-16 21:53:54.097000","681","False","False",""
"1","1","Steel Overseer","fdc","Near Mint","English","","","2026-09-28 20:19:02.393000","290","False","False",""
"1","1","Steel Overseer","eoc","Near Mint","English","","","2026-05-03 23:09:49.723000","144","False","False",""
"1","1","Sting, Bilbo's Sword","hob","Near Mint","English","","","2026-08-09 20:07:25.990000","178","False","False","0.16"
"1","1","Stingerquill Annex","fra","Near Mint","English","","","2026-09-26 20:04:24.937000","190","False","False","0.15"
"2","2","Stingerquill Annex","fra","Near Mint","English","","","2026-10-06 01:05:27.830000","190","False","False","0.13"
"1","1","Stingerquill Charm","fra","Near Mint","English","","","2026-10-06 01:05:27.830000","150","False","False","0.24"
"1","1","Stingerquill Charm","fra","Near Mint","English","","","2026-09-26 20:04:24.937000","150","False","False","0.42"
"1","1","Stingerquill Voxmancer // Vicious Verse","fra","Near Mint","English","","","2026-10-06 01:05:27.830000","151","False","False","0.06"
"1","1","Stingerquill Voxmancer // Vicious Verse","fra","Near Mint","English","","","2026-09-29 13:03:50.663000","151","False","False","0.05"
"1","1","Stinging Vitriol","fra","Near Mint","English","foil","","2026-09-26 20:04:24.937000","152","False","False","1.43"
"1","1","Stir Up Trouble","hob","Near Mint","English","foil","","2026-08-19 19:30:31.677000","84","False","False",""
"3","3","Stir Up Trouble","hob","Near Mint","English","","","2026-08-09 20:07:25.990000","84","False","False","0.13"
"1","1","Stir Up Trouble","hob","Near Mint","English","","","2026-10-04 20:00:42.057000","84","False","False","0.07"
"1","1","Stirring Honormancer","sos","Near Mint","English","","","2026-07-22 22:57:50.160000","234","False","False","0.13"
"1","1","Stock Up","soa","Near Mint","English","","","2026-07-22 22:57:50.160000","24","False","False","1.08"
"1","1","Stockman, Mad Fly-entist","tmt","Near Mint","English","","","2026-07-13 23:07:19.073000","54","False","False","0.07"
"1","1","Stockman, Mad Fly-entist","tmt","Near Mint","English","foil","","2026-07-13 23:07:19.073000","54","False","False","0.14"
"1","1","Stolen Vitality","mid","Near Mint","English","foil","","2026-09-04 12:19:14.813000","161","False","False","0.22"
"1","1","Stomped by the Foot","tmt","Near Mint","English","","","2026-07-13 23:12:52.803000","82","False","False","0.04"
"2","2","Stone Boulder","thob","Near Mint","English","","","2026-08-09 20:07:25.990000","11","False","False",""
"1","1","Stone by Sunlight","hob","Near Mint","English","","","2026-08-09 20:07:25.990000","27","False","False","0.12"
"1","1","Stone Docent","sos","Near Mint","English","","","2026-07-22 22:57:50.160000","36","False","False","0.11"
"3","3","Stony-Voiced Goblins","hob","Near Mint","English","","","2026-08-09 20:07:34.537000","85","False","False","0.16"
"1","1","Stony-Voiced Goblins","hob","Near Mint","English","","","2026-08-27 18:34:51.423000","85","False","False","0.03"
"1","1","Storm Fleet Spy","fdn","Near Mint","English","","","2026-05-03 23:09:59.423000","515","False","False",""
"1","1","Storm Skreelix","mid","Near Mint","English","","","2026-08-27 18:34:51.423000","243","False","False","0.09"
"1","1","Stormcarved Coast","sos","Near Mint","English","foil","","2026-09-09 22:34:36.807000","263","False","False","1.66"
"2","2","Stormcatch Mentor","blb","Near Mint","English","","","2026-05-03 23:10:15.600000","234","False","False",""
"1","1","Stormcatch Mentor","soc","Near Mint","English","","","2026-05-03 23:10:23.627000","331","False","False",""
"1","1","Storm-Kiln Artist","soc","Near Mint","English","","","2026-05-03 23:10:23.627000","255","False","False",""
"1","1","Stormwild Capridor","iko","Near Mint","English","foil","","2026-05-30 18:24:46.773000","34","False","False","0.17"
"1","1","Strangle","snc","Near Mint","English","","","2026-05-23 19:17:58.147000","125","False","False","0.11"
"1","1","Stroke of Midnight","frc","Near Mint","English","","","2026-09-28 20:19:34.370000","35","False","False",""
"1","1","Stroke of Midnight","fdn","Near Mint","English","","","2026-09-16 21:53:54.097000","148","False","False",""
"2","2","Stromkirk Bloodthief","fdn","Near Mint","English","","","2026-09-16 21:53:54.097000","185","False","False",""
"1","1","Stromkirk Bloodthief","fdn","Near Mint","English","foil","","2026-09-04 12:19:14.813000","185","False","False","0.18"
"1","1","Stromkirk Noble","fdn","Near Mint","English","","","2026-09-16 21:53:54.097000","632","False","False",""
"1","1","Strongbox Raider","fdn","Near Mint","English","","","2026-09-16 21:53:54.097000","96","False","False",""
"1","1","Studious First-Year // Rampant Growth","sos","Near Mint","English","","","2026-07-22 22:57:50.160000","162","False","False","0.16"
"2","2","Study Hall","soc","Near Mint","English","","","2026-08-03 09:38:37.263000","407","False","False",""
"1","1","Stuffed Bear","mid","Near Mint","English","foil","","2026-09-04 12:19:14.813000","259","False","False","0.19"
"1","1","Subterfuge","ecc","Near Mint","English","","","2026-08-02 17:58:36.490000","6","False","False",""
"1","1","Sulfur Falls","frc","Near Mint","English","","","2026-09-28 20:19:34.370000","84","False","False",""
"1","1","Sulfur Falls","eoc","Near Mint","English","","","2026-05-03 23:09:49.723000","184","False","False",""
"1","1","Sulfur Falls","soc","Near Mint","English","","","2026-05-03 23:10:23.627000","408","False","False",""
"1","1","Sulfurous Springs","frc","Near Mint","English","","","2026-09-28 20:19:34.370000","85","False","False",""
"1","1","Sundown Pass","sos","Near Mint","English","","","2026-07-22 22:57:50.160000","264","False","False","1.59"
"1","1","Sunfall","frc","Near Mint","English","","","2026-09-28 20:19:34.370000","36","False","False",""
"1","1","Sunken Ruins","frc","Near Mint","English","","","2026-09-28 20:19:34.370000","86","False","False",""
"1","1","Sunshower Druid","blb","Near Mint","English","","","2026-07-22 22:57:50.160000","195","False","False","0.09"
"1","1","Super State","sld","Near Mint","English","","","2026-05-03 23:10:41.487000","2081","False","False",""
"1","1","Supper for Spiders","hob","Near Mint","English","","","2026-08-09 20:07:34.537000","86","False","False","0.43"
"1","1","Sure Strike","vow","Near Mint","English","","","2026-09-29 13:03:59.330000","179","False","False","0.06"
"3","3","Sureshot Sower","fra","Near Mint","English","","","2026-10-06 01:05:27.830000","115","False","False","0.09"
"1","1","Sureshot Sower","fra","Near Mint","English","foil","","2026-10-04 19:55:44.163000","115","False","False","0.15"
"1","1","Surge Conductor","eoc","Near Mint","English","","","2026-05-03 23:09:49.723000","19","False","False",""
"1","1","Surge to Victory","soc","Near Mint","English","","","2026-05-03 23:10:23.627000","256","False","False",""
"2","2","Surgical Precision","fra","Near Mint","English","","","2026-10-06 01:05:27.830000","22","False","False","0.02"
"1","1","Surrak, the Hunt Caller","fdn","Near Mint","English","","","2026-09-16 21:53:54.097000","647","False","False",""
"2","2","Surveillance Phantasm","fra","Near Mint","English","","","2026-10-06 01:05:27.830000","42","False","False","0.10"
"2","2","Suspicious Shambler","fdn","Near Mint","English","","","2026-09-16 21:53:54.097000","527","False","False",""
"1","1","Suspicious Stowaway // Seafaring Werewolf","mid","Near Mint","English","","","2026-09-04 12:19:14.813000","288","False","False","0.25"
"1","1","Swab Goblin","fdn","Near Mint","English","","","2026-05-03 23:09:59.423000","548","False","False",""
"1","1","Swamp","ecl","Near Mint","English","","","2026-05-23 19:17:58.147000","281","False","False","0.24"
"1","1","Swamp","eoe","Near Mint","English","","","2026-06-30 23:34:55.230000","272","False","False","0.16"
"1","1","Swamp","tmt","Near Mint","English","","","2026-07-13 23:07:19.073000","193","False","False","0.20"
"1","1","Swamp","iko","Near Mint","English","","","2026-05-30 18:24:46.773000","268","False","False","0.12"
"9","9","Swamp","ddk","Near Mint","English","","","2026-07-13 23:12:52.803000","80","False","False","0.12"
"1","1","Swamp","tmt","Near Mint","English","foil","","2026-07-13 23:07:19.073000","193","False","False","0.25"
"2","2","Swamp","ecl","Near Mint","English","","","2026-08-02 17:58:36.490000","271","False","False",""
"1","1","Swamp","ecl","Near Mint","English","","","2026-05-30 18:24:46.773000","281","False","False","0.27"
"27","27","Swamp","fdn","Near Mint","English","","","2026-10-03 20:44:35.160000","277","False","False",""
"4","4","Swamp","blb","Near Mint","English","","","2026-05-03 23:10:57.657000","374","False","False",""
"1","1","Swamp","hob","Near Mint","English","foil","","2026-08-09 20:07:25.990000","196","False","False","0.83"
"4","4","Swamp","blb","Near Mint","English","","","2026-05-03 23:10:57.657000","373","False","False",""
"1","1","Swamp","mid","Near Mint","English","foil","","2026-09-04 12:19:14.813000","272","False","False","1.47"
"2","2","Swamp","hob","Near Mint","English","foil","","2026-08-09 20:07:25.990000","191","False","False","0.22"
"1","1","Swamp","blb","Near Mint","English","","","2026-07-22 22:57:50.160000","270","False","False","0.19"
"1","1","Swamp","blb","Near Mint","English","","","2026-09-26 20:04:24.937000","271","False","False","0.24"
"1","1","Swamp","blb","Near Mint","English","","","2026-08-02 17:45:48.183000","270","False","False","0.21"
"2","2","Swamp","hob","Near Mint","English","","","2026-08-09 20:07:34.537000","196","False","False","0.43"
"3","3","Swamp","hob","Near Mint","English","","","2026-08-09 20:07:25.990000","191","False","False","0.22"
"1","1","Swamp","snc","Near Mint","English","","","2026-05-23 19:17:58.147000","266","False","False","0.04"
"1","1","Swamp","one","Near Mint","English","","","2026-05-27 15:24:38.060000","269","False","False","1.30"
"2","2","Swamp","fra","Near Mint","English","","","2026-09-28 20:19:34.370000","285","False","False",""
"1","1","Swamp","one","Near Mint","English","","","2026-07-13 23:12:52.803000","274","False","False","0.10"
"1","1","Swamp","fra","Near Mint","English","","","2026-10-06 01:05:27.830000","285","False","False","0.14"
"1","1","Swamp","fra","Near Mint","English","foil","","2026-10-06 01:05:27.830000","389","False","False","1.30"
"1","1","Swamp","fra","Near Mint","English","","","2026-09-26 20:04:24.937000","389","False","False","0.81"
"1","1","Swamp","fra","Near Mint","English","","","2026-10-06 01:05:27.830000","389","False","False","0.48"
"1","1","Swamp","fra","Near Mint","English","","","2026-10-06 01:05:27.830000","390","False","False","0.49"
"1","1","Swamp","fdn","Near Mint","English","","","2026-09-16 21:53:54.097000","287","False","False",""
"1","1","Swamp","fdn","Near Mint","English","","","2026-09-16 21:53:54.097000","286","False","False",""
"36","36","Swamp","fdn","Near Mint","English","","","2026-10-03 20:44:35.160000","276","False","False",""
"1","1","Swamp","fra","Near Mint","English","foil","","2026-10-04 19:55:44.163000","388","False","False","1.31"
"1","1","Swan Song","eoc","Near Mint","English","","","2026-05-03 23:09:49.723000","46","False","False",""
"1","1","Swarm Culler","eoe","Near Mint","English","","","2026-06-30 23:34:55.230000","119","False","False","0.08"
"1","1","Swarmyard","blc","Near Mint","English","","","2026-05-03 23:10:57.657000","133","False","False",""
"1","1","Swarmyard Massacre","blc","Near Mint","English","","","2026-05-03 23:10:57.657000","20","False","False",""
"1","1","Swiftfoot Boots","fdc","Near Mint","English","","","2026-10-06 20:32:58.363000","291","False","False",""
"1","1","Swiftfoot Boots","tdc","Near Mint","English","","","2026-09-16 22:48:19.077000","328","False","False","1.99"
"1","1","Swiftfoot Boots","fdn","Near Mint","English","","","2026-09-25 12:22:21.450000","355","False","False","2.41"
"1","1","Swiftfoot Boots","sld","Near Mint","English","","","2026-05-07 23:04:00.963000","2096","False","False",""
"1","1","Swiftfoot Boots","fdn","Near Mint","English","","","2026-09-16 21:53:54.097000","355","False","False",""
"4","4","Swiftwater Cliffs","blb","Near Mint","English","","","2026-05-03 23:10:15.600000","397","False","False",""
"2","2","Swiftwater Cliffs","fdn","Near Mint","English","","","2026-09-16 21:53:54.097000","268","False","False",""
"1","1","Swiftwing Assailant","dft","Near Mint","English","","","2026-05-03 23:08:48.333000","32","False","False","0.05"
"1","1","Sword of the Squeak","blc","Near Mint","English","","","2026-05-03 23:10:57.657000","40","False","False",""
"1","1","Sword of Vengeance","blb","Near Mint","English","","","2026-05-03 23:10:15.600000","395","False","False",""
"1","1","Swords to Plowshares","frc","Near Mint","English","","","2026-09-28 20:19:34.370000","37","False","False",""
"1","1","Swords to Plowshares","eoc","Near Mint","English","","","2026-05-03 23:09:49.723000","45","False","False",""
"1","1","Synthetic Destiny","frc","Near Mint","English","","","2026-09-28 20:19:34.370000","45","False","False",""
"1","1","Syphon Flesh","fdc","Near Mint","English","","","2026-10-03 20:44:35.160000","127","False","False",""
"1","1","Syr Alin, the Lion's Claw","fdn","Near Mint","English","","","2026-09-16 21:53:54.097000","582","False","False",""
"1","1","Tainted Wood","blc","Near Mint","English","","","2026-05-03 23:10:57.657000","337","False","False",""
"1","1","Tajuru Pathwarden","fdn","Near Mint","English","","","2026-05-03 23:09:59.423000","558","False","False",""
"1","1","Take Out the Trash","blb","Near Mint","English","","","2026-09-26 20:04:24.937000","156","False","False","0.04"
"1","1","Take Out the Trash","blb","Near Mint","English","","","2026-07-22 22:57:50.160000","156","False","False","0.06"
"1","1","Talisman of Creativity","frc","Near Mint","English","","","2026-09-28 20:19:34.370000","61","False","False",""
"1","1","Talisman of Creativity","soc","Near Mint","English","","","2026-05-03 23:10:23.627000","357","False","False",""
"1","1","Talisman of Dominance","frc","Near Mint","English","","","2026-09-28 20:19:34.370000","62","False","False",""
"1","1","Talisman of Indulgence","frc","Near Mint","English","","","2026-09-28 20:19:34.370000","63","False","False",""
"1","1","Talisman of Progress","frc","Near Mint","English","","","2026-09-28 20:19:34.370000","64","False","False",""
"1","1","Talisman of Resilience","blc","Near Mint","English","","","2026-05-03 23:10:57.657000","288","False","False",""
"1","1","Tam, the Possibility","fra","Near Mint","English","","","2026-10-06 01:05:27.830000","317","False","False","1.47"
"1","1","Tamiyo, Upriser Crowned","frc","Near Mint","English","","","2026-09-28 20:19:34.370000","11","False","False",""
"1","1","Tamiyo's Logbook","fdc","Near Mint","English","","","2026-09-28 20:19:02.393000","76","False","False",""
"2","2","Tam's Resistance","fra","Near Mint","English","","","2026-10-06 01:05:27.830000","153","False","False","0.06"
"1","1","Tam's Resistance","fra","Near Mint","English","","","2026-09-26 20:04:24.937000","153","False","False","0.13"
"1","1","Tam's Resistance","fra","Near Mint","English","foil","","2026-10-04 19:55:44.163000","153","False","False","0.21"
"1","1","Tangle Tumbler","blb","Near Mint","English","","","2026-07-22 22:57:50.160000","250","False","False","0.14"
"1","1","Tapping at the Window","mid","Near Mint","English","foil","","2026-09-04 12:19:14.813000","201","False","False","0.07"
"1","1","Tatyova, Benthic Druid","fdn","Near Mint","English","","","2026-09-16 21:53:54.097000","247","False","False",""
"1","1","Taurean Mauler","fdn","Near Mint","English","","","2026-09-16 21:53:54.097000","633","False","False",""
"1","1","Taurean Mauler","fdc","Near Mint","English","","","2026-10-06 20:32:58.363000","178","False","False",""
"1","1","Tavern Ruffian // Tavern Smasher","mid","Near Mint","English","","","2026-08-27 18:34:51.423000","296","False","False","0.02"
"1","1","Tavern Ruffian // Tavern Smasher","mid","Near Mint","English","","","2026-08-27 18:34:51.423000","163","False","False","0.04"
"1","1","TCRI Building","tmt","Near Mint","English","","","2026-07-13 23:07:19.073000","189","False","False","0.10"
"1","1","TCRI Building","tmt","Near Mint","English","foil","","2026-07-13 23:07:19.073000","189","False","False","0.13"
"1","1","Teach by Example","fdn","Near Mint","English","","","2026-09-16 21:53:54.097000","666","False","False",""
"1","1","Tear Asunder","blc","Near Mint","English","","","2026-05-03 23:10:57.657000","241","False","False",""
"1","1","Technodrome","tmt","Near Mint","English","","","2026-07-13 23:12:52.803000","179","False","False","3.02"
"1","1","Teferi's Reproach","frc","Near Mint","English","","","2026-09-28 20:19:34.370000","6","False","False",""
"1","1","Tekuthal, Inquiry Dominus","eoc","Near Mint","English","","","2026-05-03 23:09:49.723000","78","False","False",""
"1","1","Tempest Djinn","fdn","Near Mint","English","","","2026-09-16 21:53:54.097000","598","False","False",""
"1","1","Temple of Abandon","scd","Near Mint","English","","","2026-08-02 17:59:49.867000","323","False","False",""
"1","1","Temple of Abandon","fdn","Near Mint","English","","","2026-09-16 21:53:54.097000","696","False","False",""
"1","1","Temple of Deceit","fdn","Near Mint","English","","","2026-09-16 21:53:54.097000","697","False","False",""
"1","1","Temple of Enlightenment","fdn","Near Mint","English","","","2026-09-16 21:53:54.097000","698","False","False",""
"1","1","Temple of Enlightenment","eoc","Near Mint","English","","","2026-05-03 23:09:49.723000","186","False","False",""
"1","1","Temple of Epiphany","fdn","Near Mint","English","","","2026-09-16 21:53:54.097000","699","False","False",""
"1","1","Temple of Epiphany","soc","Near Mint","English","","","2026-05-03 23:10:23.627000","412","False","False",""
"1","1","Temple of Epiphany","eoc","Near Mint","English","","","2026-05-03 23:09:49.723000","187","False","False",""
"1","1","Temple of Malady","fdn","Near Mint","English","","","2026-09-16 21:53:54.097000","700","False","False",""
"1","1","Temple of Malady","blc","Near Mint","English","","","2026-05-03 23:10:57.657000","341","False","False",""
"1","1","Temple of Malice","fdn","Near Mint","English","","","2026-09-16 21:53:54.097000","701","False","False",""
"1","1","Temple of Mystery","fdn","Near Mint","English","","","2026-09-16 21:53:54.097000","702","False","False",""
"1","1","Temple of Plenty","fdn","Near Mint","English","","","2026-09-16 21:53:54.097000","703","False","False",""
"1","1","Temple of Silence","fdn","Near Mint","English","","","2026-09-16 21:53:54.097000","704","False","False",""
"1","1","Temple of the False God","plst","Near Mint","English","","","2026-08-02 17:59:49.867000","C18-285","False","False",""
"1","1","Temple of the False God","fdc","Near Mint","English","","","2026-10-06 20:32:58.363000","315","False","False",""
"1","1","Temple of the False God","soc","Near Mint","English","","","2026-05-03 23:10:23.627000","416","False","False",""
"1","1","Temple of Triumph","fdn","Near Mint","English","","","2026-09-16 21:53:54.097000","705","False","False",""
"1","1","Temple of Triumph","eoc","Near Mint","English","","","2026-05-03 23:09:49.723000","188","False","False",""
"1","1","Temporal Intervention","eoe","Near Mint","English","","","2026-06-05 12:15:46.160000","120","False","False","0.14"
"1","1","Tenacious Hunter","hou","Near Mint","English","","","2026-09-25 12:22:21.450000","136","False","False","0.11"
"1","1","Tend the Sprigs","ecl","Near Mint","English","","","2026-05-23 19:17:58.147000","197","False","False","0.06"
"1","1","Tenderize","tmt","Near Mint","English","","","2026-07-13 23:07:19.073000","133","False","False","0.04"
"1","1","Tendrils of Corruption","fdc","Near Mint","English","","","2026-10-03 20:44:35.160000","128","False","False",""
"1","1","Tenured Tethermage","fra","Near Mint","English","foil","","2026-10-06 01:05:27.830000","154","False","False","0.07"
"1","1","Tenured Tethermage","fra","Near Mint","English","","","2026-10-06 01:05:27.830000","154","False","False","0.08"
"1","1","Terminal Criticism","fra","Near Mint","English","","","2026-10-06 01:05:27.830000","68","False","False","0.02"
"1","1","Terminal Criticism","fra","Near Mint","English","","","2026-09-26 20:04:24.937000","366","False","False","0.95"
"1","1","Terramorphic Expanse","sos","Near Mint","English","","","2026-05-03 23:10:23.627000","265","False","False",""
"1","1","Terramorphic Expanse","sos","Near Mint","English","","","2026-07-22 22:57:50.160000","265","False","False","0.07"
"1","1","Terramorphic Expanse","blc","Near Mint","English","","","2026-05-03 23:10:57.657000","345","False","False",""
"1","1","Terrasymbiosis","eoe","Near Mint","English","","","2026-06-30 23:34:55.230000","210","False","False","10.24"
"1","1","Terror of Mount Velus","fdn","Near Mint","English","","","2026-05-03 23:09:59.423000","549","False","False",""
"1","1","Terror of Mount Velus","fdc","Near Mint","English","","","2026-10-06 20:32:58.363000","179","False","False",""
"2","2","Tether Technician","fra","Near Mint","English","","","2026-09-26 20:04:24.937000","94","False","False","0.05"
"1","1","Tether Technician","fra","Near Mint","English","","","2026-09-29 13:03:50.663000","94","False","False","0.02"
"2","2","Tether Technician","fra","Near Mint","English","","","2026-10-06 01:05:27.830000","94","False","False","0.03"
"3","3","Tethermage's Advantage","fra","Near Mint","English","","","2026-10-06 01:05:27.830000","117","False","False","0.08"
"1","1","Tethermage's Advantage","fra","Near Mint","English","foil","","2026-09-26 20:04:24.937000","117","False","False","0.25"
"2","2","Tetsuko Umezawa, Fugitive","fra","Near Mint","English","","","2026-10-06 01:05:27.830000","221","False","False","0.12"
"2","2","Tetsuko Umezawa, Pursuer","fra","Near Mint","English","","","2026-10-06 01:05:27.830000","252","False","False","0.12"
"2","2","Textbook Tabulator","sos","Near Mint","English","","","2026-07-22 22:57:50.160000","70","False","False","0.04"
"1","1","Teyo, Diamondblade Mage","fra","Near Mint","English","foil","","2026-10-06 01:05:27.830000","236","False","False","0.24"
"1","1","Teyo, Diamondblade Mage","fra","Near Mint","English","","","2026-09-29 13:03:50.663000","236","False","False","0.18"
"1","1","Teyo, Lightshield Expert","fra","Near Mint","English","","","2026-09-29 13:03:50.663000","204","False","False","0.20"
"1","1","Teyo, Lightshield Expert","fra","Near Mint","English","","","2026-10-06 01:05:27.830000","295","False","False","0.23"
"1","1","Tezzeret's Gambit","eoc","Near Mint","English","","","2026-05-03 23:09:49.723000","47","False","False",""
"1","1","Thalia, the Survivor","fra","Near Mint","English","","","2026-10-06 01:05:27.830000","205","False","False","0.10"
"1","1","Thalia, the Survivor","fra","Near Mint","English","","","2026-10-06 01:05:27.830000","296","False","False","0.02"
"2","2","Thawbringer","eoe","Near Mint","English","","","2026-06-30 23:34:55.230000","211","False","False","0.06"
"1","1","The Arkenstone // Seek the Heart","hob","Near Mint","English","","","2026-09-01 14:17:07.680000","247","False","False","56.14"
"2","2","The Black Arrow","hob","Near Mint","English","","","2026-08-09 20:07:34.537000","171","False","False","0.17"
"1","1","The Celestus","mid","Near Mint","English","","","2026-08-27 18:34:51.423000","252","False","False","0.78"
"1","1","The Celestus","mid","Near Mint","English","","","2026-08-02 17:59:49.867000","252","False","False",""
"1","1","The Chief Warg","hob","Near Mint","English","","","2026-08-09 20:07:25.990000","150","False","False","0.16"
"1","1","The Chief Warg","hob","Near Mint","English","foil","","2026-08-19 19:28:41.673000","150","False","False",""
"1","1","The Cloning of Shredder","tmt","Near Mint","English","","","2026-07-13 23:12:52.803000","60","False","False","1.50"
"1","1","The Cloning of Shredder","tmt","Near Mint","English","","","2026-05-14 23:46:10.743000","60","False","False","2.17"
"1","1","The Eagles Are Coming!","hob","Near Mint","English","","","2026-08-09 20:07:25.990000","205","False","False","3.27"
"1","1","The Elder Dragon War","fdc","Near Mint","English","","","2026-10-06 20:32:58.363000","156","False","False",""
"1","1","The Last Ronin","tmt","Near Mint","English","","","2026-07-13 23:07:19.073000","154","False","False","1.14"
"1","1","The Last Ronin's Technique","tmt","Near Mint","English","","","2026-07-13 23:12:52.803000","12","False","False","0.15"
"1","1","The Lonely Mountain","hob","Near Mint","English","","","2026-09-01 14:17:07.680000","248","False","False","14.47"
"1","1","The Lord of the Eagles","hob","Near Mint","English","","","2026-08-19 19:28:00.360000","240","False","False",""
"1","1","The Master of Lake-town","hob","Near Mint","English","","","2026-08-09 20:07:25.990000","77","False","False","1.31"
"1","1","The Master of Lake-town","hob","Near Mint","English","","","2026-08-27 18:34:51.423000","77","False","False","0.02"
"1","1","The Misty Mountains Cold","hob","Near Mint","English","foil","","2026-08-09 20:07:25.990000","321","False","False",""
"2","2","The Mountain-king's Return","hob","Near Mint","English","","","2026-08-09 20:07:25.990000","22","False","False","0.16"
"1","1","The Mountain-king's Return","hob","Near Mint","English","","","2026-10-04 20:00:42.057000","22","False","False","0.08"
"1","1","The Mycosynth Gardens","eoc","Near Mint","English","","","2026-05-03 23:09:49.723000","168","False","False",""
"1","1","The Notary Hobbits","hob","Near Mint","English","","","2026-08-09 20:07:25.990000","131","False","False","0.09"
"1","1","The Odd Acorn Gang","blc","Near Mint","English","foil","","2026-05-03 23:10:57.657000","7","False","False",""
"1","1","The Ozolith","iko","Near Mint","English","","","2026-05-23 19:17:58.147000","362","False","False","40.03"
"1","1","The Reaver Cleaver","sld","Near Mint","English","","","2026-05-07 23:05:11.453000","2095","False","False",""
"1","1","The Sackville-Bagginses","hob","Near Mint","English","","","2026-08-27 18:34:51.423000","83","False","False","0.02"
"1","1","The Seriema","eoe","Near Mint","English","","","2026-06-05 12:15:46.160000","35","False","False","0.57"
"1","1","The Theorist, Jace Beleren","fra","Near Mint","English","","","2026-10-06 01:05:27.830000","43","False","False","19.76"
"1","1","The Ur-Sphinx","frc","Near Mint","English","","","2026-09-28 20:19:34.370000","12","False","False",""
"3","3","Theoretical Necromancer","fra","Near Mint","English","","","2026-10-06 01:05:27.830000","69","False","False","0.07"
"1","1","Theoretical Necromancer","fra","Near Mint","English","","","2026-09-26 20:04:24.937000","69","False","False","0.09"
"2","2","Theorix Annex","fra","Near Mint","English","","","2026-10-06 01:05:27.830000","192","False","False","0.12"
"2","2","Theorix Charm","fra","Near Mint","English","","","2026-10-06 01:05:27.830000","155","False","False","0.19"
"1","1","Theorix Charm","fra","Near Mint","English","foil","","2026-10-06 01:05:27.830000","155","False","False","0.49"
"2","2","Theorix Metamage // Omit Variables","fra","Near Mint","English","","","2026-10-06 01:05:27.830000","156","False","False","0.04"
"3","3","Thieving Otter","blb","Near Mint","English","","","2026-05-03 23:10:15.600000","390","False","False",""
"2","2","Think Twice","fdn","Near Mint","English","","","2026-09-16 21:53:54.097000","165","False","False",""
"1","1","Thirst for Identity","ecl","Near Mint","English","","","2026-05-30 18:24:46.773000","79","False","False","0.11"
"1","1","Thirst for Knowledge","fdc","Near Mint","English","","","2026-09-28 20:19:02.393000","77","False","False",""
"1","1","Thirst for Knowledge","eoc","Near Mint","English","","","2026-05-03 23:09:49.723000","48","False","False",""
"1","1","Thopter","tfra","Near Mint","English","foil","","2026-10-04 19:55:44.163000","14","False","False",""
"4","4","Thopter Engineer","blc","Near Mint","English","","","2026-09-25 12:22:21.450000","204","False","False","0.13"
"1","1","Thopter Fabricator","fdc","Near Mint","English","","","2026-09-28 20:19:02.393000","78","False","False",""
"1","1","Thopter Spy Network","fdc","Near Mint","English","","","2026-09-28 20:19:02.393000","79","False","False",""
"1","1","Thorin Oakenshield","hob","Near Mint","English","","","2026-08-09 20:07:25.990000","165","False","False","0.17"
"1","1","Thorin, Mountain-king","hob","Near Mint","English","","","2026-08-09 20:07:25.990000","114","False","False","4.88"
"1","1","Thorin, Mountain-king","hob","Near Mint","English","","","2026-09-01 14:17:07.680000","243","False","False","19.01"
"2","2","Thorin's Last Stand","hob","Near Mint","English","","","2026-08-09 20:07:25.990000","28","False","False","0.17"
"1","1","Thorin's Last Stand","hob","Near Mint","English","","","2026-08-09 20:07:25.990000","209","False","False","0.27"
"1","1","Thorin's Last Stand","hob","Near Mint","English","","","2026-08-27 18:34:51.423000","28","False","False","0.02"
"1","1","Thornplate Intimidator","blb","Near Mint","English","","","2026-05-23 19:17:58.147000","117","False","False","0.03"
"1","1","Thornplate Intimidator","blb","Near Mint","English","","","2026-07-22 22:57:50.160000","117","False","False","0.06"
"1","1","Thornvault Forager","blb","Near Mint","English","","","2026-07-22 22:57:50.160000","197","False","False","0.72"
"1","1","Thornvault Forager","blb","Near Mint","English","","","2026-09-26 20:04:24.937000","197","False","False","0.94"
"2","2","Thornweald Archer","fdn","Near Mint","English","","","2026-09-16 21:53:54.097000","559","False","False",""
"2","2","Thornwood Falls","fdn","Near Mint","English","","","2026-09-16 21:53:54.097000","269","False","False",""
"1","1","Thought Monitor","fdc","Near Mint","English","","","2026-09-28 20:19:02.393000","80","False","False",""
"1","1","Thought Monitor","eoc","Near Mint","English","","","2026-05-03 23:09:49.723000","79","False","False",""
"1","1","Thought Shucker","blb","Near Mint","English","","","2026-08-02 17:45:48.183000","77","False","False","0.06"
"1","1","Thought Vessel","fdc","Near Mint","English","","","2026-09-28 20:19:02.393000","292","False","False",""
"1","1","Thoughtcast","fdc","Near Mint","English","","","2026-09-28 20:19:02.393000","81","False","False",""
"1","1","Thraben Exorcism","mid","Near Mint","English","","","2026-08-02 17:45:48.183000","39","False","False","0.03"
"1","1","Thranduil, Sindarin Liege // Silvan Rally","hob","Near Mint","English","","","2026-08-09 20:07:25.990000","233","False","False","0.99"
"1","1","Thranduil, Sindarin Liege // Silvan Rally","hob","Near Mint","English","foil","","2026-08-09 20:07:25.990000","166","False","False","0.20"
"1","1","Thranduil, the Elvenking","hob","Near Mint","English","","","2026-09-01 14:17:07.680000","246","False","False","10.60"
"1","1","Thranduil's Decree","hob","Near Mint","English","","","2026-10-04 20:00:42.057000","56","False","False","0.07"
"2","2","Thranduil's Decree","hob","Near Mint","English","","","2026-08-09 20:07:25.990000","56","False","False","0.17"
"1","1","Thrashing Brontodon","fdn","Near Mint","English","","","2026-05-03 23:09:59.423000","560","False","False",""
"1","1","Three Tree Mascot","fdn","Near Mint","English","","","2026-09-16 21:53:54.097000","682","False","False",""
"1","1","Three Tree Rootweaver","blb","Near Mint","English","","","2026-07-22 22:57:50.160000","198","False","False","0.07"
"1","1","Three Tree Scribe","blb","Near Mint","English","","","2026-08-02 17:45:48.183000","199","False","False","0.17"
"1","1","Three Tree Scribe","blb","Near Mint","English","","","2026-09-26 20:04:24.937000","199","False","False","0.14"
"1","1","Threefold Thunderhulk","eoc","Near Mint","English","","","2026-05-03 23:09:49.723000","145","False","False",""
"1","1","Thrill of Possibility","eld","Near Mint","English","","","2026-08-02 17:59:49.867000","146","False","False",""
"1","1","Thrill of Possibility","fdc","Near Mint","English","","","2026-10-06 20:32:58.363000","180","False","False",""
"1","1","Thrill of Possibility","fdn","Near Mint","English","","","2026-09-16 22:48:19.077000","210","False","False","0.10"
"1","1","Thrill of Possibility","fdn","Near Mint","English","","","2026-09-16 21:53:54.097000","210","False","False",""
"1","1","Thriving Bluff","ecc","Near Mint","English","","","2026-08-02 17:58:36.490000","170","False","False",""
"1","1","Thriving Grove","ecc","Near Mint","English","","","2026-08-02 17:58:36.490000","171","False","False",""
"1","1","Thriving Heath","ecc","Near Mint","English","","","2026-08-02 17:58:36.490000","172","False","False",""
"1","1","Thriving Isle","ecc","Near Mint","English","","","2026-08-02 17:58:36.490000","173","False","False",""
"1","1","Thriving Moor","ecc","Near Mint","English","","","2026-08-02 17:58:36.490000","174","False","False",""
"1","1","Throes of Chaos","soc","Near Mint","English","","","2026-05-03 23:10:23.627000","257","False","False",""
"1","1","Thrór's Map","hob","Near Mint","English","","","2026-08-09 20:07:34.537000","179","False","False","0.35"
"1","1","Thrummingbird","eoc","Near Mint","English","","","2026-05-03 23:09:49.723000","80","False","False",""
"1","1","Thrummingbird","one","Near Mint","English","","","2026-05-27 15:24:38.060000","288","False","False","0.11"
"1","1","Thunderbreak Regent","fdc","Near Mint","English","","","2026-10-06 20:32:58.363000","181","False","False",""
"1","1","Thunderclap Drake","soc","Near Mint","English","","","2026-05-03 23:10:23.627000","204","False","False",""
"1","1","Thunderdrum Soloist","sos","Near Mint","English","foil","","2026-09-09 22:34:36.807000","134","False","False","0.16"
"1","1","Thunderdrum Soloist","sos","Near Mint","English","","","2026-07-22 22:57:50.160000","134","False","False","0.14"
"1","1","Thundermane Dragon","fdc","Near Mint","English","","","2026-10-06 20:32:58.363000","182","False","False",""
"2","2","Tidings of War","hob","Near Mint","English","","","2026-08-19 19:36:22.147000","115","False","False","0.20"
"1","1","Tidings of War","hob","Near Mint","English","foil","","2026-08-19 19:36:37.410000","115","False","False",""
"1","1","Timeless Lotus","ecc","Near Mint","English","","","2026-08-02 17:58:36.490000","143","False","False",""
"1","1","Tinybones, Pocket Nuisance","fra","Near Mint","English","","","2026-10-06 01:05:27.830000","237","False","False","0.02"
"1","1","Tireless Hauler // Dire-Strain Brawler","mid","Near Mint","English","","","2026-09-04 12:19:14.813000","305","False","False","0.02"
"1","1","Tireless Provisioner","blc","Near Mint","English","","","2026-05-03 23:10:57.657000","243","False","False",""
"1","1","Titan Forge","eoc","Near Mint","English","","","2026-05-03 23:09:49.723000","146","False","False",""
"1","1","Titan of Industry","ecc","Near Mint","English","","","2026-08-02 17:58:36.490000","117","False","False",""
"1","1","Titanbones, Towering Heart","fra","Near Mint","English","","","2026-10-06 01:05:27.830000","266","False","False","0.02"
"1","1","Titanic Growth","one","Near Mint","English","","","2026-05-27 15:24:38.060000","187","False","False","0.06"
"1","1","Titan's Grave","sos","Near Mint","English","","","2026-07-22 22:57:50.160000","266","False","False","0.12"
"2","2","Tolarian Terror","fdn","Near Mint","English","","","2026-09-16 21:53:54.097000","167","False","False",""
"1","1","Tom, Bert, and William","hob","Near Mint","English","","","2026-08-09 20:07:25.990000","169","False","False","0.36"
"1","1","Tome Blast","sos","Near Mint","English","","","2026-07-22 22:57:50.160000","135","False","False","0.06"
"1","1","Tomik, Izzet Sparkmage","fra","Near Mint","English","","","2026-10-06 01:05:27.830000","253","False","False","0.08"
"2","2","Tomik, Izzet Sparkmage","fra","Near Mint","English","","","2026-09-26 20:04:24.937000","253","False","False","0.20"
"1","1","Tomik, Orzhov Lawmage","fra","Near Mint","English","","","2026-09-26 20:04:24.937000","206","False","False","0.19"
"1","1","Tomik, Orzhov Lawmage","fra","Near Mint","English","","","2026-10-06 01:05:27.830000","206","False","False","0.15"
"1","1","Toski, Bearer of Secrets","blc","Near Mint","English","","","2026-05-03 23:10:57.657000","244","False","False",""
"1","1","Tovolar, Dire Overlord // Tovolar, the Midnight Scourge","sld","Near Mint","English","foil","","2026-10-02 21:01:31.440000","1612","False","False",""
"1","1","Tovolar, Dire Overlord // Tovolar, the Midnight Scourge","mid","Near Mint","English","","","2026-09-29 13:03:59.330000","311","False","False","0.86"
"1","1","Tovolar, Dire Overlord // Tovolar, the Midnight Scourge","mid","Near Mint","English","","","2026-08-02 17:59:49.867000","246","False","False",""
"1","1","Tovolar's Huntmaster // Tovolar's Packleader","mid","Near Mint","English","","","2026-08-02 17:59:49.867000","204","False","False",""
"1","1","Tragedy Feaster","sos","Near Mint","English","foil","","2026-09-09 22:34:36.807000","293","False","False","0.76"
"2","2","Tranquil Cove","fdn","Near Mint","English","","","2026-09-16 21:53:54.097000","270","False","False",""
"1","1","Tranquil Thicket","blc","Near Mint","English","","","2026-05-03 23:10:57.657000","350","False","False",""
"1","1","Transcendent Archaic","sos","Near Mint","English","","","2026-07-22 22:57:50.160000","5","False","False","0.11"
"1","1","Transformative Commons","fra","Near Mint","English","","","2026-10-06 01:05:27.830000","193","False","False","0.11"
"1","1","Traxos, Academy Guardian","fra","Near Mint","English","","","2026-10-06 01:05:27.830000","222","False","False","0.07"
"1","1","Traxos, Scourge Eternal","fra","Near Mint","English","","","2026-10-06 01:05:27.830000","280","False","False","0.14"
"1","1","Treasure","sld","Near Mint","English","","","2026-05-03 23:10:32.010000","2094","False","False",""
"2","2","Treasure","thob","Near Mint","English","","","2026-08-27 18:34:51.423000","12","False","False",""
"1","1","Treasure","tsos","Near Mint","English","","","2026-07-22 22:57:50.160000","12","False","False",""
"4","4","Treasure","thob","Near Mint","English","","","2026-10-04 20:00:42.057000","13","False","False",""
"1","1","Treasure","tmom","Near Mint","English","","","2026-09-26 20:04:24.937000","21","False","False","0.19"
"1","1","Treasure Cruise","soc","Near Mint","English","","","2026-05-03 23:10:23.627000","205","False","False",""
"2","2","Treeguard Duo","blb","Near Mint","English","","","2026-09-26 20:04:24.937000","200","False","False","0.06"
"3","3","Treeguard Duo","blb","Near Mint","English","","","2026-05-03 23:10:07.997000","200","False","False",""
"2","2","Treetop Sentries","blb","Near Mint","English","","","2026-09-26 20:04:24.937000","201","False","False","0.04"
"1","1","Tribute to Hunger","fdn","Near Mint","English","","","2026-09-16 21:53:54.097000","614","False","False",""
"1","1","Troll Negotiations","hob","Near Mint","English","","","2026-08-09 20:07:25.990000","138","False","False","0.12"
"1","1","Troop of Ponies","hob","Near Mint","English","","","2026-08-09 20:07:34.537000","199","False","False","0.27"
"1","1","Trygon Predator","fdn","Near Mint","English","","","2026-09-16 21:53:54.097000","667","False","False",""
"2","2","Tunnel Rats","tmt","Near Mint","English","","","2026-07-13 23:07:19.073000","84","False","False","0.05"
"1","1","Turbulent Crater","frc","Near Mint","English","","","2026-09-28 20:19:34.370000","16","False","False",""
"1","1","Turbulent Shore","frc","Near Mint","English","","","2026-09-28 20:19:34.370000","17","False","False",""
"1","1","Turbulent Springs","soc","Near Mint","English","","","2026-05-03 23:10:23.627000","57","False","False",""
"1","1","Turbulent Wetlands","frc","Near Mint","English","","","2026-09-28 20:19:34.370000","18","False","False",""
"1","1","Turtle Blimp","tmt","Near Mint","English","","","2026-07-13 23:12:52.803000","180","False","False","0.08"
"2","2","Turtle Lair","tmt","Near Mint","English","","","2026-07-13 23:12:52.803000","190","False","False","0.13"
"1","1","Turtle Van","tmt","Near Mint","English","","","2026-07-13 23:12:52.803000","181","False","False","0.17"
"1","1","Tweeze","ecl","Near Mint","English","","","2026-05-30 18:24:46.773000","162","False","False","0.04"
"1","1","Twilight Mire","blc","Near Mint","English","","","2026-05-03 23:10:57.657000","351","False","False",""
"1","1","Twinblade Blessing","fdn","Near Mint","English","","","2026-09-16 21:53:54.097000","26","False","False",""
"1","1","Twinblade Paladin","fdn","Near Mint","English","","","2026-05-03 23:09:59.423000","503","False","False",""
"1","1","Twinflame","soc","Near Mint","English","","","2026-05-03 23:10:23.627000","258","False","False",""
"1","1","Twinflame Travelers","ecl","Near Mint","English","","","2026-05-30 18:24:46.773000","345","False","False","0.45"
"3","3","Twinned Vision","fra","Near Mint","English","","","2026-10-06 01:05:27.830000","157","False","False","0.15"
"1","1","Twinning Staff","c20","Near Mint","English","","","2026-05-30 18:24:46.773000","70","False","False","14.88"
"1","1","Twisted Fates","fra","Near Mint","English","","","2026-09-29 13:03:50.663000","158","False","False","0.09"
"1","1","Twisted Fates","fra","Near Mint","English","","","2026-09-26 20:04:24.937000","158","False","False","0.08"
"1","1","Twitching Doll","dsk","Near Mint","English","foil","","2026-05-14 23:46:10.743000","417","False","False","0.38"
"1","1","Tyrant's Familiar","fdc","Near Mint","English","","","2026-10-06 20:32:58.363000","183","False","False",""
"1","1","Tyrranax Atrocity","one","Near Mint","English","","","2026-05-27 15:24:38.060000","188","False","False","0.14"
"1","1","Uldaros Theorix","fra","Near Mint","English","","","2026-10-06 01:05:27.830000","159","False","False","1.25"
"1","1","Ulrich of the Krallenhorde // Ulrich, Uncontested Alpha","emn","Near Mint","English","","","2026-09-13 18:27:39.270000","191","False","False","3.10"
"1","1","Uncaged Fury","plst","Near Mint","English","","","2026-08-02 17:59:49.867000","A25-155","False","False",""
"10","10","Uncharted Haven","fdn","Near Mint","English","","","2026-05-03 23:09:59.423000","564","False","False",""
"1","1","Unclaimed Territory","ecc","Near Mint","English","","","2026-08-02 17:58:36.490000","175","False","False",""
"1","1","Undead Augur","fdc","Near Mint","English","","","2026-10-03 20:44:35.160000","129","False","False",""
"1","1","Undead Butler","fdc","Near Mint","English","","","2026-10-03 20:44:35.160000","130","False","False",""
"1","1","Undead Warchief","fdc","Near Mint","English","","","2026-10-03 20:44:35.160000","131","False","False",""
"1","1","Underground River","frc","Near Mint","English","","","2026-09-28 20:19:34.370000","87","False","False",""
"1","1","Undulating Witness","fra","Near Mint","English","foil","","2026-10-04 19:55:44.163000","45","False","False","0.24"
"2","2","Undulating Witness","fra","Near Mint","English","","","2026-10-06 01:05:27.830000","45","False","False","0.02"
"2","2","Undying Malice","fdn","Near Mint","English","","","2026-09-16 21:53:54.097000","528","False","False",""
"3","3","Uneasy Alliance","tmt","Near Mint","English","","","2026-07-13 23:12:52.803000","28","False","False","0.04"
"1","1","Uneasy Partings","hob","Near Mint","English","","","2026-08-27 18:34:51.423000","58","False","False","0.02"
"2","2","Uneasy Partings","hob","Near Mint","English","","","2026-08-09 20:07:25.990000","58","False","False","0.08"
"1","1","Unexpected Windfall","sld","Near Mint","English","","","2026-05-03 23:10:32.010000","2092","False","False",""
"1","1","Unexpected Windfall","fdc","Near Mint","English","","","2026-10-06 20:32:58.363000","184","False","False",""
"1","1","Unflinching Courage","fdn","Near Mint","English","foil","","2026-09-16 21:53:54.097000","722","False","False",""
"2","2","Unflinching Hortimancer","fra","Near Mint","English","","","2026-10-06 01:05:27.830000","23","False","False","0.05"
"1","1","Universal Surveillance","eoc","Near Mint","English","","","2026-05-03 23:09:49.723000","81","False","False",""
"2","2","Unnatural Growth","inr","Near Mint","English","foil","","2026-09-04 12:19:14.813000","223","False","False","1.98"
"1","1","Unnatural Moonrise","mid","Near Mint","English","","","2026-08-02 17:59:49.867000","247","False","False",""
"1","1","Unruly Mob","mid","Near Mint","English","","","2026-08-02 17:45:48.183000","40","False","False","0.03"
"1","1","Unsubtle Mockery","sos","Near Mint","English","foil","","2026-09-09 22:34:36.807000","136","False","False","0.05"
"1","1","Unsummon","fdn","Near Mint","English","","","2026-09-16 21:53:54.097000","599","False","False",""
"2","2","Unsummon","fra","Near Mint","English","","","2026-10-06 01:05:27.830000","46","False","False","0.10"
"1","1","Untamed Hunger","fdn","Near Mint","English","","","2026-05-03 23:09:59.423000","529","False","False",""
"1","1","Uthros Research Craft","eoc","Near Mint","English","","","2026-05-03 23:09:49.723000","7","False","False",""
"2","2","Utrom Scientists","tmt","Near Mint","English","","","2026-07-13 23:07:19.073000","56","False","False","0.04"
"1","1","Utvara Hellkite","fdc","Near Mint","English","","","2026-10-06 20:32:58.363000","185","False","False",""
"1","1","Valley Mightcaller","pblb","Near Mint","English","foil","","2026-08-02 17:45:48.183000","202s","False","False","1.89"
"1","1","Valorous Stance","fdn","Near Mint","English","","","2026-09-16 21:53:54.097000","583","False","False",""
"1","1","Vampire Interloper","fdn","Near Mint","English","","","2026-05-03 23:09:59.423000","530","False","False",""
"1","1","Vampire Neonate","fdn","Near Mint","English","","","2026-05-03 23:09:59.423000","531","False","False",""
"1","1","Vampire Nighthawk","fdn","Near Mint","English","","","2026-09-16 21:53:54.097000","186","False","False",""
"1","1","Vampire Spawn","fdn","Near Mint","English","","","2026-05-03 23:09:59.423000","532","False","False",""
"1","1","Vampiric Rites","fdn","Near Mint","English","","","2026-09-16 21:53:54.097000","615","False","False",""
"1","1","Variable Chaser // Arc of Fortune","fra","Near Mint","English","","","2026-09-29 13:03:50.663000","47","False","False","0.06"
"1","1","Vedalken Archmage","fdc","Near Mint","English","","","2026-09-28 20:19:02.393000","82","False","False",""
"3","3","Velvetwing Butterflies // Gaze in Wonder","hob","Near Mint","English","","","2026-08-09 20:07:25.990000","30","False","False","0.10"
"1","1","Velvetwing Butterflies // Gaze in Wonder","hob","Near Mint","English","foil","","2026-08-09 20:07:25.990000","30","False","False","0.23"
"4","4","Vengeful Bloodwitch","fdn","Near Mint","English","","","2026-09-16 21:53:54.097000","76","False","False",""
"1","1","Vengeful Bloodwitch","fdn","Near Mint","English","","","2026-09-16 21:53:54.097000","325","False","False",""
"1","1","Vengeful Dead","fdc","Near Mint","English","","","2026-10-03 20:44:35.160000","132","False","False",""
"1","1","Venom Connoisseur","fdn","Near Mint","English","","","2026-09-16 21:53:54.097000","648","False","False",""
"1","1","Venomous Brutalizer","one","Near Mint","English","","","2026-05-27 15:24:38.060000","193","False","False","0.13"
"1","1","Venser, Fervent Forger","frc","Near Mint","English","","","2026-09-28 20:19:34.370000","9","False","False",""
"1","1","Verdant Kraken","fra","Near Mint","English","","","2026-10-06 01:05:27.830000","118","False","False","2.45"
"1","1","Vernal Sovereign","ecc","Near Mint","English","","","2026-08-02 17:58:36.490000","135","False","False",""
"1","1","Veteran Guardmouse","blb","Near Mint","English","","","2026-07-22 22:57:50.160000","237","False","False","0.05"
"1","1","Veyran, Voice of Duality","soc","Near Mint","English","","","2026-05-03 23:10:23.627000","337","False","False",""
"1","1","Viashino Pyromancer","fdn","Near Mint","English","","","2026-09-16 21:53:54.097000","634","False","False",""
"1","1","Vigorbloom Annex","fra","Near Mint","English","","","2026-09-29 13:03:50.663000","194","False","False","0.16"
"2","2","Vigorbloom Charm","fra","Near Mint","English","","","2026-10-06 01:05:27.830000","160","False","False","0.28"
"1","1","Vigorbloom Vanguard // Seed Suture","fra","Near Mint","English","","","2026-10-06 01:05:27.830000","161","False","False","0.02"
"1","1","Vigorbloom Vanguard // Seed Suture","fra","Near Mint","English","foil","","2026-10-04 19:55:44.163000","161","False","False","0.25"
"1","1","Vigorbloom Vanguard // Seed Suture","fra","Near Mint","English","","","2026-09-26 20:04:24.937000","161","False","False","0.08"
"1","1","Vikya, Scorching Stalwart","slx","Near Mint","English","","","2026-05-27 15:24:38.060000","11","False","False","0.25"
"1","1","Vile Entomber","fdn","Near Mint","English","","","2026-09-16 21:53:54.097000","616","False","False",""
"1","1","Village Messenger // Moonrise Intruder","soi","Near Mint","English","","","2026-08-02 17:59:49.867000","190","False","False",""
"1","1","Village Watch // Village Reavers","mid","Near Mint","English","","","2026-08-02 17:59:49.867000","165","False","False",""
"1","1","Vindictive Triumph","fra","Near Mint","English","","","2026-09-26 20:04:24.937000","162","False","False","0.70"
"1","1","Vinelasher Adept","fra","Near Mint","English","","","2026-09-29 13:03:50.663000","119","False","False","0.05"
"2","2","Vinelasher Adept","fra","Near Mint","English","","","2026-09-26 20:04:24.937000","119","False","False","0.03"
"2","2","Vinelasher Adept","fra","Near Mint","English","","","2026-10-06 01:05:27.830000","119","False","False","0.02"
"1","1","Vinereap Mentor","blb","Near Mint","English","","","2026-05-14 23:46:10.743000","238","False","False","0.24"
"1","1","Violent Echoes","fra","Near Mint","English","","","2026-09-26 20:04:24.937000","95","False","False","0.10"
"1","1","Violent Echoes","fra","Near Mint","English","","","2026-09-29 13:03:50.663000","95","False","False","0.15"
"1","1","Viral Spawning","one","Near Mint","English","","","2026-05-27 15:24:38.060000","194","False","False","0.07"
"1","1","Viridescent Bog","blc","Near Mint","English","","","2026-05-03 23:10:57.657000","352","False","False",""
"1","1","Visionary's Dance","sos","Near Mint","English","","","2026-07-22 22:57:50.160000","242","False","False","0.08"
"1","1","Vivisection Evangelist","one","Near Mint","English","","","2026-05-27 15:24:38.060000","220","False","False","0.03"
"1","1","Vizier of the Menagerie","fdn","Near Mint","English","","","2026-09-16 21:53:54.097000","649","False","False",""
"3","3","Void Extrapolator // Omit Variables","fra","Near Mint","English","","","2026-10-06 01:05:27.830000","70","False","False","0.05"
"2","2","Void Extrapolator // Omit Variables","fra","Near Mint","English","","","2026-09-26 20:04:24.937000","70","False","False","0.09"
"1","1","Void Extrapolator // Omit Variables","fra","Near Mint","English","foil","","2026-10-04 19:55:44.163000","70","False","False","0.22"
"1","1","Volatile Arsonist // Dire-Strain Anarchist","vow","Near Mint","English","","","2026-08-02 17:59:49.867000","181","False","False",""
"1","1","Volcanic Salvo","soc","Near Mint","English","","","2026-05-03 23:10:23.627000","259","False","False",""
"1","1","Volcanic Torrent","soc","Near Mint","English","","","2026-05-03 23:10:23.627000","260","False","False",""
"1","1","Voldaren Stinger","mid","Near Mint","English","","","2026-08-27 18:34:51.423000","167","False","False","0.06"
"1","1","Volley Veteran","fdn","Near Mint","English","","","2026-05-03 23:09:59.423000","550","False","False",""
"1","1","Voracious Greatshark","fdn","Near Mint","English","","","2026-09-16 21:53:54.097000","600","False","False",""
"1","1","Vow to Erebor","hob","Near Mint","English","","","2026-09-13 18:27:39.270000","31","False","False","0.04"
"1","1","Vow to Erebor","hob","Near Mint","English","","","2026-10-04 20:00:42.057000","31","False","False","0.05"
"3","3","Vow to Erebor","hob","Near Mint","English","","","2026-08-09 20:07:25.990000","31","False","False","0.16"
"2","2","Vow to Erebor","hob","Near Mint","English","foil","","2026-08-19 19:32:37.887000","31","False","False",""
"1","1","Vraska, Soul of Stone","fra","Near Mint","English","","","2026-10-06 01:05:27.830000","277","False","False","0.49"
"1","1","Vraska, the Cutting Glare","fra","Near Mint","English","","","2026-10-06 01:05:27.830000","278","False","False","0.27"
"1","1","Vulpikeet","iko","Near Mint","English","","","2026-05-30 18:24:46.773000","282","False","False","0.08"
"1","1","Wake the Past","eoc","Near Mint","English","","","2026-05-03 23:09:49.723000","128","False","False",""
"1","1","Wake to Slaughter","mid","Near Mint","English","foil","","2026-09-04 12:19:14.813000","250","False","False","0.26"
"1","1","Walking Sarcophagus","dft","Near Mint","English","","","2026-05-03 23:08:48.333000","246","False","False","0.07"
"1","1","Wanderbrine Trapper","ecl","Near Mint","English","","","2026-05-03 23:08:48.333000","42","False","False","0.06"
"2","2","War Room","fdc","Near Mint","English","","","2026-10-06 20:32:58.363000","317","False","False",""
"1","1","Wardens of the Cycle","fdn","Near Mint","English","","","2026-09-16 21:53:54.097000","125","False","False",""
"2","2","Warg Tactics","hob","Near Mint","English","","","2026-08-09 20:07:25.990000","139","False","False","0.15"
"1","1","Warg Tactics","hob","Near Mint","English","","","2026-09-13 18:27:39.270000","139","False","False","0.08"
"3","3","Wargling","hob","Near Mint","English","","","2026-08-09 20:07:25.990000","140","False","False","0.18"
"1","1","Wargling","hob","Near Mint","English","","","2026-10-04 20:00:42.057000","140","False","False","0.06"
"3","3","Warren Elder","blb","Near Mint","English","","","2026-05-03 23:10:07.997000","37","False","False",""
"2","2","Warren Elder","blb","Near Mint","English","","","2026-09-26 20:04:24.937000","37","False","False","0.06"
"1","1","Warrior's Blades","fra","Near Mint","English","","","2026-10-06 01:05:27.830000","163","False","False","0.12"
"1","1","Warstorm Surge","fdc","Near Mint","English","","","2026-10-06 20:32:58.363000","186","False","False",""
"1","1","Wary Farmer","ecl","Near Mint","English","","","2026-05-30 18:24:46.773000","251","False","False","0.16"
"3","3","Waterspout Warden","blb","Near Mint","English","","","2026-05-03 23:10:15.600000","80","False","False",""
"1","1","Waterspout Warden","blb","Near Mint","English","","","2026-07-22 22:57:50.160000","80","False","False","0.05"
"1","1","Wax-Wane Witness","blb","Near Mint","English","","","2026-07-22 22:57:50.160000","39","False","False","0.03"
"2","2","Way of the Cryomancer","fra","Near Mint","English","","","2026-10-06 01:05:27.830000","223","False","False","0.02"
"1","1","Way of the Deathbringer","fra","Near Mint","English","","","2026-09-26 20:04:24.937000","238","False","False","0.19"
"1","1","Way of the Healer","fra","Near Mint","English","foil","","2026-10-04 19:55:44.163000","207","False","False","0.24"
"1","1","Way of the Healer","fra","Near Mint","English","","","2026-10-06 01:05:27.830000","207","False","False","0.13"
"1","1","Way of the Healer","fra","Near Mint","English","","","2026-09-26 20:04:24.937000","207","False","False","0.15"
"2","2","Way of the Mentor","fra","Near Mint","English","","","2026-10-06 01:05:27.830000","208","False","False","0.02"
"1","1","Way of the Mind Sculptor","fra","Near Mint","English","","","2026-10-06 01:05:27.830000","224","False","False","0.02"
"1","1","Way of the Necromancer","fra","Near Mint","English","","","2026-10-06 01:05:27.830000","239","False","False","0.02"
"1","1","Way of the Necromancer","fra","Near Mint","English","foil","","2026-10-04 19:55:44.163000","239","False","False","0.23"
"1","1","Way of the Paradox","fra","Near Mint","English","","","2026-09-26 20:04:24.937000","267","False","False","0.07"
"1","1","Way of the Paradox","fra","Near Mint","English","","","2026-10-06 01:05:27.830000","267","False","False","0.10"
"1","1","Way of the Pyromancer","fra","Near Mint","English","","","2026-10-06 01:05:27.830000","254","False","False","0.02"
"1","1","Way of the Pyromancer","fra","Near Mint","English","","","2026-09-26 20:04:24.937000","254","False","False","0.09"
"2","2","Way of the Warlord","fra","Near Mint","English","","","2026-10-06 01:05:27.830000","255","False","False","0.02"
"1","1","Way of the Warlord","fra","Near Mint","English","foil","","2026-10-06 01:05:27.830000","255","False","False","0.28"
"1","1","Way of the Wildspeaker","fra","Near Mint","English","","","2026-09-26 20:04:24.937000","268","False","False","0.19"
"1","1","Wear Down","blb","Near Mint","English","","","2026-05-14 23:46:10.743000","203","False","False","0.12"
"1","1","Weatherlight","sld","Near Mint","English","","","2026-05-07 23:06:01.447000","2100","False","False",""
"1","1","Weaver of Blossoms // Blossom-Clad Werewolf","vow","Near Mint","English","","","2026-08-02 17:59:49.867000","226","False","False",""
"1","1","Weftblade Enhancer","eoe","Near Mint","English","","","2026-06-05 12:15:46.160000","44","False","False","0.07"
"2","2","Well-Worn Spatula","hob","Near Mint","English","","","2026-08-27 18:34:51.423000","180","False","False","0.02"
"2","2","Well-Worn Spatula","hob","Near Mint","English","","","2026-08-09 20:07:25.990000","180","False","False","0.16"
"1","1","Werewolf Pack Leader","afr","Near Mint","English","","","2026-08-02 17:59:49.867000","211","False","False",""
"1","1","West Wind Avatar","tmt","Near Mint","English","","","2026-07-13 23:07:19.073000","137","False","False","0.08"
"3","3","Whiplash Wordsmith // Vicious Verse","fra","Near Mint","English","","","2026-09-26 20:04:24.937000","164","False","False","0.07"
"3","3","Whiplash Wordsmith // Vicious Verse","fra","Near Mint","English","","","2026-10-06 01:05:27.830000","164","False","False","0.08"
"1","1","Whirler Rogue","fdc","Near Mint","English","","","2026-09-28 20:19:02.393000","83","False","False",""
"1","1","Whirlwind of Thought","frc","Near Mint","English","","","2026-09-28 20:19:34.370000","51","False","False",""
"1","1","Whiskerquill Scribe","blb","Near Mint","English","","","2026-07-22 22:57:50.160000","161","False","False","0.05"
"1","1","Whiskervale Forerunner","blb","Near Mint","English","foil","","2026-08-02 17:45:48.183000","301","False","False","0.77"
"1","1","White Sun's Twilight","frc","Near Mint","English","","","2026-09-28 20:19:34.370000","38","False","False",""
"1","1","Wick's Patrol","blb","Near Mint","English","","","2026-05-23 19:17:58.147000","121","False","False","0.16"
"1","1","Wight of Precinct Six","fdc","Near Mint","English","","","2026-10-03 20:44:35.160000","133","False","False",""
"1","1","Wild Unraveling","ecl","Near Mint","English","","","2026-05-30 18:24:46.773000","84","False","False","0.07"
"1","1","Wildborn Preserver","fdn","Near Mint","English","","","2026-09-16 21:53:54.097000","650","False","False",""
"2","2","Wilderland Scrounger","hob","Near Mint","English","","","2026-08-27 18:34:51.423000","141","False","False","0.03"
"1","1","Wildheart Invoker","fdn","Near Mint","English","","","2026-05-03 23:09:59.423000","561","False","False",""
"2","2","Wildwood Scourge","fdn","Near Mint","English","","","2026-09-16 21:53:54.097000","236","False","False",""
"1","1","Wilt-Leaf Liege","fdn","Near Mint","English","","","2026-09-16 21:53:54.097000","668","False","False",""
"1","1","Windcrag Siege","frc","Near Mint","English","","","2026-09-28 20:19:34.370000","52","False","False",""
"1","1","Windgrace's Judgment","blc","Near Mint","English","","","2026-05-03 23:10:57.657000","263","False","False",""
"1","1","Wind-Scarred Crag","fdn","Near Mint","English","","","2026-09-16 22:48:19.077000","271","False","False","0.08"
"2","2","Wind-Scarred Crag","fdn","Near Mint","English","","","2026-09-16 21:53:54.097000","271","False","False",""
"1","1","Winota, Joiner of Forces","iko","Near Mint","English","","","2026-05-23 19:17:58.147000","349","False","False","12.89"
"1","1","Winter, Team Player","fra","Near Mint","English","","","2026-10-06 01:05:27.830000","256","False","False","0.19"
"1","1","Winter, Tormented Loner","fra","Near Mint","English","","","2026-10-06 01:05:27.830000","240","False","False","0.14"
"1","1","Winterthorn Blessing","mid","Near Mint","English","","","2026-08-02 17:45:48.183000","251","False","False","0.05"
"1","1","Wishclaw Talisman","fdn","Near Mint","English","","","2026-09-16 21:53:54.097000","617","False","False",""
"1","1","Wistfulness","ecl","Near Mint","English","","","2026-05-30 18:24:46.773000","252","False","False","11.75"
"1","1","Witch's Cottage","fdc","Near Mint","English","","","2026-10-03 20:44:35.160000","319","False","False",""
"1","1","Withering Torment","fdc","Near Mint","English","","","2026-10-03 20:44:35.160000","134","False","False",""
"1","1","Witness Protection","fdn","Near Mint","English","","","2026-09-16 21:53:54.097000","168","False","False",""
"1","1","Witness Protection","fdn","Near Mint","English","foil","","2026-09-16 22:48:19.077000","168","False","False","0.14"
"1","1","Woe Strider","blc","Near Mint","English","","","2026-05-03 23:10:57.657000","189","False","False",""
"2","2","Wolf","thob","Near Mint","English","","","2026-08-09 20:07:25.990000","9","False","False",""
"1","1","Wolf Strike","vow","Near Mint","English","","","2026-08-02 17:59:49.867000","228","False","False",""
"1","1","Wolf Strike","vow","Near Mint","English","","","2026-09-29 13:03:59.330000","228","False","False","0.03"
"1","1","Wolfkin Outcast // Wedding Crasher","vow","Near Mint","English","","","2026-08-02 17:59:49.867000","229","False","False",""
"1","1","Wolfwillow Haven","blc","Near Mint","English","","","2026-05-03 23:10:57.657000","246","False","False",""
"3","3","Wood Elves","hob","Near Mint","English","","","2026-08-09 20:07:25.990000","142","False","False","0.11"
"1","1","Wood Elves","hob","Near Mint","English","","","2026-09-13 18:27:39.270000","142","False","False","0.07"
"1","1","Woodland Cemetery","blc","Near Mint","English","","","2026-05-03 23:10:57.657000","354","False","False",""
"1","1","Worm","tecl","Near Mint","English","","","2026-05-30 18:24:46.773000","9","False","False",""
"2","2","Wrath of the Bloodmane","fra","Near Mint","English","","","2026-10-06 01:05:27.830000","96","False","False","0.06"
"1","1","Wrath of the Bloodmane","fra","Near Mint","English","foil","","2026-09-26 20:04:24.937000","96","False","False",""
"2","2","Wrath of the Bloodmane","fra","Near Mint","English","foil","","2026-10-06 01:05:27.830000","96","False","False","0.11"
"3","3","Wrecking Gecko","fra","Near Mint","English","","","2026-10-06 01:05:27.830000","120","False","False","0.09"
"2","2","Wrecking Gecko","fra","Near Mint","English","","","2026-09-26 20:04:24.937000","120","False","False","0.11"
"1","1","Yargle, Glutton of Urborg","fra","Near Mint","English","","","2026-10-06 01:05:27.830000","241","False","False","0.24"
"1","1","Yargle, Goliath of Otaria","fra","Near Mint","English","","","2026-10-06 01:05:27.830000","225","False","False","0.10"
"1","1","Yarok, the Desecrated","ecc","Near Mint","English","","","2026-08-02 17:58:36.490000","136","False","False",""
"1","1","Ygra, Eater of All","blb","Near Mint","English","","","2026-08-02 17:45:48.183000","241","False","False","8.15"
"1","1","Yoshimaru, Beloved Companion","fra","Near Mint","English","","","2026-10-06 01:05:27.830000","209","False","False","0.15"
"1","1","Yoshimaru, Beloved Companion","fra","Near Mint","English","","","2026-09-26 20:04:24.937000","209","False","False","0.13"
"2","2","Yoshimaru, Scrappy Stray","fra","Near Mint","English","foil","","2026-10-06 01:05:27.830000","269","False","False","0.02"
"2","2","Yoshimaru, Scrappy Stray","fra","Near Mint","English","","","2026-10-06 01:05:27.830000","269","False","False","0.17"
"1","1","Yoshimaru, Scrappy Stray","fra","Near Mint","English","","","2026-09-26 20:04:24.937000","269","False","False","0.18"
"1","1","Your Fate Ends Here","fra","Near Mint","English","","","2026-10-06 01:05:27.830000","24","False","False","0.15"
"2","2","Yuriko, Blade of the Mighty","fra","Near Mint","English","","","2026-10-06 01:05:27.830000","210","False","False","0.07"
"1","1","Yuriko, Hope from the Shadows","fra","Near Mint","English","foil","","2026-09-26 20:04:24.937000","226","False","False","0.88"
"2","2","Yuriko, Hope from the Shadows","fra","Near Mint","English","","","2026-10-06 01:05:27.830000","226","False","False","0.10"
"1","1","Zaffai and the Tempests","sos","Near Mint","English","","","2026-07-22 22:57:50.160000","246","False","False","0.15"
"1","1","Zenith Flare","iko","Near Mint","English","","","2026-05-23 19:17:58.147000","217","False","False","0.14"
"1","1","Zetalpa, Primal Dawn","fdn","Near Mint","English","","","2026-09-16 21:53:54.097000","584","False","False",""
"2","2","Zog, Triceraton Castaway","tmt","Near Mint","English","","","2026-07-13 23:07:19.073000","111","False","False","0.04"
"1","1","Zombie","tdrc","Near Mint","English","","","2026-09-25 12:22:21.450000","3","False","False","0.14"
"1","1","Zombie","tsoc","Near Mint","English","foil","","2026-09-04 12:19:14.813000","12","False","False",""
"1","1","Zombify","fdn","Near Mint","English","","","2026-09-16 21:53:54.097000","187","False","False",""
"1","1","Zombify","soa","Near Mint","English","","","2026-07-22 22:57:50.160000","36","False","False","0.10"
"1","1","Zombify","soa","Near Mint","English","","","2026-09-09 22:34:36.807000","36","False","False","0.09"
"1","1","Zoo Escapees","tmt","Near Mint","English","","","2026-07-13 23:07:19.073000","138","False","False","0.04"
"1","1","Zookeeper Mechan","eoe","Near Mint","English","foil","","2026-07-09 18:29:55.097000","170","False","False","0.25"
"1","1","Zopandrel, Hunger Dominus","one","Near Mint","English","","","2026-05-27 15:24:38.060000","195","False","False","9.52"
"1","1","Zul Ashur, Lich Lord","fdc","Near Mint","English","","","2026-10-03 20:44:35.160000","135","False","False",""
"1","1","Zulaport Cutthroat","blc","Near Mint","English","","","2026-05-03 23:10:57.657000","190","False","False",""
